Sw,Sg,So,f11,f13,f31,f33,discriminant
0.38000000000000017,0.17200000000000001,0.44799999999999984,0.856988262643751,-0.38014814403882907,0.30253444706106514,1.5349669046646006,-0.0003765951958739078
0.38100000000000017,0.17200000000000001,0.44699999999999973,0.8586491551624814,-0.38430368185318353,0.2927001664770883,1.5288783389833436,-0.0007358477795601504
0.3820000000000002,0.17200000000000001,0.44599999999999984,0.8602788893203622,-0.388471694750814,0.2828920525411125,1.5228322001398298,-0.0006053306508911893
0.37800000000000017,0.17300000000000001,0.44899999999999984,0.8494684155207093,-0.3693691574465269,0.3161058645336575,1.5326271997068082,-0.0003331029761833859
0.37900000000000017,0.17300000000000001,0.44799999999999973,0.8511787270656277,-0.3734612981446913,0.3062629684033895,1.5264955377212956,-0.0014566682601624414
0.38000000000000017,0.17300000000000001,0.44699999999999984,0.852858027489156,-0.37756631614302133,0.2964451133446834,1.5204055046768186,-0.0020911232369971167
0.38100000000000017,0.17300000000000001,0.44599999999999973,0.8545063969878512,-0.3816839035121921,0.28665311956745443,1.5143576184852598,-0.002239892010190425
0.3820000000000002,0.17300000000000001,0.44499999999999984,0.8561239199739328,-0.3858137509323897,0.2768878000448706,1.5083523867885578,-0.0019065099675597552
0.3830000000000002,0.17300000000000001,0.44399999999999973,0.857710685045182,-0.38995554777020247,0.267149960378696,1.5023903069014364,-0.0010946217083259713
0.37700000000000017,0.17400000000000002,0.44899999999999973,0.8436731458567123,-0.3628439532361116,0.3197997888685449,1.5242798080482187,-0.0009242499290832984
0.37800000000000017,0.17400000000000002,0.44799999999999984,0.8454013200162177,-0.36688608995359534,0.309973640060957,1.5181470893525504,-0.002313197002656475
0.37900000000000017,0.17400000000000002,0.44699999999999973,0.8470987110412774,-0.37094118886606253,0.30017223310976177,1.5120557201762863,-0.0032171560594873028
0.38000000000000017,0.17400000000000002,0.44599999999999984,0.8487653963613855,-0.3750089470606087,0.2903963851312723,1.506006218398314,-0.0036394723213641345
0.38100000000000017,0.17400000000000002,0.44499999999999973,0.8504014575752225,-0.37908906021178923,0.28064690610814186,1.4999990917059554,-0.0035836012832814457
0.3820000000000002,0.17400000000000002,0.44399999999999984,0.8520069804222177,-0.3831812226545283,0.2709245987393631,1.494034837559058,-0.0030531066288234654
0.3830000000000002,0.17400000000000002,0.4429999999999997,0.8535820547522488,-0.38728512745793925,0.26123025830825186,1.488113943150624,-0.0020516581447186932
0.3840000000000002,0.17400000000000002,0.44199999999999984,0.8551267744966295,-0.3914004664993087,0.251564672549094,1.4822368853699526,-0.0005830296022933945
0.37600000000000017,0.17500000000000002,0.44899999999999984,0.8379100273235306,-0.3564277536808604,0.3234759568936316,1.5160530464652244,-0.0013052803308440386
0.37700000000000017,0.17500000000000002,0.44799999999999973,0.8396557556058858,-0.3604204831990156,0.3136665724475638,1.5099194002276892,-0.002954077118016707
0.37800000000000017,0.17500000000000002,0.44699999999999984,0.8413709264576735,-0.36442625562436715,0.3038816336806658,1.5038268246674,-0.0041219665881869205
0.37900000000000017,0.17500000000000002,0.44599999999999973,0.8430556146108223,-0.3684447729889828,0.29412195462079593,1.4977758375943386,-0.004812216821754978
0.38000000000000017,0.17500000000000002,0.44499999999999984,0.8447098989201853,-0.3724757358886621,0.28438834224892645,1.4917669467268118,-0.005028205113075501
0.38100000000000017,0.17500000000000002,0.44399999999999973,0.8463338623361102,-0.37651884355525894,0.2746815963644816,1.48580064964935,-0.004773415959551663
0.3820000000000002,0.17500000000000002,0.44299999999999984,0.8479275918765624,-0.38057379392998936,0.26500250944413567,1.4798774337667577,-0.0040514390154473
0.3830000000000002,0.17500000000000002,0.4419999999999997,0.8494911785964363,-0.384640283735122,0.2553518665105369,1.4739977762752443,-0.0028659670032630258
0.3840000000000002,0.17500000000000002,0.44099999999999984,0.8510247175587369,-0.38871800854827604,0.24573044500423508,1.468162144116239,-0.001220793628895489
0.37500000000000017,0.176,0.4489999999999998,0.8321787692862861,-0.3501185740547359,0.32713448239944887,1.5079448022326285,-0.001483702723279412
0.37600000000000017,0.176,0.4479999999999999,0.8339417496075728,-0.35406248503075577,0.31734187692950083,1.501810356093977,-0.0033869386698418547
0.37700000000000017,0.176,0.4469999999999998,0.8356743959186778,-0.35801951555952083,0.3075734239796521,1.4957167023977462,-0.004813306666504036
0.37800000000000017,0.176,0.4459999999999999,0.8373767803267607,-0.36198937254595875,0.2978299344853012,1.489664358863582,-0.005765999325522797
0.37900000000000017,0.176,0.4449999999999998,0.8390489790109861,-0.36597176143640364,0.2881122124274931,1.4836538332156608,-0.0062483174294857835
0.38000000000000017,0.176,0.4439999999999999,0.8406910722020615,-0.36996638628985096,0.2784210547006724,1.4776856231384259,-0.0062636679758462654
0.38100000000000017,0.176,0.4429999999999998,0.8423031441536127,-0.37397294985020957,0.2687572509723492,1.4717602162284713,-0.005815562173996425
0.3820000000000002,0.176,0.4419999999999999,0.8438852831148065,-0.3779911536179159,0.25912158355008685,1.465878089955924,-0.004907613411502254
0.3830000000000002,0.176,0.4409999999999998,0.8454375812997845,-0.3820206979208403,0.2495148272549045,1.4600397116352912,-0.003543535185122959
0.3840000000000002,0.176,0.4399999999999999,0.8469601348580196,-0.38606128198604134,0.23993774929010878,1.4542455383928359,-0.0017271390046944002
0.37400000000000017,0.177,0.4489999999999999,0.8264790828906913,-0.34391447185364954,0.3307754800315343,1.4999530065869895,-0.001466772169842756
0.37500000000000017,0.177,0.4479999999999998,0.8282590194500395,-0.34781014494237616,0.32099966577589073,1.493817886668548,-0.003619155386683115
0.37600000000000017,0.177,0.4469999999999999,0.8300088431466416,-0.3517190102754845,0.3112477138798494,1.487723281591657,-0.005298668966269293
0.37700000000000017,0.177,0.4459999999999998,0.8317286235233834,-0.35564077955899914,0.301520432180219,1.4816697089708373,-0.006508431661543135
0.37800000000000017,0.177,0.4449999999999999,0.8334184341565946,-0.3595751630200814,0.29181862166240047,1.475657676511533,-0.007251669405567096
0.37900000000000017,0.177,0.4439999999999998,0.8350783526236769,-0.36352186947686194,0.2821430763103999,1.469687681967193,-0.00753171335141084
0.38000000000000017,0.177,0.4429999999999999,0.8367084604823238,-0.3674806064076896,0.2724945829765435,1.4637602131053777,-0.007351997912479202
0.38100000000000017,0.177,0.4419999999999998,0.838308843242671,-0.3714510800235353,0.2628739212516359,1.4578757476517854,-0.0067160587966749175
0.3820000000000002,0.177,0.4409999999999999,0.8398795903391844,-0.3754329953373755,0.2532818633296995,1.4520347532634719,-0.005627530963142391
0.3830000000000002,0.177,0.4399999999999998,0.8414207950998888,-0.37942605623450015,0.24371917388332234,1.4462376874978404,-0.004090146571202102
0.3840000000000002,0.177,0.4389999999999999,0.8429325547176572,-0.38342996554298786,0.23418660994344034,1.4404849977836174,-0.00210773291087224
0.37300000000000016,0.178,0.4489999999999998,0.8208106810510212,-0.3378135457547556,0.33439906524034857,1.4920756336523937,-0.0012614991127490316
0.37400000000000017,0.178,0.4479999999999999,0.8226072842212766,-0.34166155372884655,0.32464005211536706,1.4859399645628018,-0.0036578536243281334
0.37500000000000017,0.178,0.4469999999999998,0.8243739934016604,-0.3455228227938678,0.31490461416167237,1.4798445333805912,-0.005585296003548235
0.37600000000000017,0.178,0.4459999999999999,0.8261108756431549,-0.3493970693879237,0.3051935561253618,1.4737898575863944,-0.007046872774089774
0.37700000000000017,0.178,0.4449999999999998,0.827818001978161,-0.35328400844956404,0.29550767598394595,1.4677764448493464,-0.008045736594781305
0.37800000000000017,0.178,0.4439999999999999,0.8294954474024923,-0.35718335348697333,0.28584776481355495,1.4618047929786004,-0.008585144388558674
0.37900000000000017,0.178,0.4429999999999998,0.8311432908439587,-0.3610948166473365,0.27621460665126324,1.4558753898779764,-0.008668455412766563
0.38000000000000017,0.178,0.4419999999999999,0.8327616151406327,-0.3650181087863899,0.2666089783610498,1.4499887135033585,-0.008299129314017939
0.38100000000000017,0.178,0.4409999999999998,0.8343505070128827,-0.36895293953696945,0.25703164950696267,1.4441452318324985,-0.007480724140688677
0.3820000000000002,0.178,0.4399999999999999,0.8359100570357638,-0.37289901737849024,0.24748338222573718,1.4383454028305913,-0.006216894334997447
0.3830000000000002,0.178,0.4389999999999998,0.8374403596079809,-0.37685604970610015,0.23796493110328668,1.4325896744220552,-0.004511388693013485
0.3840000000000002,0.178,0.4379999999999999,0.8389415129232948,-0.3808237429013842,0.22847704305868702,1.4268784844529991,-0.002368048327079264
0.37200000000000016,0.179,0.4489999999999999,0.8151732784430378,-0.33181393460410935,0.33800535423951383,1.484310699415067,-0.0008746578847767528
0.37300000000000016,0.179,0.4479999999999998,0.8169862646581061,-0.33561484247319584,0.32826314988412864,1.4781746042499913,-0.0035099209401935894
0.37400000000000017,0.179,0.4469999999999999,0.8187695734866477,-0.3394290765415481,0.31854423646931723,1.4720784707477717,-0.00568018884910565
0.37500000000000017,0.179,0.4459999999999998,0.8205232695519787,-0.34325635790965814,0.3088494156429673,1.466022816241509,-0.007388437448135554
0.37600000000000017,0.179,0.4449999999999999,0.8222474214138088,-0.3470964061597351,0.29917948238046677,1.460008148340696,-0.008637747713647725
0.37700000000000017,0.179,0.4439999999999998,0.8239421015452006,-0.35094893942394306,0.2895352248444933,1.454034964880272,-0.009431303914402389
0.37800000000000017,0.179,0.4429999999999999,0.8256073863139421,-0.3548136744516098,0.27991742425153,1.4481037538831436,-0.009772391730011654
0.37900000000000017,0.179,0.4419999999999998,0.8272433559509507,-0.35869032667818285,0.27032685473680823,1.4422149935120172,-0.00966439633718591
0.38000000000000017,0.179,0.4409999999999999,0.8288500945291071,-0.3625786102925527,0.2607642832292055,1.4363691520392736,-0.009110800470674696
0.38100000000000017,0.179,0.4399999999999998,0.8304276899343962,-0.3664782383053974,0.2512304693206446,1.4305666878118735,-0.008115182447689384
0.3820000000000002,0.179,0.4389999999999999,0.8319762338392441,-0.37038892261782513,0.24172616515013465,1.4248080492174242,-0.006681214189398765
0.3830000000000002,0.179,0.4379999999999998,0.8334958216707301,-0.3743103740891321,0.23225211527721001,1.419093674660943,-0.00481265918287177
0.3840000000000002,0.179,0.4369999999999999,0.8349865525820956,-0.3782423026048243,0.22280905656990077,1.4134239925423682,-0.0025133704450374106
0.37100000000000016,0.18,0.4489999999999998,0.8095665914961507,-0.3259138164359645,0.34159446396336374,1.4766562607080356,-0.0003127949255677387
0.37200000000000016,0.18,0.4479999999999999,0.8113956831414013,-0.32966818156329925,0.3318690737884799,1.4705198610560397,-0.003182014380130327
0.37300000000000016,0.18,0.4469999999999998,0.8131953117384515,-0.33343593436266805,0.322166693256962,1.4644231475456133,-0.005590115416585106
0.37400000000000017,0.18,0.4459999999999999,0.8149655395466585,-0.33721680052946096,0.31248812092075784,1.458366637338738,-0.007540004721391991
0.37500000000000017,0.18,0.4449999999999998,0.8167064327170457,-0.3410105042228081,0.30283414875083653,1.4523508379623864,-0.009034693125927584
0.37600000000000017,0.18,0.4439999999999999,0.8184180612692646,-0.3448167681327234,0.29320556199335335,1.446376247256345,-0.010077293792163211
0.37700000000000017,0.18,0.4429999999999998,0.8201004990691894,-0.3486353135460093,0.283603139039673,1.440443353336621,-0.010671020366251505
0.37800000000000017,0.18,0.4419999999999999,0.8217538238099589,-0.35246586041332884,0.2740276512945241,1.4345526345528434,-0.010819185114378682
0.37900000000000017,0.18,0.4409999999999998,0.8233781169802724,-0.3563081274164659,0.26447986304386095,1.4287045594483392,-0.0105251970110401
0.38000000000000017,0.18,0.4399999999999999,0.8249734638431321,-0.3601618320359216,0.2549605313330225,1.4228995867213414,-0.009792559826846015
0.38100000000000017,0.18,0.4389999999999998,0.8265399534071896,-0.36402669061687787,0.24547040584137547,1.4171381652036805,-0.00862487015405855
0.3820000000000002,0.18,0.4379999999999999,0.8280776783993684,-0.36790241843689486,0.23601022876381916,1.4114207338280584,-0.007025815435335758
0.3830000000000002,0.18,0.4369999999999998,0.8295867352343583,-0.3717887297728253,0.22658073469789192,1.4057477216051513,-0.004999171961525994
0.3840000000000002,0.18,0.4359999999999999,0.8310672239852293,-0.37568533796803666,0.21718265052718674,1.400119547601038,-0.002548802843849507
0.37100000000000016,0.181,0.4479999999999998,0.8058352636900632,-0.3238197797366477,0.3354579392628057,1.462973830164031,-0.0026805684645046512
0.37200000000000016,0.181,0.4469999999999999,0.8076509380255161,-0.32754159756334705,0.32577209775797256,1.4568766574864747,-0.0053216185552375506
0.37300000000000016,0.181,0.4459999999999998,0.8094374213490771,-0.33127659122415004,0.3161097829708807,1.450819413141887,-0.0075082260246849275
0.37400000000000017,0.181,0.4449999999999999,0.8111947774651026,-0.3350244893892092,0.30647178386260016,1.444802604553449,-0.009243333055454939
0.37500000000000017,0.181,0.4439999999999998,0.8129230740033341,-0.33878501924071336,0.2968588827633273,1.4388267295497559,-0.01052998320862819
0.37600000000000017,0.181,0.4429999999999999,0.814622382396593,-0.34255790653854856,0.2872718552396322,1.4328922763197371,-0.011371319621597653
0.37700000000000017,0.181,0.4419999999999998,0.8162927778568958,-0.34634287568630345,0.27771146995590845,1.4269997233691056,-0.011770583165545967
0.37800000000000017,0.181,0.4409999999999999,0.8179343393574439,-0.35013964979680817,0.2681784885552158,1.4211495394851068,-0.011731110597985872
0.37900000000000017,0.181,0.4399999999999998,0.8195471496004296,-0.3539479507578143,0.2586736655265639,1.4153421837039164,-0.011256332650183332
0.38000000000000017,0.181,0.4389999999999999,0.8211312949953834,-0.3577674992990831,0.2491977480835894,1.4095781052697223,-0.010349772129270851
0.38100000000000017,0.181,0.4379999999999998,0.8226868656316875,-0.36159801505715833,0.23975147605249328,1.4038577436171547,-0.009015041972022797
0.3820000000000002,0.181,0.4369999999999999,0.8242139552500979,-0.36543921664210344,0.23033558174735103,1.3981815283400956,-0.007255843275398688
0.3830000000000002,0.181,0.4359999999999998,0.8257126612125365,-0.369290821703229,0.220950789862734,1.3925498791721032,-0.005075963313404819
0.3840000000000002,0.181,0.4349999999999999,0.8271830844731489,-0.37315254699478423,0.21159781736350047,1.3869632059697874,-0.00247927352811822
0.37000000000000016,0.182,0.4479999999999999,0.8003047319490446,-0.3180678831426792,0.3390298624275208,1.4555346456812135,-0.0020118028084356587
0.37100000000000016,0.182,0.4469999999999998,0.8021361837426898,-0.3217443049725824,0.3293605639354515,1.4494371332066698,-0.00488102373818855
0.37200000000000016,0.182,0.4459999999999999,0.803938652102892,-0.32543396160062493,0.3197145135767711,1.4433792748464134,-0.007299532923399132
0.37300000000000016,0.182,0.4449999999999998,0.8057121985538916,-0.3291365861430258,0.3100924973043203,1.4373615778990025,-0.009270205378173912
0.37400000000000017,0.182,0.4439999999999999,0.8074568883971838,-0.33285191021059657,0.30049529453079127,1.4313845401556693,-0.010796016546620824
0.37500000000000017,0.182,0.4429999999999998,0.809172790694162,-0.3365796639734068,0.2909236779891923,1.4254486498535979,-0.011880040535338976
0.37600000000000017,0.182,0.4419999999999999,0.8108599782441279,-0.34031957622482367,0.28137841360750115,1.4195543856393016,-0.012525448316710208
0.37700000000000017,0.182,0.4409999999999998,0.8125185275603796,-0.34407137444683156,0.27186026037405203,1.4137022165249262,-0.012735505900473565
0.37800000000000017,0.182,0.4399999999999999,0.8141485188517064,-0.3478347848757177,0.26236997021829966,1.4078926018456372,-0.012513572504618986
0.37900000000000017,0.182,0.4389999999999998,0.8157500359907814,-0.35160953256536776,0.25290828788671654,1.4021259912416686,-0.011863098646633041
0.38000000000000017,0.182,0.4379999999999999,0.8173231664921676,-0.35539534145301005,0.2434759508220963,1.3964028246224085,-0.010787624251824168
0.38100000000000017,0.182,0.4369999999999998,0.8188680014843667,-0.35919193442407216,0.2340736890508605,1.3907235321416245,-0.009290776728535455
0.3820000000000002,0.182,0.4359999999999999,0.8203846356822243,-0.3629990333775423,0.22470222506888843,1.3850885341715027,-0.007376269022168647
0.3830000000000002,0.182,0.4349999999999998,0.8218731673561509,-0.3668163592905778,0.21536227373203207,1.3794982412859405,-0.005047897640496124
0.3840000000000002,0.182,0.4339999999999999,0.823333698303708,-0.37064363228219366,0.20605454215293634,1.3739530542538703,-0.0023095406602632873
0.36900000000000016,0.183,0.4479999999999998,0.794803815184761,-0.3124107744497693,0.34258496005974737,1.4482004796708146,-0.0011817295869352984
0.37000000000000016,0.183,0.4469999999999999,0.7966507818018638,-0.31604233204576915,0.3329322064486169,1.4421027453156565,-0.004274446552846867
0.37100000000000016,0.183,0.4459999999999998,0.7984689703721268,-0.3196871799983238,0.3233024252631071,1.4360443916249759,-0.006920144690178265
0.37200000000000016,0.183,0.4449999999999999,0.8002584401979812,-0.323345055805439,0.3136963994482171,1.4300259257548875,-0.009121633277527963
0.37300000000000016,0.183,0.4439999999999998,0.8020192543175557,-0.3270156954431586,0.3041149054929028,1.4240478454402856,-0.010881821083439991
0.37400000000000017,0.183,0.4429999999999999,0.8037514794820322,-0.3306988334289947,0.2945587132981147,1.4181106389487412,-0.01220371463548775
0.37500000000000017,0.183,0.4419999999999998,0.8054551861387662,-0.33439420288546773,0.2850285860462605,1.4122147850380995,-0.013090416465565136
0.37600000000000017,0.183,0.4409999999999999,0.807130448408253,-0.3381015356035919,0.27552528007085575,1.406360752918917,-0.013545123314321117
0.37700000000000017,0.183,0.4399999999999998,0.808777344061356,-0.3418205621072107,0.26604954473612047,1.4005490022135234,-0.013571124328107087
0.37800000000000017,0.183,0.4389999999999999,0.8103959544995214,-0.345551011716268,0.2566021223103878,1.3947799829284138,-0.013171799208803736
0.37900000000000017,0.183,0.4379999999999998,0.8119863647236252,-0.34929261261112804,0.2471837478494905,1.3890541354210362,-0.012350616347755583
0.38000000000000017,0.183,0.4369999999999999,0.8135486633125231,-0.35304509189605493,0.23779514908420082,1.38337189037728,-0.011111130940977487
0.38100000000000017,0.183,0.4359999999999998,0.8150829423939798,-0.356808175663761,0.22843704630093747,1.377733668782935,-0.00945698307260362
0.3820000000000002,0.183,0.4349999999999999,0.8165892976182444,-0.3605815890584374,0.21911015224054126,1.3721398819110329,-0.0073918957868633894
0.3830000000000002,0.183,0.4339999999999998,0.8180678281267216,-0.36436505634042404,0.20981517198664576,1.3665909312979094,-0.004919673135410252
0.3840000000000002,0.183,0.4329999999999999,0.8195186365233675,-0.3681583009491192,0.20055280286340946,1.3610872087366086,-0.0020441982020174
0.36800000000000016,0.184,0.4479999999999999,0.7893322422697829,-0.30684677195423216,0.34612334955202334,1.440969541296089,-0.00019616054979931796
0.36900000000000016,0.184,0.4469999999999998,0.7911944666282793,-0.31043398997396643,0.33648714061687646,1.4348717015219217,-0.003507799826186986
0.37000000000000016,0.184,0.4459999999999999,0.7930281161330203,-0.31403455059644575,0.3268736312592851,1.4288129697569203,-0.006376075479787635
0.37100000000000016,0.184,0.4449999999999998,0.7948332479294538,-0.3176481956384791,0.3172836014096119,1.4227938529940025,-0.008803732460732405
0.37200000000000016,0.184,0.4439999999999999,0.7966099228501544,-0.32127466537886856,0.307717824635784,1.4168148488931274,-0.010793614275929897
0.37300000000000016,0.184,0.4429999999999998,0.7983582054004061,-0.32491369862126335,0.29817706800242416,1.4108764457299379,-0.01234866129846035
0.37400000000000017,0.184,0.4419999999999999,0.8000781637353961,-0.3285650327565475,0.2886620919420353,1.404979122353569,-0.013471909040848884
0.37500000000000017,0.184,0.4409999999999998,0.8017698696436155,-0.33222840382535446,0.2791736501315772,1.399123348147751,-0.014166486412256818
0.37600000000000017,0.184,0.4399999999999999,0.8034333985232178,-0.33590354658017957,0.2697124893607161,1.3933095829996343,-0.014435613920478707
0.37700000000000017,0.184,0.4389999999999998,0.8050688293591848,-0.3395901945490902,0.26027934941490355,1.3875382772582685,-0.014282601883807478
0.37800000000000017,0.184,0.4379999999999999,0.8066762447042799,-0.34328808009873146,0.25087496295908945,1.3818098717033203,-0.013710848611193482
0.37900000000000017,0.184,0.4369999999999998,0.8082557306467777,-0.34699693449609037,0.24150005541446418,1.3761247975281012,-0.012723838517154973
0.38000000000000017,0.184,0.4359999999999999,0.8098073767897557,-0.35071648797230287,0.23215534485579953,1.3704834763077713,-0.011325140276563561
0.38100000000000017,0.184,0.4349999999999998,0.8113312762218,-0.3544464697851005,0.2228415418930563,1.3648863199825445,-0.009518404908889833
0.3820000000000002,0.184,0.4339999999999999,0.8128275254905648,-0.35818660828232013,0.21355934957282288,1.3593337308344953,-0.007307363882448847
0.3830000000000002,0.184,0.4329999999999998,0.8142962245718309,-0.36193663096369755,0.20430946327237626,1.3538261014815554,-0.004695827164998223
0.3840000000000002,0.184,0.4319999999999999,0.8157374768408581,-0.36569626454388854,0.19509257059932042,1.3483638148632302,-0.0016876812786230655
0.36800000000000016,0.185,0.4469999999999999,0.7857669741476151,-0.3049176248383582,0.34002548238543745,1.4277422457222728,-0.0025868005805828598
0.36900000000000016,0.185,0.4459999999999998,0.787615830770943,-0.308474412567175,0.33042824545491617,1.4216832517157922,-0.00567314134557767
0.37000000000000016,0.185,0.4449999999999999,0.7894363685913207,-0.3120443379971307,0.32085421501097583,1.4156636006919212,-0.008322418242376617
0.37100000000000016,0.185,0.4439999999999998,0.7912286462998259,-0.31562714564891337,0.3113041616934894,1.4096837902109147,-0.010537410905689881
0.37200000000000016,0.185,0.4429999999999999,0.7929927262123615,-0.31922257855179165,0.30177884972832686,1.4037443085353474,-0.012320994940649588
0.37300000000000016,0.185,0.4419999999999998,0.7947286742560156,-0.3228303783050105,0.2922790367986932,1.3978456345866905,-0.013676140242871893
0.37400000000000017,0.185,0.4409999999999999,0.796436559945609,-0.3264502851393669,0.2828054739146747,1.3919882379047768,-0.014605909273697149
0.37500000000000017,0.185,0.4399999999999998,0.7981164563665893,-0.33008203797890406,0.2733589052896605,1.3861725786105201,-0.015113455322204594
0.37600000000000017,0.185,0.4389999999999999,0.7997684401524877,-0.33372537450273476,0.263940068222515,1.3803991073715054,-0.01520202074014304
0.37700000000000017,0.185,0.4379999999999998,0.8013925914608128,-0.3373800312067695,0.2545496929728782,1.3746682653722782,-0.01487493513680821
0.37800000000000017,0.185,0.4369999999999999,0.8029889939545881,-0.3410457434655987,0.2451885026538825,1.3689804842867461,-0.014135613578823814
0.37900000000000017,0.185,0.4359999999999998,0.8045577347701525,-0.3447222455948983,0.23585721311246843,1.3633361862493831,-0.012987554738011498
0.38000000000000017,0.185,0.4349999999999999,0.8060989044956248,-0.34840927091231755,0.22655653282275007,1.357735783842793,-0.011434339028905338
0.38100000000000017,0.185,0.4339999999999998,0.8076125971431842,-0.3521065518004218,0.21728716278404764,1.3521796800701325,-0.00947962674598607
0.3820000000000002,0.185,0.4329999999999999,0.8090989101212508,-0.35581381976772836,0.20804979641295135,1.3466682683467757,-0.007127156151359115
0.3830000000000002,0.185,0.4319999999999998,0.8105579442041985,-0.3595308055105765,0.1988451194453605,1.3412019324870594,-0.004380741563407953
0.3840000000000002,0.185,0.4309999999999999,0.8119898035040088,-0.36325723897507084,0.18967380984082213,1.3357810466926312,-0.0012442714335561544
0.36700000000000016,0.186,0.4469999999999998,0.7803680417787549,-0.299491616764515,0.343547348292563,1.4207126571831146,-0.0015169766238491977
0.36800000000000016,0.186,0.4459999999999999,0.7822318570702312,-0.3030051392281933,0.3339663823765082,1.414653515351547,-0.00481696689483041
0.36900000000000016,0.186,0.4449999999999998,0.7840675503366892,-0.30653184948150486,0.32440835274489277,1.408633445297661,-0.007683412268161938
0.37000000000000016,0.186,0.4439999999999999,0.7858751781850527,-0.3100714962259779,0.31487402710917556,1.4026529444674964,-0.010119029853404016
0.37100000000000016,0.186,0.4429999999999998,0.787654800805798,-0.3136238266568231,0.30536416685541823,1.3967125010898576,-0.012126631856968162
0.37200000000000016,0.186,0.4419999999999999,0.7894064819531136,-0.3171885865231011,0.29587952690963226,1.3908125941341842,-0.013709123917609922
0.37300000000000016,0.186,0.4409999999999998,0.7911302889309929,-0.32076552018815135,0.28642085561147507,1.3849536932705777,-0.014869503430346764
0.37400000000000017,0.186,0.4399999999999999,0.7928262925707922,-0.3243543706893462,0.2769888945973369,1.379136258840284,-0.015610857833294745
0.37500000000000017,0.186,0.4389999999999998,0.7944945672126282,-0.3279548798004626,0.2675843786671411,1.3733607418062281,-0.015936362880426824
0.37600000000000017,0.186,0.4379999999999999,0.7961351906833923,-0.3315667880921178,0.25820803567552064,1.367627583725534,-0.015849280888995565
0.37700000000000017,0.186,0.4369999999999998,0.7977482442728646,-0.3351898349918238,0.24886058641265105,1.3619372167288832,-0.015352958941521944
0.37800000000000017,0.186,0.4359999999999999,0.7993338127144529,-0.3388237588450101,0.23954274449331414,1.3562900634943493,-0.014450827090299267
0.37900000000000017,0.186,0.4349999999999998,0.800891984153826,-0.34246829697726244,0.23025521624757098,1.3506865372138273,-0.013146396539301164
0.38000000000000017,0.186,0.4339999999999999,0.8024228501271764,-0.3461231857538371,0.22099870061527777,1.3451270415865635,-0.011443257790086592
0.38100000000000017,0.186,0.4329999999999998,0.8039265055330448,-0.3497881606412157,0.21177388904278485,1.339611970797278,-0.009345078785092442
0.3820000000000002,0.186,0.4319999999999999,0.8054030486051079,-0.35346295626733976,0.20258146538275926,1.3341417095082815,-0.006855603022958234
0.3830000000000002,0.186,0.43099999999999977,0.8068525808819399,-0.35714730648271503,0.19342210579875685,1.328716632846287,-0.003978647668316293
0.3840000000000002,0.186,0.4299999999999999,0.8082752071788314,-0.36084094442145925,0.18429647867296214,1.3233371063919004,-0.0007181016506302984
0.36600000000000016,0.187,0.4469999999999999,0.7749974084213628,-0.2941543791244224,0.3470528554407718,1.4137812496620754,-0.0003036730319126435
0.36700000000000016,0.187,0.4459999999999998,0.7768759392080162,-0.2976251372433074,0.33748815715063646,1.4077220730122204,-0.0038129918240843996
0.36800000000000016,0.187,0.4449999999999999,0.7787265426194129,-0.3011091301338785,0.32794612774485854,1.4017016977765395,-0.006892249081066615
0.36900000000000016,0.187,0.4439999999999998,0.7805492732394081,-0.30460611061976317,0.3184275320067762,1.3957206212590332,-0.009544100731054384
0.37000000000000016,0.187,0.4429999999999999,0.7823441891890753,-0.3081158300030693,0.30893312847643534,1.3897793316365814,-0.011771296903624884
0.37100000000000016,0.187,0.4419999999999998,0.7841113521128046,-0.3116380381241776,0.2994636693205087,1.383878307909887,-0.013576680319943746
0.37200000000000016,0.187,0.4409999999999999,0.7858508271592913,-0.3151724834211824,0.2900199002101022,1.3780180198626264,-0.01496318464897689
0.37300000000000016,0.187,0.4399999999999998,0.7875626829665657,-0.3187189129896633,0.28060256018894497,1.3721989280219744,-0.0159338328296606
0.37400000000000017,0.187,0.4389999999999999,0.7892469916394224,-0.3222770726423394,0.2712123815594987,1.3664214836244728,-0.016491735375208705
0.37500000000000017,0.187,0.4379999999999998,0.7909038287316121,-0.3258467069686496,0.2618500897610706,1.3606861285864955,-0.016640088644440443
0.37600000000000017,0.187,0.4369999999999999,0.7925332732228968,-0.3294275593952572,0.25251640325584224,1.3549932954699535,-0.016382173101203212
0.37700000000000017,0.187,0.4359999999999998,0.7941354074956711,-0.33301937224562206,0.2432120334177236,1.3493434074601165,-0.01572135154088672
0.37800000000000017,0.187,0.4349999999999999,0.795710317315454,-0.3366218867998449,0.23393768442256696,1.34373687834405,-0.0146610673028153
0.37900000000000017,0.187,0.4339999999999998,0.7972580917994655,-0.3402348433551986,0.22469405314106983,1.338174112486018,-0.013204842457811339
0.38000000000000017,0.187,0.4329999999999999,0.7987788233953149,-0.34385798128536715,0.2154818290399534,1.332655504817144,-0.011356275983442743
0.38100000000000017,0.187,0.4319999999999998,0.8002726078523704,-0.3474910391008042,0.2063016940771027,1.3271814408176708,-0.009119041915579773
0.3820000000000002,0.187,0.4309999999999999,0.8017395441952233,-0.35113375450827555,0.19715432260959823,1.3217522965087602,-0.006496887493076198
0.3830000000000002,0.187,0.42999999999999977,0.8031797346929744,-0.3547858644706245,0.18804038129616604,1.3163684384444194,-0.0034936312760960875
0.3840000000000002,0.187,0.4289999999999999,0.8045932848312156,-0.3584471052664979,0.178960529008296,1.311030223705687,-0.00011316126339427912
0.36600000000000016,0.188,0.4459999999999999,0.7715478227430757,-0.29233284582095376,0.34099368547284054,1.4008872707897095,-0.0026664770573609498
0.36700000000000016,0.188,0.4449999999999998,0.7734130961896679,-0.29577461263806937,0.3314676537514766,1.39486670283329,-0.0059542823512050425
0.36800000000000016,0.188,0.4439999999999999,0.7752506874025408,-0.2992294150748334,0.32196478815212964,1.3888851639279844,-0.008818070153162327
0.36900000000000016,0.188,0.4429999999999998,0.777060652493587,-0.3026970084822575,0.3124858443674658,1.3829431421788347,-0.011260529825142418
0.37000000000000016,0.188,0.4419999999999999,0.7788430510533423,-0.30617714673500485,0.30303157180440377,1.37704111659537,-0.013284442484560288
0.37100000000000016,0.188,0.4409999999999998,0.7805979461364186,-0.30966958228975594,0.29360271345248995,1.3711795570509577,-0.01489267938547384
0.37200000000000016,0.188,0.4399999999999999,0.7823254042426204,-0.3131740662438663,0.2842000057674073,1.3653589242438842,-0.01608820028577279
0.37300000000000016,0.188,0.4389999999999998,0.7840254953019613,-0.3166903483943031,0.2748241785434121,1.3595796696601503,-0.016874051779228738
0.37400000000000017,0.188,0.4379999999999999,0.7856982926515667,-0.32021817729571994,0.26547595479843394,1.353842235548316,-0.017253365595317094
0.37500000000000017,0.188,0.4369999999999998,0.7873438730184845,-0.3237573003204012,0.25615605066180386,1.348147054880701,-0.01722935690521976
0.37600000000000017,0.188,0.4359999999999999,0.7889623164959251,-0.32730746371728425,0.24686517525621227,1.3424945513269468,-0.016805322575909387
0.37700000000000017,0.188,0.4349999999999998,0.7905537065202473,-0.3308684126700968,0.23760403059326585,1.3368851392388912,-0.015984639409237833
0.37800000000000017,0.188,0.4339999999999999,0.792118129851761,-0.3344398913567686,0.2283733114696359,1.3313192236267377,-0.014770762378630842
0.37900000000000017,0.188,0.4329999999999998,0.793655676542701,-0.33802164300876647,0.2191737053571364,1.325797200138973,-0.013167222821192315
0.38000000000000017,0.188,0.4319999999999999,0.7951664399163854,-0.341613409970234,0.21000589231087044,1.3203194550467494,-0.011177626644120364
0.38100000000000017,0.188,0.43099999999999977,0.7966505165385888,-0.34521493375620976,0.20087054486668718,1.314886365238792,-0.00880565248088866
0.3820000000000002,0.188,0.4299999999999999,0.7981080061906914,-0.3488259551115053,0.1917683279486722,1.3094982982125067,-0.006055049853170347
0.3830000000000002,0.188,0.42899999999999977,0.7995390118401542,-0.35244621406976834,0.1826998987837767,1.3041556120655362,-0.0029296373260648823
0.36500000000000016,0.189,0.4459999999999998,0.7662472546075835,-0.2871267359570908,0.34448308358642066,1.394147487684596,-0.0013825108322438329
0.36600000000000016,0.189,0.4449999999999999,0.768126963084514,-0.29052676155918505,0.3349730450841643,1.3881268380942613,-0.004874690979582319
0.36700000000000016,0.189,0.4439999999999998,0.7699791778178044,-0.2939398678090807,0.32548590792582605,1.3821449487456872,-0.007946207902014724
0.36800000000000016,0.189,0.4429999999999999,0.7718039529667965,-0.29736581404980084,0.3160224249562974,1.3762023076497534,-0.010599691477020556
0.36900000000000016,0.189,0.4419999999999998,0.7736013461268969,-0.300804358133897,0.3065833428135669,1.3702993938042352,-0.012837862496370978
0.37000000000000016,0.189,0.4409999999999999,0.7753714183141984,-0.30425525648081725,0.2971694018081136,1.3644366771526788,-0.01466353109106866
0.37100000000000016,0.189,0.4399999999999998,0.7771142339509695,-0.30771826413468584,0.2877813357964034,1.3586146185438996,-0.016079595124795787
0.37200000000000016,0.189,0.4389999999999999,0.7788298608460201,-0.3111931348224844,0.27841987206154634,1.3528336696921288,-0.0170890385649905
0.37300000000000016,0.189,0.4379999999999998,0.7805183701802497,-0.31467962101104185,0.26908573119499807,1.347094273152625,-0.01769492981872195
0.37400000000000017,0.189,0.4369999999999999,0.7821798364832376,-0.3181774739660049,0.25977962698239904,1.3413968622823402,-0.01790042006076875
0.37500000000000017,0.189,0.4359999999999998,0.7838143376155378,-0.32168644380915273,0.2505022662902701,1.3357418612199277,-0.017708741524127214
0.37600000000000017,0.189,0.4349999999999999,0.7854219547457651,-0.32520627957714804,0.24125434895912154,1.3301296848557123,-0.017123205785680662
0.37700000000000017,0.189,0.4339999999999998,0.7870027723268768,-0.32873672927935643,0.23203656769560313,1.3245607388135467,-0.016147202016558393
0.37800000000000017,0.189,0.4329999999999999,0.7885568780772433,-0.3322775399557195,0.22284960797419634,1.3190354194350027,-0.014784195229993746
0.37900000000000017,0.189,0.4319999999999998,0.7900843629487894,-0.3358284577351443,0.21369414793120717,1.3135541137615834,-0.013037724491043678
0.38000000000000017,0.189,0.4309999999999999,0.7915853211055351,-0.33938922789353015,0.20457085827004218,1.3081171995227676,-0.010911401129911014
0.38100000000000017,0.189,0.42999999999999977,0.793059849896259,-0.3429595949116791,0.1954804021722949,1.3027250451273586,-0.008408906938774552
0.3820000000000002,0.189,0.4289999999999999,0.7945080498267945,-0.34653930253277426,0.1864234351996641,1.297378009660635,-0.00553399233613322
0.3830000000000002,0.189,0.42799999999999977,0.7959300245306474,-0.3501280938209588,0.17740060521170178,1.292076442873726,-0.0022904745471653276
0.36500000000000016,0.19,0.4449999999999998,0.7628678966203545,-0.285364072586896,0.3384624166132496,1.3814805133742079,-0.003658484882388513
0.36600000000000016,0.19,0.4439999999999999,0.7647345028243198,-0.2887359582557999,0.32899100429662526,1.3754983841771444,-0.0069336127673290116
0.36700000000000016,0.19,0.4429999999999998,0.7665738539703865,-0.2921207299650846,0.31954298128830116,1.3695552351812617,-0.009793969709656847
0.36800000000000016,0.19,0.4419999999999999,0.7683860057150276,-0.2955181494891881,0.31011909145912375,1.3636515453562783,-0.012242217432684666
0.36900000000000016,0.19,0.4409999999999998,0.7701710170940153,-0.29892797715556074,0.3007200724327981,1.357787784693971,-0.014281106205019767
0.37000000000000016,0.19,0.4399999999999999,0.7719289505064733,-0.30234997190105184,0.29134665546438054,1.3519644141713938,-0.01591347326350423
0.37100000000000016,0.19,0.4389999999999998,0.7736598717004828,-0.30578389132908546,0.2819995653194042,1.3461818857108667,-0.01714224121940583
0.37200000000000016,0.19,0.4379999999999999,0.775363849753081,-0.3092294917659363,0.27267952015509234,1.3404406421528525,-0.017970416421339896
0.37300000000000016,0.19,0.4369999999999998,0.7770409570558872,-0.3126865283185235,0.2633872314069362,1.3347411172182035,-0.018401087323176468
0.37400000000000017,0.19,0.4359999999999999,0.7786912692916997,-0.3161547549312224,0.25412340367812275,1.329083735483629,-0.01843742280774613
0.37500000000000017,0.19,0.4349999999999998,0.780314865416546,-0.31963392444293975,0.24488873462748212,1.3234689123580787,-0.018082670494426245
0.37600000000000017,0.19,0.4339999999999999,0.7819118276369434,-0.323123788644705,0.23568391486740886,1.3178970540575743,-0.01734015503711811
0.37700000000000017,0.19,0.4329999999999998,0.7834822413861124,-0.32662409833647504,0.2265096278583058,1.3123685575904178,-0.01621327638683806
0.37800000000000017,0.19,0.4319999999999999,0.7850261953046799,-0.330134603384716,0.2173665498098848,1.306883810737988,-0.014705508056623129
0.37900000000000017,0.19,0.43099999999999977,0.7865437812096788,-0.33365505277913643,0.20825534958525357,1.3014431920458829,-0.012820395350151115
0.38000000000000017,0.19,0.4299999999999999,0.7880350940727181,-0.33718519469012753,0.19917668860521132,1.29604707081096,-0.010561553590836381
0.38100000000000017,0.19,0.42899999999999977,0.7895002319923181,-0.3407247765257362,0.19013122075854916,1.290695807074799,-0.007932666331829596
0.3820000000000002,0.19,0.4279999999999999,0.7909392961671817,-0.3442735449882815,0.18111959231448554,1.2853897516221848,-0.0049374835521009686
0.3830000000000002,0.19,0.42699999999999977,0.7923523908662128,-0.3478312461315627,0.17214244183674587,1.2801292459760922,-0.0015798198439371525
0.36400000000000016,0.191,0.4449999999999999,0.7576356513825766,-0.2802850718101571,0.34193588373321687,1.374926169900907,-0.0023105106539076936
0.36500000000000016,0.191,0.4439999999999998,0.7595164219501684,-0.283616206337,0.3324801907877912,1.368943910106773,-0.005785218252872759
0.36600000000000016,0.191,0.4429999999999999,0.7613701199739392,-0.28696027006295144,0.3230476250031871,1.3630003633358345,-0.008848385128745195
0.36700000000000016,0.191,0.4419999999999998,0.7631967992281566,-0.2903170286299556,0.3136389274785269,1.3570960085054218,-0.011502615172847508
0.36800000000000016,0.191,0.4409999999999999,0.764996516823189,-0.29368624621899386,0.30425483314638074,1.351231315638557,-0.013750600020892623
0.36900000000000016,0.191,0.4399999999999998,0.7667693331930054,-0.2970676856063923,0.2948960706572487,1.3454067458179737,-0.015595117528954261
0.37000000000000016,0.191,0.4389999999999999,0.7685153120781733,-0.3004611082189847,0.2855633622520629,1.3396227511560563,-0.01703903018587888
0.37100000000000016,0.191,0.4379999999999998,0.7702345205116541,-0.30386627419078066,0.27625742364763295,1.3338797747542297,-0.018085283535223484
0.37200000000000016,0.191,0.4369999999999999,0.7719270287990859,-0.30728294241871307,0.2669789639244894,1.3281782506754845,-0.018736904555479827
0.37300000000000016,0.191,0.4359999999999998,0.7735929105038898,-0.3107108706192634,0.2577286854123412,1.3225186039122292,-0.018997000028280864
0.37400000000000017,0.191,0.4349999999999999,0.7752322424236693,-0.3141498153841614,0.24850728358109914,1.316901250366574,-0.018868754868636373
0.37500000000000017,0.191,0.4339999999999998,0.7768451045728441,-0.3175995322370702,0.23931544693772658,1.3113265968245171,-0.01835543045853416
0.37600000000000017,0.191,0.4329999999999999,0.778431580159239,-0.3210597756903061,0.23015385692088078,1.3057950409330867,-0.017460362949737462
0.37700000000000017,0.191,0.4319999999999998,0.7799917555610056,-0.3245302993001936,0.22102318780473548,1.3003069711930246,-0.01618696154402044
0.37800000000000017,0.191,0.4309999999999999,0.7815257203066142,-0.3280108557243071,0.21192410659646355,1.2948627669365618,-0.014538706770504117
0.37900000000000017,0.191,0.42999999999999977,0.7830335670442369,-0.3315011967773497,0.20285727294609962,1.2894627983203415,-0.012519148735579744
0.38000000000000017,0.191,0.4289999999999999,0.7845153915204396,-0.33500107348689473,0.19382333905779645,1.28410742632159,-0.010131905367950944
0.38100000000000017,0.191,0.42799999999999977,0.7859712925517788,-0.33851023615044207,0.1848229495954003,1.2787970027245328,-0.0073806606469614955
0.3820000000000002,0.191,0.4269999999999999,0.7874013719989211,-0.3420284343905633,0.175856741604268,1.2735318701257712,-0.0042691628226751155
0.3830000000000002,0.191,0.42599999999999977,0.7888057347363997,-0.3455554172109983,0.1669253444244721,1.2683123619326566,-0.0008012226176220827
0.36300000000000016,0.192,0.4449999999999998,0.7524299832139522,-0.2752883150075821,0.3453935623418209,1.3684622796051986,-0.000835456969112025
0.36400000000000016,0.192,0.4439999999999999,0.7543246959039931,-0.2785791617519866,0.3359535814567189,1.3624799971333499,-0.004505798025792318
0.36500000000000016,0.192,0.4429999999999998,0.7561925165496173,-0.2818829780420922,0.32653646830376165,1.3565361613909794,-0.007767796597834775
0.36600000000000016,0.192,0.4419999999999999,0.7580334970995058,-0.28519953333282516,0.3171429612031561,1.3506312512281722,-0.0106239999413823
0.36700000000000016,0.192,0.4409999999999998,0.7598476927953719,-0.28852859560535954,0.3077737923982942,1.3447657366787418,-0.013077042278913487
0.36800000000000016,0.192,0.4399999999999999,0.7616351621595968,-0.29186993142271345,0.29842968792373537,1.3389400789114108,-0.01512964328939087
0.36900000000000016,0.192,0.4389999999999998,0.7633959669824286,-0.2952233059836597,0.2891113674914572,1.3331547302026274,-0.016784606566928484
0.37000000000000016,0.192,0.4379999999999999,0.7651301723057663,-0.29858848317791886,0.27981954437539625,1.3274101339006783,-0.01804481806316799
0.37100000000000016,0.192,0.4369999999999998,0.7668378464078536,-0.30196522564233685,0.27055492529015934,1.3217067243844702,-0.018913244508524718
0.37200000000000016,0.192,0.4359999999999999,0.7685190607838593,-0.3053532948154749,0.26131821028564867,1.3160449270418906,-0.019392931802416302
0.37300000000000016,0.192,0.4349999999999998,0.770173890130926,-0.308752450993107,0.25211009263568546,1.3104251582428434,-0.01948700338893361
0.37400000000000017,0.192,0.4339999999999999,0.7718024123244847,-0.31216245338343895,0.24293125873146382,1.304847825318353,-0.019198658602759155
0.37500000000000017,0.192,0.4329999999999998,0.7734047084010247,-0.31558306016312404,0.23378238798294923,1.2993133265353305,-0.018531171019672443
0.37600000000000017,0.192,0.4319999999999999,0.774980862534332,-0.31901402853252425,0.22466415271307422,1.2938220510815308,-0.017487886762306226
0.37700000000000017,0.192,0.43099999999999977,0.7765309620125048,-0.3224551147709449,0.2155772180651989,1.2883743790534172,-0.016072222804741465
0.37800000000000017,0.192,0.4299999999999999,0.7780550972185596,-0.3259060742919669,0.20652224190880888,1.2829706814455277,-0.014287665262642746
0.37900000000000017,0.192,0.42899999999999977,0.7795533615992681,-0.3293666616993321,0.19749987474638805,1.27761132013714,-0.012137767662103754
0.38000000000000017,0.192,0.4279999999999999,0.7810258516438793,-0.3328366308419186,0.1885107596271871,1.2722966478894084,-0.009626149203338707
0.38100000000000017,0.192,0.42699999999999977,0.7824726668565388,-0.3363157348689888,0.17955553206197816,1.2670270083418522,-0.006756493008600151
0.3820000000000002,0.192,0.4259999999999999,0.7838939097294336,-0.33980372628472216,0.17063481993781143,1.261802736016849,-0.003532544351748851
0.36300000000000016,0.193,0.4439999999999998,0.7491590865644411,-0.27362340328677087,0.33941129087149635,1.3561051458570266,-0.0030999711980611022
0.36400000000000016,0.193,0.4429999999999999,0.7510408103647236,-0.27688742677183775,0.3300096239328497,1.3501611286402122,-0.006556906552311781
0.36500000000000016,0.193,0.4419999999999998,0.7528958707824505,-0.2801642306277006,0.32063130354197644,1.344255771523574,-0.009611157683426907
0.36600000000000016,0.193,0.4409999999999999,0.754724321246037,-0.28345358658308856,0.3112770592394122,1.3383895445320102,-0.012265302576326687
0.36700000000000016,0.193,0.4399999999999998,0.7565262184223746,-0.28675526493531434,0.3019476144455953,1.3325629089043378,-0.014522003926318194
0.36800000000000016,0.193,0.4389999999999999,0.7583016222050875,-0.2900690346034494,0.2926436863397987,1.3267763170638287,-0.01638400762278125
0.36900000000000016,0.193,0.4379999999999998,0.7600505957007094,-0.29339466318323154,0.2833659857405012,1.32103021257563,-0.017854141226542386
0.37000000000000016,0.193,0.4369999999999999,0.7617732052124475,-0.29673191700105206,0.2741152169940071,1.3153250301177655,-0.018935312415156558
0.37100000000000016,0.193,0.4359999999999998,0.763469520225303,-0.30008056116845544,0.26489207786134294,1.3096611954509718,-0.019630507409017506
0.37200000000000016,0.193,0.4349999999999999,0.7651396133861098,-0.30344035963672367,0.25569725941115257,1.304039125391473,-0.01994278937576055
0.37300000000000016,0.193,0.4339999999999998,0.7667835604885648,-0.3068110752511994,0.24653144591181209,1.2984592277897802,-0.019875296813551213
0.37400000000000017,0.193,0.4329999999999999,0.7684014404500137,-0.31019246980618065,0.2373953147324409,1.2929219015072335,-0.019431241921407216
0.37500000000000017,0.193,0.4319999999999998,0.7699933352931293,-0.31358430409955196,0.22828953623704906,1.2874275363981929,-0.018613908943182544
0.37600000000000017,0.193,0.4309999999999999,0.7715593301235789,-0.31698633798715126,0.21921477369497533,1.2819765132975138,-0.01742665250579506
0.37700000000000017,0.193,0.42999999999999977,0.7730995131058511,-0.3203983304374317,0.21017168317965426,1.2765692040077783,-0.015872895927062203
0.37800000000000017,0.193,0.4289999999999999,0.7746139754446152,-0.32382003958630345,0.20116091348390905,1.2712059712872965,-0.013956129535287937
0.37900000000000017,0.193,0.42799999999999977,0.7761028113533995,-0.3272512227912773,0.19218310602716918,1.2658871688467783,-0.011679908943665301
0.38000000000000017,0.193,0.4269999999999999,0.777566118033136,-0.330691636685879,0.1832388947697623,1.2606131413453476,-0.009047853332908667
0.38100000000000017,0.193,0.42599999999999977,0.7790039956454416,-0.3341410372340745,0.17432890613712745,1.2553842243882911,-0.006063643729075974
0.3820000000000002,0.193,0.4249999999999999,0.7804165472852813,-0.3375991797844494,0.1654537589316976,1.2502007445285797,-0.0027310212508502574
0.36200000000000015,0.194,0.4439999999999999,0.7440193569716738,-0.2687475381398692,0.34285343408305985,1.3498178861973653,-0.001572207398477965
0.36300000000000016,0.194,0.4429999999999998,0.7459147691726601,-0.2719722176181003,0.33346720515275674,1.343873793697248,-0.005220266142824226
0.36400000000000016,0.194,0.4419999999999999,0.7477836927428666,-0.27520971612247613,0.32410406594473135,1.337968096718114,-0.008468721235541155
0.36500000000000016,0.194,0.4409999999999998,0.7496261793503884,-0.2784598090775518,0.3147647433003252,1.3321012652546043,-0.011320095595889035
0.36600000000000016,0.194,0.4399999999999999,0.7514422838619301,-0.2817222704634582,0.30544995801783376,1.326273760597996,-0.013776996096442284
0.36700000000000016,0.194,0.4389999999999998,0.7532320643290119,-0.28499687286933956,0.2961604247361227,1.320486035294306,-0.01584211209390679
0.36800000000000016,0.194,0.4379999999999999,0.7549955819761184,-0.28828338754645577,0.286896851817064,1.314738533110441,-0.017518213928386206
0.36900000000000016,0.194,0.4369999999999998,0.7567329011866899,-0.29158158446185806,0.2776599412283228,1.3090316889988511,-0.0188081514009803
0.37000000000000016,0.194,0.4359999999999999,0.7584440894868125,-0.2948912323515324,0.2684503884352743,1.30336592907158,-0.01971485222725533
0.37100000000000016,0.194,0.4349999999999998,0.7601292175306678,-0.2982120987743135,0.25926888229493505,1.297741670570412,-0.02024132048076105
0.37200000000000016,0.194,0.4339999999999999,0.7617883590795482,-0.30154395016563507,0.250116104942288,1.2921593218422964,-0.02039063499547572
0.37300000000000016,0.194,0.4329999999999998,0.7634215909877988,-0.30488655189136815,0.24099273169477753,1.2866192823173102,-0.020165947776678794
0.37400000000000017,0.194,0.4319999999999999,0.7650289931791165,-0.3082396683012942,0.23189943095153923,1.2811219424932492,-0.019570482371285447
0.37500000000000017,0.194,0.43099999999999977,0.7666106486283188,-0.3116030627830384,0.22283686409131884,1.2756676839186205,-0.01860753222873901
0.37600000000000017,0.194,0.4299999999999999,0.7681666433390834,-0.3149764978159197,0.21380568538626507,1.2702568791791555,-0.017280459058453268
0.37700000000000017,0.194,0.42899999999999977,0.7696970663196409,-0.31835973502488074,0.20480654190176759,1.2648898918861027,-0.015592691152339189
0.37800000000000017,0.194,0.4279999999999999,0.7712020095643842,-0.3217525352335852,0.19584007341648393,1.2595670766744862,-0.013547721714886274
0.37900000000000017,0.194,0.42699999999999977,0.7726815680225627,-0.3251546585186862,0.1869069123314631,1.2542887791925106,-0.01114910716478082
0.38000000000000017,0.194,0.4259999999999999,0.7741358395772094,-0.3285658642628126,0.17800768358981855,1.2490553361046541,-0.008400465434558496
0.38100000000000017,0.194,0.42499999999999977,0.7755649250176578,-0.33198591120848436,0.16914300459559573,1.243867075087884,-0.005305474260442228
0.3820000000000002,0.194,0.4239999999999999,0.7769689280135914,-0.33541455751063953,0.1603134851395948,1.2387243148418945,-0.0018678694593869116
0.36200000000000015,0.195,0.4429999999999999,0.7408141618054189,-0.2671359797860425,0.3369093257150519,1.3376727138304996,-0.0037622801703052766
0.36300000000000016,0.195,0.4419999999999998,0.742696736451739,-0.2703346133448059,0.3275613603861061,1.3317667827975272,-0.007201175324877296
0.36400000000000016,0.195,0.4409999999999999,0.7445530452175596,-0.2735458810123929,0.3182369547619927,1.3258994535667656,-0.010245986143759489
0.36500000000000016,0.195,0.4399999999999998,0.7463831412210218,-0.27676956040149653,0.30893682701459396,1.3200711874592623,-0.012899264821999767
0.36600000000000016,0.195,0.4389999999999999,0.7481870807264356,-0.2800054277212033,0.2996616892364017,1.3142824371259145,-0.015163645328134745
0.36700000000000016,0.195,0.4379999999999998,0.7499649231299833,-0.2832532578289505,0.29041224732343285,1.3085336465158182,-0.01704184192627578
0.36800000000000016,0.195,0.4369999999999999,0.7517167309477755,-0.28651282428377806,0.28118920086113286,1.3028252508356877,-0.01853664769424157
0.36900000000000016,0.195,0.4359999999999998,0.7534425698020438,-0.28978389939835547,0.2719932430132964,1.29715767652603,-0.0196509330017145
0.37000000000000016,0.195,0.4349999999999999,0.7551425084042771,-0.29306625429202837,0.26282506041220477,1.291531341230733,-0.020387643975396053
0.37100000000000016,0.195,0.4339999999999998,0.7568166185403996,-0.2963596589439293,0.25368533305367075,1.2859466537698594,-0.020749800949522557
0.37200000000000016,0.195,0.4329999999999999,0.7584649750508705,-0.2996638822452515,0.2445747341973053,1.2804040141240922,-0.02074049688598184
0.37300000000000016,0.195,0.4319999999999998,0.7600876558152191,-0.30297869205307404,0.23549393026046878,1.2749038134071247,-0.02036289578932493
0.37400000000000017,0.195,0.4309999999999999,0.7616847417291055,-0.3063038552425459,0.22644358072783452,1.2694464338571256,-0.019620231094739204
0.37500000000000017,0.195,0.42999999999999977,0.7632563166861172,-0.30963913776041957,0.21742433805229272,1.2640322488177975,-0.018515804048214235
0.37600000000000017,0.195,0.4289999999999999,0.7648024675547948,-0.31298430467772054,0.20843684756445738,1.2586616227303555,-0.01705298206599226
0.37700000000000017,0.195,0.42799999999999977,0.7663232841557462,-0.31633912024279537,0.19948174738819344,1.2533349111241947,-0.015235197090651409
0.37800000000000017,0.195,0.4269999999999999,0.7678188592419839,-0.3197033479337832,0.19055966835084154,1.2480524606150665,-0.013065943923900925
0.37900000000000017,0.195,0.42599999999999977,0.7692892884681619,-0.3230767505120972,0.1816712338991627,1.2428146088957674,-0.01054877855259212
0.38000000000000017,0.195,0.4249999999999999,0.7707346703701342,-0.32645909007422536,0.17281706002661745,1.2376216847441475,-0.0076873164712892295
0.38100000000000017,0.195,0.42399999999999977,0.772155106336813,-0.32985012810506187,0.1639977551875526,1.2324740080184866,-0.004485230984804883
0.3820000000000002,0.195,0.4229999999999999,0.7735507005849755,-0.3332496255294575,0.15521392023127561,1.2273718896704828,-0.0009462515131430094
0.36100000000000015,0.196,0.4429999999999998,0.7357387581625467,-0.26237736968151604,0.34033609984931484,1.331556474311211,-0.0021872118679059915
0.36200000000000015,0.196,0.4419999999999999,0.737634776379834,-0.2655375731018462,0.3310032993465443,1.3256504137607197,-0.00581286138429199
0.36300000000000016,0.196,0.4409999999999998,0.739504697884164,-0.26871044766822993,0.32169380433863176,1.3197826922060738,-0.009047394009460419
0.36400000000000016,0.196,0.4399999999999999,0.7413485741007625,-0.271895774575856,0.3124083303694023,1.313953770980887,-0.011893308384827994
0.36500000000000016,0.196,0.4389999999999998,0.7431664595576541,-0.27509333360416566,0.30314758697950467,1.3081641028247573,-0.014353184207622105
0.36600000000000016,0.196,0.4379999999999999,0.744958411877065,-0.27830290316901135,0.29391227759375343,1.302414131840046,-0.016429680805986335
0.36700000000000016,0.196,0.4369999999999998,0.7467244917611445,-0.2815242603727793,0.2847030994085446,1.2967042934743016,-0.018125535654869906
0.36800000000000016,0.196,0.4359999999999999,0.7484647629794,-0.2847571810576953,0.27552074327560894,1.2910350144737341,-0.019443562905708478
0.36900000000000016,0.196,0.4349999999999998,0.7501792923550178,-0.28800143985699084,0.26636589359633284,1.285406712862986,-0.02038665187453803
0.37000000000000016,0.196,0.4339999999999999,0.7518681497485632,-0.29125681024739536,0.2572392282211709,1.2798197979150057,-0.020957765527136962
0.37100000000000016,0.196,0.4329999999999998,0.7535314080419355,-0.2945230646009069,0.2481414183359176,1.274274670131799,-0.021159938918848153
0.37200000000000016,0.196,0.4319999999999999,0.7551691431193912,-0.2977999742368312,0.23907312837443268,1.2687717212256562,-0.02099627764509676
0.37300000000000016,0.196,0.43099999999999977,0.756781433851441,-0.30108730947426077,0.23003501590935677,1.2633113340991247,-0.020469956255139643
0.37400000000000017,0.196,0.4299999999999999,0.7583683620722244,-0.3043848396845754,0.22102773156747918,1.2578938828277633,-0.019584216669957744
0.37500000000000017,0.196,0.42899999999999977,0.7599300125613735,-0.3076923333427096,0.2120519189339459,1.2525197326574373,-0.01834236656202118
0.37600000000000017,0.196,0.4279999999999999,0.7614664730208501,-0.31100955807976105,0.2031082144622169,1.2471892399908906,-0.016747777736021457
0.37700000000000017,0.196,0.42699999999999977,0.7629778340520207,-0.31433628073517766,0.19419724739145047,1.2419027523807407,-0.014803884499979797
0.37800000000000017,0.196,0.4259999999999999,0.7644641891366022,-0.3176722674089815,0.18531963966454348,1.2366606085241378,-0.012514182028194376
0.37900000000000017,0.196,0.42499999999999977,0.7659256346056936,-0.3210172835129965,0.17647600584358505,1.2314631382685646,-0.009882224687867924
0.38000000000000017,0.196,0.4239999999999999,0.7673622696190721,-0.32437109382280904,0.1676669530364679,1.2263106626121605,-0.006911624386568255
0.38100000000000017,0.196,0.42299999999999977,0.768774196138015,-0.32773346252990776,0.15889308082124462,1.2212034937039868,-0.003606048902325243
0.36000000000000015,0.197,0.4429999999999999,0.7306883292004405,-0.2576950702891014,0.3437476422386984,1.325523687780249,-0.0004991874968877097
0.36100000000000015,0.197,0.4419999999999998,0.7325975879860216,-0.2608172728573523,0.3344299957822911,1.3196176009847533,-0.004307982185500825
0.36200000000000015,0.197,0.4409999999999999,0.7344809173094594,-0.26395218105791135,0.3251354032523682,1.3137495913005068,-0.007728598643078122
0.36300000000000016,0.197,0.4399999999999998,0.7363383669548421,-0.26709957961945086,0.3158645775544478,1.30792012005283,-0.010763483051304479
0.36400000000000016,0.197,0.4389999999999999,0.7381699897687606,-0.27025925184342703,0.30661822567340696,1.302129640048156,-0.013415161944958232
0.36500000000000016,0.197,0.4379999999999998,0.7399758416499722,-0.2734309796549813,0.29739704855890814,1.2963785955343858,-0.01568624080568981
0.36600000000000016,0.197,0.4369999999999999,0.7417559815398062,-0.2766145436533733,0.28820174100675816,1.2906674221707335,-0.017579402619248286
0.36700000000000016,0.197,0.4359999999999998,0.7435104714080547,-0.2798097231635384,0.2790329915524288,1.2849965469900984,-0.01909740642987351
0.36800000000000016,0.197,0.4349999999999999,0.7452393762407097,-0.2830162962866516,0.26989148236194677,1.2793663883759034,-0.02024308585709994
0.36900000000000016,0.197,0.4339999999999998,0.7469427640257219,-0.28623403995165364,0.260777889124188,1.2737773560327605,-0.021019347601100025
0.37000000000000016,0.197,0.4329999999999999,0.748620705736269,-0.28946272996633887,0.2516928809495487,1.2682298509652665,-0.021429169925387015
0.37100000000000016,0.197,0.4319999999999998,0.7502732753158251,-0.29270214106892933,0.24263712027079418,1.2627242654552446,-0.021475601129371635
0.37200000000000016,0.197,0.4309999999999999,0.7519005496577167,-0.29595204697922145,0.2336112627441284,1.2572609830464332,-0.02116175799127079
0.37300000000000016,0.197,0.42999999999999977,0.7535026085904113,-0.2992122204501497,0.22461595715673088,1.2518403785279157,-0.02049082421131948
0.37400000000000017,0.197,0.4289999999999999,0.7550795348538523,-0.30248243331894054,0.21565184533438247,1.2464628179242996,-0.01946604882476391
0.37500000000000017,0.197,0.42799999999999977,0.7566314140816668,-0.3057624565590328,0.20671956205161435,1.241128658480917,-0.018090744616369364
0.37600000000000017,0.197,0.4269999999999999,0.7581583347783839,-0.3090520603305741,0.1978197349475413,1.235838248665103,-0.01636828650751951
0.37700000000000017,0.197,0.42599999999999977,0.7596603882961447,-0.3123510140324831,0.18895298444169364,1.2305919281544206,-0.014302109946021102
0.37800000000000017,0.197,0.4249999999999999,0.7611376688158833,-0.315659086353033,0.18011992365630716,1.2253900278409258,-0.011895709280994982
0.37900000000000017,0.197,0.42399999999999977,0.7625902733165667,-0.3189760453213552,0.1713211583351223,1.2202328698283489,-0.009152636120398266
0.38000000000000017,0.197,0.4229999999999999,0.7640183015542629,-0.3223016583581103,0.16255728676946138,1.2151207674385798,-0.006076497689057908
0.38100000000000017,0.197,0.42199999999999976,0.7654218560357922,-0.3256356923264124,0.15382889973145134,1.210054025217041,-0.0026709551846229307
0.36000000000000015,0.198,0.4419999999999999,0.7275849477092199,-0.2561724161238929,0.33784156311700586,1.313666982603535,-0.0026906063371630595
0.36100000000000015,0.198,0.4409999999999998,0.7294814843655962,-0.25926977931873696,0.328561863212107,1.3077987877357045,-0.0062937436929503265
0.36200000000000015,0.198,0.4399999999999999,0.7313523050855916,-0.26237966836298526,0.3193056785539602,1.301968870328515,-0.009514007651992618
0.36300000000000016,0.198,0.4389999999999998,0.7331974610861346,-0.26550187003192993,0.31007371356727337,1.2961776832387581,-0.012353872664406962
0.36400000000000016,0.198,0.4379999999999999,0.7350170065960699,-0.26863616971338855,0.3008666667149586,1.2904256708327904,-0.014815891453746455
0.36500000000000016,0.198,0.4369999999999998,0.7368109988460495,-0.27178235145644913,0.29168523039072136,1.2847132689651055,-0.016902693601210494
0.36600000000000016,0.198,0.4359999999999999,0.7385794980589294,-0.2749401980224785,0.282530090804674,1.2790409049369513,-0.01861698412801288
0.36700000000000016,0.198,0.4349999999999998,0.7403225674352208,-0.27810949093506354,0.2734019278762422,1.2734089974706093,-0.019961542041431524
0.36800000000000016,0.198,0.4339999999999999,0.7420402731407476,-0.2812900105307501,0.26430141512822514,1.2678179566791923,-0.02093921887178951
0.36900000000000016,0.198,0.4329999999999998,0.743732684292567,-0.2844815360095011,0.2552292195843782,1.2622681840431704,-0.02155293718587259
0.37000000000000016,0.198,0.4319999999999999,0.7453998729419683,-0.2876838454843278,0.246186001668707,1.2567600723986188,-0.021805689069513745
0.37100000000000016,0.198,0.43099999999999977,0.7470419140594953,-0.2908967160331156,0.23717241510907866,1.2512940059063342,-0.021700534623582624
0.37200000000000016,0.198,0.4299999999999999,0.7486588855146659,-0.2941199237487302,0.22818910684280477,1.2458703600415755,-0.02124060041836265
0.37300000000000016,0.198,0.42899999999999977,0.7502508680608704,-0.29735324378971495,0.2192367169231857,1.2404895015805382,-0.02042907794443591
0.37400000000000017,0.198,0.4279999999999999,0.7518179453122572,-0.3005964504302582,0.21031587843496638,1.2351517885965102,-0.01926922204276349
0.37500000000000017,0.198,0.42699999999999977,0.7533602037255202,-0.3038493171118895,0.20142721740275615,1.2298575704414243,-0.017764349335111396
0.37600000000000017,0.198,0.4259999999999999,0.7548777325775049,-0.3071116164934778,0.1925713527126938,1.2246071877463272,-0.015917836634525673
0.37700000000000017,0.198,0.42499999999999977,0.756370623941835,-0.31038312050158656,0.18374889602933114,1.2194009724201684,-0.013733119341254624
0.37800000000000017,0.198,0.4239999999999999,0.7578389726698763,-0.31366360038080193,0.174960451717749,1.214239247650533,-0.011213689837743374
0.37900000000000017,0.198,0.42299999999999977,0.7592828763609101,-0.31695282674402453,0.16620661677246895,1.2091223279062908,-0.00836309587173037
0.38000000000000017,0.198,0.4219999999999999,0.7607024353406958,-0.3202505696232818,0.15748798074014533,1.2040505189367996,-0.005184938935070077
0.38100000000000017,0.198,0.42099999999999976,0.7620977526351378,-0.3235565985187586,0.14880512565411844,1.1990241177889582,-0.0016828726286824691
0.35900000000000015,0.199,0.4419999999999998,0.7225966329580635,-0.2516017318716417,0.3412381152189532,1.3077972229186325,-0.000964672588615767
0.36000000000000015,0.199,0.4409999999999999,0.7245061808301455,-0.25466196611891556,0.33197329640018464,1.301928944579419,-0.004746841345144692
0.36100000000000015,0.199,0.4399999999999998,0.7263901746361529,-0.2577347592401463,0.3227317438527812,1.2960986836519315,-0.008148967959214992
0.36200000000000015,0.199,0.4389999999999999,0.7282486640139849,-0.26081990143748135,0.3135141594302313,1.2903068930212664,-0.011173475852589265
0.36300000000000016,0.199,0.4379999999999998,0.7300817015741513,-0.2639171815139372,0.30432123910818043,1.284554017161413,-0.013822866048339932
0.36400000000000016,0.199,0.4369999999999999,0.7318893428897729,-0.2670263869225102,0.2951536728683561,1.2788404921004908,-0.01609971578885766
0.36500000000000016,0.199,0.4359999999999998,0.7336716464858911,-0.27014730381565744,0.2860121445892548,1.2731667453864797,-0.018006677139528804
0.36600000000000016,0.199,0.4349999999999999,0.7354286738297859,-0.27327971709476856,0.27689733193527244,1.267533196057339,-0.01954647556725736
0.36700000000000016,0.199,0.4339999999999998,0.7371604893166122,-0.2764234104595344,0.2678099062554206,1.261940254616194,-0.02072190850000205
0.36800000000000016,0.199,0.4329999999999999,0.7388671602564997,-0.279578166457973,0.25875053247532187,1.256388323003358,-0.021535843867038662
0.36900000000000016,0.199,0.4319999999999998,0.74054875686086,-0.28274376653584543,0.24971986900235701,1.2508777945783058,-0.02199121862464304
0.37000000000000016,0.199,0.4309999999999999,0.7422053522250849,-0.2859199910867253,0.24071856762501376,1.2454090540981346,-0.022091037260271673
0.37100000000000016,0.199,0.42999999999999977,0.7438370223134205,-0.2891066195016944,0.2317472734181557,1.2399824777029826,-0.021838370282915576
0.37200000000000016,0.199,0.4289999999999999,0.745443845939176,-0.29230343021940997,0.22280662465625986,1.234598432900539,-0.021236352705191613
0.37300000000000016,0.199,0.42799999999999977,0.747025904749039,-0.2955102007756124,0.21389725271679932,1.2292572785587923,-0.02028818249633102
0.37400000000000017,0.199,0.4269999999999999,0.7485832832002256,-0.2987267078534355,0.20501978200066198,1.2239593648932199,-0.018997119041762794
0.37500000000000017,0.199,0.42599999999999977,0.750116068542522,-0.3019527273327478,0.1961748298453252,1.218705033465806,-0.017366481575459974
0.37600000000000017,0.199,0.4249999999999999,0.7516243507954378,-0.3051880343404383,0.18736300644403736,1.213494617176797,-0.015399647611894746
0.37700000000000017,0.199,0.42399999999999977,0.7531082227256256,-0.3084324032995799,0.17858491477214095,1.2083284402692527,-0.013100051364421161
0.37800000000000017,0.199,0.4229999999999999,0.7545677798273736,-0.3116856079791295,0.1698411505063233,1.2032068183299005,-0.010471182153280995
0.37900000000000017,0.199,0.42199999999999976,0.756003120292895,-0.3149474215435238,0.16113230195591463,1.198130058292518,-0.007516582808628658
0.38000000000000017,0.199,0.4209999999999999,0.7574143449915945,-0.3182176166022158,0.15245894999350207,1.1930984584431599,-0.004239848072358082
0.38100000000000017,0.199,0.41999999999999976,0.7588015574433783,-0.3214959652581394,0.14382166798709065,1.188112308436475,-0.0006446229799246528
0.35900000000000015,0.2,0.4409999999999998,0.7195547893770837,-0.2501274900830852,0.335369815452375,1.2961387504580493,-0.003091776579103811
0.36000000000000015,0.2,0.4399999999999999,0.7214517625827883,-0.2531635957124852,0.32614288440996064,1.29030824743049,-0.006672320979784707
0.36100000000000015,0.2,0.4389999999999998,0.7233233898271457,-0.2562120844240878,0.31693967253646677,1.2845159556031147,-0.009878000666808606
0.36200000000000015,0.2,0.4379999999999999,0.7251697221528307,-0.25927274839040493,0.30776087331364216,1.2787623195345605,-0.012711266008386901
0.36300000000000016,0.2,0.4369999999999998,0.7269908135257745,-0.2623453784228087,0.29860717430325895,1.2730477754076106,-0.015174642949795314
0.36400000000000016,0.2,0.4359999999999999,0.7287867208260559,-0.26542976401977814,0.2894792570453215,1.2673727509990116,-0.01727073164717763
0.36500000000000016,0.2,0.4349999999999998,0.7305575038362606,-0.2685256934158623,0.28037779694270487,1.2617376656458437,-0.01900220506975181
0.36600000000000016,0.2,0.4339999999999999,0.7323032252321029,-0.2716329536307217,0.27130346315770537,1.2561429302152607,-0.020371807594242952
0.36700000000000016,0.2,0.4329999999999998,0.7340239505681019,-0.274751330517574,0.2622569185148944,1.2505889470844465,-0.021382353571693824
0.36800000000000016,0.2,0.4319999999999999,0.7357197482641117,-0.27788060881213744,0.25323881939067483,1.2450761101187326,-0.022036725866814988
0.36900000000000016,0.2,0.43099999999999977,0.7373906895918445,-0.28102057218170656,0.24424981562416231,1.2396048046517345,-0.02233787440252527
0.37000000000000016,0.2,0.4299999999999999,0.7390368486577614,-0.2841710032751416,0.23529055042152772,1.234175407459368,-0.022288814685651248
0.37100000000000016,0.2,0.42899999999999977,0.740658302387453,-0.2873316837707298,0.22636166025915214,1.2287882867587119,-0.021892626291314887
0.37200000000000016,0.2,0.4279999999999999,0.7422551305061607,-0.29050239442571774,0.21746377480270238,1.2234438021922274,-0.02115245136515914
0.37300000000000016,0.2,0.42699999999999977,0.7438274155229988,-0.29368291512589123,0.20859751681210406,1.2181423048142586,-0.020071493098223314
0.37400000000000017,0.2,0.4259999999999999,0.7453752427081103,-0.29687302493438034,0.19976350206421484,1.2128841370876595,-0.018653014193166645
0.37500000000000017,0.2,0.42499999999999977,0.7468987000749532,-0.30007250214056946,0.19096233927053122,1.207669632881372,-0.016900335318801113
0.37600000000000017,0.2,0.4239999999999999,0.7483978783573,-0.3032811243089982,0.18219462999666156,1.202499117469927,-0.014816833550174408
0.37700000000000017,0.2,0.42299999999999977,0.7498728709866743,-0.3064986683283477,0.17346096859050433,1.1973729075338297,-0.012405940810034266
0.37800000000000017,0.2,0.4219999999999999,0.7513237740734668,-0.3097249104608085,0.1647619421090912,1.1922913111578768,-0.009671142306058284
0.37900000000000017,0.2,0.42099999999999976,0.752750686376686,-0.31295962638999936,0.1560981302457554,1.1872546278447562,-0.006615974936268032
0.38000000000000017,0.2,0.4199999999999999,0.7541537092838991,-0.3162025912694068,0.14747010526844098,1.1822631485245472,-0.0032440257156708674
0.35800000000000015,0.201,0.4409999999999999,0.7146270935646698,-0.24566512422513143,0.3387515334406602,1.290426919028659,-0.0013323111722537972
0.35900000000000015,0.201,0.4399999999999998,0.7165368567275046,-0.24866494570068406,0.32953921164553973,1.284596274112595,-0.005087899000449203
0.36000000000000015,0.201,0.4389999999999999,0.718421430564881,-0.2516771818842223,0.3203503626447196,1.278803582230617,-0.00847135003852667
0.36100000000000015,0.201,0.4379999999999998,0.7202808646036107,-0.2547016282720578,0.3111856774134325,1.2730492880099245,-0.011485065013476625
0.36200000000000015,0.201,0.4369999999999999,0.7221152112528564,-0.2577380789887538,0.30204584109183413,1.2673338277719477,-0.014131519599214937
0.36300000000000016,0.201,0.4359999999999998,0.7239245257972438,-0.2607863268349094,0.292931532870349,1.2616576294981097,-0.01641326306974511
0.36400000000000016,0.201,0.4349999999999999,0.7257088663868642,-0.26384616333447103,0.28384342588251604,1.2560211128050998,-0.018332916926101173
0.36500000000000016,0.201,0.4339999999999998,0.7274682940261966,-0.2669173787837515,0.27478218709988667,1.2504246889057118,-0.019893173523293117
0.36600000000000016,0.201,0.4329999999999999,0.7292028725645063,-0.26999976229835754,0.2657484772300055,1.244868760596308,-0.021096794653381212
0.36700000000000016,0.201,0.4319999999999998,0.7309126686805734,-0.2730931018624299,0.2567429506128744,1.2393537222230289,-0.02194661012936794
0.36800000000000016,0.201,0.4309999999999999,0.7325977518707183,-0.2761971843763331,0.2477662551297572,1.2338799596681336,-0.022445516346977556
0.36900000000000016,0.201,0.42999999999999977,0.7342581944338383,-0.2793117957051222,0.23881903210159108,1.2284478503312417,-0.022596474823424584
0.37000000000000016,0.201,0.4289999999999999,0.7358940714549067,-0.28243672072714904,0.2299019162027447,1.223057763112223,-0.022402510735579306
0.37100000000000016,0.201,0.42799999999999977,0.7375054607893773,-0.2855717433822495,0.22101553536715776,1.2177100584012588,-0.02186671142985283
0.37200000000000016,0.201,0.4269999999999999,0.7390924430433353,-0.2887166467202731,0.21216051070613742,1.2124050880679234,-0.020992224929974684
0.37300000000000016,0.201,0.42599999999999977,0.7406551015584304,-0.2918712129492733,0.20333745642298195,1.2071431954561123,-0.019782258428490546
0.37400000000000017,0.201,0.4249999999999999,0.7421935223883226,-0.2950352234840124,0.19454697973047475,1.2019247153779502,-0.018240076764014762
0.37500000000000017,0.201,0.42399999999999977,0.743707794281312,-0.2982084589943505,0.18578968077414815,1.1967499741108945,-0.016369000898104336
0.37600000000000017,0.201,0.4229999999999999,0.7451980086578209,-0.3013906994531622,0.17706615255812616,1.1916192894012572,-0.014172406375285967
0.37700000000000017,0.201,0.42199999999999976,0.7466642595871804,-0.30458172418465485,0.16837698086846792,1.1865329704653451,-0.011653721774079973
0.37800000000000017,0.201,0.4209999999999999,0.748106643769492,-0.30778131191244584,0.15972274420877483,1.1814913179943771,-0.008816427166321111
0.37900000000000017,0.201,0.41999999999999976,0.7495252605052308,-0.3109892408072436,0.15110401372685522,1.1764946241644445,-0.005664052543814219
0.38000000000000017,0.201,0.4189999999999999,0.7509202116750819,-0.3142052885347514,0.14252135315321537,1.1715431726453194,-0.00220017626410704
0.35800000000000015,0.202,0.4399999999999999,0.71164524568748,-0.24423760104404882,0.3329208374297161,1.278961500591544,-0.0033994136072656445
0.35900000000000015,0.202,0.4389999999999998,0.7135425790240156,-0.24721398069616207,0.32374633998047814,1.2731685086068698,-0.006957304708074541
0.36000000000000015,0.202,0.4379999999999999,0.7154149258961561,-0.25020260313966475,0.31459575998238687,1.2674136571119299,-0.010148113073353393
0.36100000000000015,0.202,0.4369999999999998,0.7172623372079601,-0.25320326576821245,0.30546978014382065,1.2616973825456261,-0.012974265111826477
0.36200000000000015,0.202,0.4359999999999999,0.7190848666980011,-0.25621576464029816,0.2963690772985108,1.2560201130800537,-0.015438260215754784
0.36300000000000016,0.202,0.4349999999999998,0.7208825709332973,-0.2592398945266898,0.2872943223045496,1.2503822685852988,-0.017542669435832048
0.36400000000000016,0.202,0.4339999999999999,0.722655509298453,-0.26227544895696064,0.27824617993184814,1.2447842606084718,-0.019290134104179457
0.36500000000000016,0.202,0.4329999999999998,0.7244037439846398,-0.26532222026787156,0.26922530876170336,1.2392264923364675,-0.0206833644713042
0.36600000000000016,0.202,0.4319999999999999,0.7261273399801818,-0.2683799996503106,0.2602323610906456,1.2337093585783887,-0.021725138309797443
0.36700000000000016,0.202,0.43099999999999977,0.7278263650549571,-0.2714485771966861,0.2512679828267096,1.2282332457464449,-0.02241829949018187
0.36800000000000016,0.202,0.4299999999999999,0.7295008897483514,-0.2745277419487739,0.24233281340087176,1.2227985318353045,-0.022765756563591866
0.36900000000000016,0.202,0.42899999999999977,0.731150987354338,-0.2776172819450357,0.23342748566898988,1.217405586410171,-0.02277048130780615
0.37000000000000016,0.202,0.4279999999999999,0.7327767339047355,-0.28071698426932706,0.2245526258258658,1.2120547705832827,-0.02243550728393981
0.37100000000000016,0.202,0.42699999999999977,0.7343782081542882,-0.28382663509719847,0.21570885332103176,1.2067464370181173,-0.02176392835518351
0.37200000000000016,0.202,0.4259999999999999,0.7359554915598309,-0.28694601974428413,0.2068967807687171,1.2014809299142577,-0.020758897202875215
0.37300000000000016,0.202,0.42499999999999977,0.737508668265854,-0.29007492271405727,0.19811701387137845,1.1962585850012424,-0.019423623843593918
0.37400000000000017,0.202,0.4239999999999999,0.7390378250811431,-0.2932131277454141,0.189370151340939,1.1910797295362083,-0.017761374121834317
0.37500000000000017,0.202,0.42299999999999977,0.7405430514610672,-0.2963604178599287,0.1806567848205306,1.1859446823066386,-0.015775468194680092
0.37600000000000017,0.202,0.4219999999999999,0.7420244394853245,-0.2995165754092747,0.17197749881457414,1.1808537536329986,-0.01346927901425729
0.37700000000000017,0.202,0.42099999999999976,0.7434820838350013,-0.30268138212301693,0.16333287061615548,1.1758072453692907,-0.010846230801221879
0.37800000000000017,0.202,0.4199999999999999,0.7449160817739453,-0.3058546191556969,0.15472347023933286,1.1708054509118704,-0.007909797513296013
0.37900000000000017,0.202,0.41899999999999976,0.7463265331195774,-0.3090360671338828,0.14614986035827987,1.1658486552096736,-0.004663501306178319
0.38000000000000017,0.202,0.41799999999999987,0.7477135402219168,-0.3122255062027845,0.13761259623896518,1.16093713477943,-0.0011109109833292163
0.35700000000000015,0.203,0.4399999999999998,0.7067767188874147,-0.2398803769595401,0.33628787406003435,1.2734026876962177,-0.001610459457258906
0.35800000000000015,0.203,0.4389999999999999,0.7086866287492719,-0.24282129118218282,0.3271277152246777,1.2676094943809855,-0.005339527043368042
0.35900000000000015,0.203,0.4379999999999998,0.7105717036924085,-0.2457744784832804,0.31799123007146923,1.2618541853151135,-0.00870414038820072
0.36000000000000015,0.203,0.4369999999999999,0.7124319931622728,-0.24873973948140388,0.3088790988679565,1.256137197041531,-0.011706677609279514
0.36100000000000015,0.203,0.4359999999999998,0.7142675494031535,-0.2517168734498362,0.29979199608797463,1.2504589579031946,-0.014349589212943992
0.36200000000000015,0.203,0.4349999999999999,0.7160784274474423,-0.2547056783629812,0.2907305903023505,1.2448198880103052,-0.01663539677717113
0.36300000000000016,0.203,0.4339999999999998,0.7178646851084254,-0.25770595094255117,0.2816955440696499,1.239220399214335,-0.018566691612110997
0.36400000000000016,0.203,0.4329999999999999,0.7196263829706896,-0.26071748670436506,0.27268751384168555,1.233660895079265,-0.020146133419162993
0.36500000000000016,0.203,0.4319999999999998,0.7213635843781787,-0.26374008000524274,0.26370714985658567,1.2281417708557856,-0.021376448914989687
0.36600000000000016,0.203,0.4309999999999999,0.7230763554244295,-0.26677352408937227,0.25475509604262403,1.2226634134647891,-0.022260430442647555
0.36700000000000016,0.203,0.42999999999999977,0.7247647649377027,-0.2698176111355723,0.2458319899256459,1.217226201474562,-0.022800934573820264
0.36800000000000016,0.203,0.4289999999999999,0.7264288844681192,-0.27287213230402146,0.23693846253493586,1.2118305050869298,-0.023000880687610026
0.36900000000000016,0.203,0.42799999999999977,0.7280687882733927,-0.2759368777831368,0.22807513831500978,1.2064766861247085,-0.022863249539888553
0.37000000000000016,0.203,0.4269999999999999,0.7296845533016258,-0.2790116368370223,0.21924263503746017,1.2011650980159563,-0.022391081820932884
0.37100000000000016,0.203,0.42599999999999977,0.7312762591761804,-0.2820961978520056,0.2104415637171979,1.195896085790356,-0.021587476695621888
0.37200000000000016,0.203,0.4249999999999999,0.7328439881758843,-0.2851903483836977,0.20167252853531628,1.1906699860723657,-0.02045559033972319
0.37300000000000016,0.203,0.42399999999999977,0.7343878252193424,-0.2882938752041193,0.19293612675195823,1.1854871270759022,-0.018998634457305125
0.37400000000000017,0.203,0.4229999999999999,0.7359078578424503,-0.29140656434836437,0.18423294863829606,1.1803478286056697,-0.017219874797806817
0.37500000000000017,0.203,0.42199999999999976,0.7374041761806337,-0.2945282011614402,0.1755635773995055,1.1752524020583823,-0.01512262965948255
0.37600000000000017,0.203,0.4209999999999999,0.7388768729463596,-0.29765857034528315,0.16692858910398103,1.170201150423853,-0.012710268388303136
0.37700000000000017,0.203,0.41999999999999976,0.7403260434068164,-0.300797456005023,0.15832855261817627,1.1651943682949069,-0.00998620986880741
0.37800000000000017,0.203,0.4189999999999999,0.741751785365126,-0.3039446416955369,0.14976402953851636,1.1602323418755076,-0.006953921010617953
0.37900000000000017,0.203,0.41799999999999976,0.7431541991310098,-0.3070999104680062,0.1412355741299745,1.1553153489899644,-0.0036169152277948924
0.35700000000000015,0.20400000000000001,0.4389999999999998,0.7038533740268949,-0.23849794659000503,0.33049459949493004,1.2621253225726001,-0.0036215648214891205
0.35800000000000015,0.20400000000000001,0.4379999999999999,0.7057509963370495,-0.24141608278230234,0.3213721971879176,1.2563696544746499,-0.007156761151743185
0.35900000000000015,0.20400000000000001,0.4369999999999998,0.7076239815161836,-0.24434632390041466,0.31227390515546444,1.250652051961077,-0.010332437807953676
0.36000000000000015,0.20400000000000001,0.4359999999999999,0.7094723803599525,-0.24728847238996324,0.30320039549845357,1.2449729435250039,-0.013150997373293949
0.36100000000000015,0.20400000000000001,0.4349999999999998,0.7112962464169635,-0.25024232938696567,0.294152334492731,1.2393327494970474,-0.015614912927256142
0.36200000000000015,0.20400000000000001,0.4339999999999999,0.7130956359779285,-0.25320769476318006,0.28513038248279754,1.2337318820197916,-0.017726726729088482
0.36300000000000016,0.20400000000000001,0.4329999999999998,0.7148706080682435,-0.25618436717285786,0.27613519377429263,1.2281707450106367,-0.01948904889980696
0.36400000000000016,0.20400000000000001,0.4319999999999999,0.7166212244381779,-0.25917214409839323,0.26716741654103593,1.2226497341411682,-0.02090455608044589
0.36500000000000016,0.20400000000000001,0.43099999999999977,0.7183475495508859,-0.2621708218961153,0.25822769272125484,1.2171692368184757,-0.021975990059790396
0.36600000000000016,0.20400000000000001,0.4299999999999999,0.7200496505726229,-0.26518019584234875,0.2493166579247163,1.211729632166871,-0.022706156400424532
0.36700000000000016,0.20400000000000001,0.42899999999999977,0.7217275973579407,-0.2682000601801035,0.24043494134395746,1.2063312910061224,-0.02309792305393546
0.36800000000000016,0.20400000000000001,0.4279999999999999,0.7233814624363647,-0.2712302081654734,0.2315831656583005,1.2009745758360466,-0.0231542189496792
0.36900000000000016,0.20400000000000001,0.42699999999999977,0.7250113209984987,-0.2742704321131896,0.22276194695243678,1.1956598408328423,-0.022878032573822538
0.37000000000000016,0.20400000000000001,0.4259999999999999,0.7266172508787397,-0.27732052344339775,0.2139718946299095,1.1903874318349257,-0.022272410539634774
0.37100000000000016,0.20400000000000001,0.42499999999999977,0.7281993325401245,-0.2803802727277429,0.20521361133150956,1.1851576863385782,-0.021340456144101932
0.37200000000000016,0.20400000000000001,0.4239999999999999,0.7297576490543309,-0.28344946973641494,0.19648769285817547,1.1799709334858823,-0.02008532792288062
0.37300000000000016,0.20400000000000001,0.42299999999999977,0.7312922860865109,-0.2865279034833344,0.18779472809124773,1.1748274940738839,-0.018510238176429994
0.37400000000000017,0.20400000000000001,0.4219999999999999,0.7328033318724309,-0.28961536227249024,0.1791352989223318,1.1697276805534846,-0.01661845150236474
0.37500000000000017,0.20400000000000001,0.42099999999999976,0.7342908772012384,-0.2927116337445972,0.17050998018323288,1.164671797026911,-0.014413283326780019
0.37600000000000017,0.20400000000000001,0.4199999999999999,0.7357550153925225,-0.29581650492297346,0.16191933957200855,1.15966013925458,-0.011898098410004443
0.37700000000000017,0.20400000000000001,0.41899999999999976,0.7371958422744397,-0.2989297622590088,0.1533639375934899,1.1546929946672,-0.009076309359645873
0.37800000000000017,0.20400000000000001,0.41799999999999987,0.738613456165279,-0.30205119167793953,0.14484432749578513,1.1497706423757617,-0.005951375139045034
0.37900000000000017,0.20400000000000001,0.41699999999999976,0.7400079578437173,-0.3051805786247843,0.1363610552054778,1.1448933531809589,-0.0025267995605811333
0.35600000000000015,0.20500000000000002,0.4389999999999999,0.6990426098680914,-0.23424280258333757,0.33384710433902154,1.2567147991205416,-0.0018068547531966406
0.35700000000000015,0.20500000000000002,0.4379999999999998,0.7009526028533124,-0.2371262669956724,0.32473877129146606,1.2509588693689113,-0.0055094771339990745
0.35800000000000015,0.20500000000000002,0.4369999999999999,0.7028381052908137,-0.24002186533920083,0.31565430736280375,1.2452407509294816,-0.008855112626468042
0.35900000000000015,0.20500000000000002,0.4359999999999998,0.7046991665839126,-0.24292940318950357,0.3065943822755105,1.2395608724305756,-0.01184611684857495
0.36000000000000015,0.20500000000000002,0.4349999999999999,0.7065358388432711,-0.24584868480240088,0.29755966000506884,1.2339196544073503,-0.01448491533105628
0.36100000000000015,0.20500000000000002,0.4339999999999998,0.7083481768866854,-0.24877951315933175,0.2885507986666521,1.2283175092669798,-0.016774002240095176
0.36200000000000015,0.20500000000000002,0.4329999999999999,0.7101362382285206,-0.2517216900124255,0.2795684504162802,1.2227548412617568,-0.018715939076017485
0.36300000000000016,0.20500000000000002,0.4319999999999998,0.7119000830725464,-0.2546750159293306,0.2706132613501727,1.2172320464688564,-0.02031335335020379
0.36400000000000016,0.20500000000000002,0.4309999999999999,0.7136397743012565,-0.25763929033909827,0.26168587140581157,1.211749512761995,-0.021568937253621856
0.36500000000000016,0.20500000000000002,0.42999999999999977,0.7153553774646461,-0.2606143115773821,0.25278691427017347,1.2063076197944393,-0.022485446304515766
0.36600000000000016,0.20500000000000002,0.4289999999999999,0.7170469607697771,-0.26359987693198406,0.24391701728300874,1.200906738981416,-0.023065697978654515
0.36700000000000016,0.20500000000000002,0.42799999999999977,0.7187145950658737,-0.2665957826882832,0.23507680135009687,1.1955472334869346,-0.023312570327558346
0.36800000000000016,0.20500000000000002,0.4269999999999999,0.7203583538316243,-0.2696018241751649,0.22626688085685004,1.1902294582080915,-0.02322900058976493
0.36900000000000016,0.20500000000000002,0.42599999999999977,0.7219783131604965,-0.2726177958104804,0.21748786358110056,1.1849537597672148,-0.02281798377935007
0.37000000000000016,0.20500000000000002,0.4249999999999999,0.723574551743804,-0.27564349114658493,0.20874035061278828,1.17972047650555,-0.022082571267536155
0.37100000000000016,0.20500000000000002,0.42399999999999977,0.72514715085572,-0.2786787029159188,0.20002493627639545,1.174529938478772,-0.02102586935751577
0.37200000000000016,0.20500000000000002,0.4229999999999999,0.7266961943328909,-0.2817232230771064,0.19134220805174315,1.1693824674492488,-0.019651037846458747
0.37300000000000016,0.20500000000000002,0.42199999999999976,0.728221768559902,-0.28477684285975735,0.18269274650279302,1.1642783768936715,-0.01796128857822296
0.37400000000000017,0.20500000000000002,0.4209999999999999,0.7297239624460832,-0.2878393528103204,0.17407712520553745,1.1592179720013962,-0.01595988398907275
0.37500000000000017,0.20500000000000002,0.41999999999999976,0.7312028674081089,-0.29091054283733836,0.16549591067790378,1.1542015496805282,-0.01365013564647144
0.37600000000000017,0.20500000000000002,0.4189999999999999,0.7326585773481219,-0.29399020225707273,0.1569496623177089,1.1492293985616044,-0.011035402789374787
0.37700000000000017,0.20500000000000002,0.41799999999999976,0.7340911886309643,-0.29707811983809457,0.14843893233527183,1.144301799012784,-0.008119090845921773
0.37800000000000017,0.20500000000000002,0.41699999999999987,0.7355008000663499,-0.30017408384668565,0.13996426569708248,1.1394190231478398,-0.00490464997027501
0.37900000000000017,0.20500000000000002,0.41599999999999976,0.7368875128794248,-0.30327788209165535,0.13152620006448243,1.134581334840848,-0.0013955735541941183
0.35600000000000015,0.20600000000000002,0.4379999999999999,0.6961763229259315,-0.23290390406824638,0.3280910627720622,1.2456206571472994,-0.003765681230091189
0.35700000000000015,0.20600000000000002,0.4369999999999998,0.6980741681240653,-0.2357652321581065,0.3190204143013026,1.2399021199555473,-0.007278158777788923
0.35800000000000015,0.20600000000000002,0.4359999999999999,0.69994771565206,-0.23863852968286614,0.30997406364396446,1.234221569498646,-0.0104384682471923
0.35900000000000015,0.20600000000000002,0.4349999999999998,0.7017970162376529,-0.24152360397751713,0.3009526724608936,1.2285794264932315,-0.013248988563004438
0.36000000000000015,0.20600000000000002,0.4339999999999999,0.7036221232712421,-0.24442026109258713,0.29195689663451263,1.2229761035931555,-0.0157121667365418
0.36100000000000015,0.20600000000000002,0.4329999999999998,0.7054230928055488,-0.2473283058376121,0.2829873861586398,1.2174120053720738,-0.01783051657706919
0.36200000000000015,0.20600000000000002,0.4319999999999999,0.7071999835451526,-0.2502475418266308,0.2740447850447009,1.2118875282867927,-0.019606617414030303
0.36300000000000016,0.20600000000000002,0.43099999999999977,0.7089528568388607,-0.2531777715223689,0.26512973121971584,1.2064030606596519,-0.021043112776782474
0.36400000000000016,0.20600000000000002,0.4299999999999999,0.7106817766692377,-0.25611879628159795,0.25624285643329175,1.200958982651294,-0.022142709076240247
0.36500000000000016,0.20600000000000002,0.42899999999999977,0.7123868096409703,-0.2590704163988692,0.2473847861646582,1.1955556662549798,-0.02290817424800365
0.36600000000000016,0.20600000000000002,0.4279999999999999,0.7140680249708187,-0.2620324311522065,0.23855613953342777,1.1901934752721948,-0.02334233640822811
0.36700000000000016,0.20600000000000002,0.42699999999999977,0.7157254944723564,-0.26500463884799047,0.22975752921180273,1.1848727653004103,-0.02344808248011032
0.36800000000000016,0.20600000000000002,0.4259999999999999,0.7173592925433099,-0.26798683686569036,0.22098956134137412,1.1795938837251987,-0.023228356811757334
0.36900000000000016,0.20600000000000002,0.42499999999999977,0.7189694961507668,-0.27097882170303844,0.21225283544733256,1.1743571697101192,-0.022686159780789056
0.37000000000000016,0.20600000000000002,0.4239999999999999,0.7205561848146371,-0.27398038902060884,0.20354794436463106,1.1691629541952973,-0.021824546391314675
0.37100000000000016,0.20600000000000002,0.42299999999999977,0.7221194405922626,-0.27699133368701795,0.1948754741582844,1.1640115598915395,-0.020646624861166474
0.37200000000000016,0.20600000000000002,0.4219999999999999,0.7236593480582335,-0.28001144982434073,0.1862360040481624,1.1589033012743233,-0.01915555520090123
0.37300000000000016,0.20600000000000002,0.42099999999999976,0.7251759942898489,-0.2830405308519286,0.1776301063396555,1.1538384845961651,-0.01735454777902984
0.37400000000000017,0.20600000000000002,0.4199999999999999,0.7266694688443425,-0.286078369531742,0.16905834635722397,1.1488174078847189,-0.015246861890391233
0.37500000000000017,0.20600000000000002,0.41899999999999976,0.7281398637410408,-0.289124758012966,0.16052128237126612,1.1438403609497956,-0.012835804306487258
0.37600000000000017,0.20600000000000002,0.41799999999999987,0.7295872734401311,-0.2921794878769906,0.1520194655437487,1.1389076253879653,-0.010124727840926384
0.37700000000000017,0.20600000000000002,0.41699999999999976,0.7310117948195468,-0.29524235018117184,0.1435534398582797,1.1340194746004486,-0.007117029879014136
0.37800000000000017,0.20600000000000002,0.41599999999999987,0.7324135271575049,-0.29831313550293204,0.1351237420684573,1.129176173808241,-0.0038161509320267795
0.37900000000000017,0.20600000000000002,0.41499999999999976,0.7337925721033903,-0.30139163398512625,0.12673090164016004,1.124377980055626,-0.00022557318173030416
0.35500000000000015,0.20700000000000002,0.4379999999999998,0.6914219569007164,-0.22874788844288094,0.3314291824413434,1.2403538668813765,-0.001928660812215044
0.35600000000000015,0.20700000000000002,0.4369999999999999,0.6933319742552059,-0.23157531427527395,0.3223723352239136,1.2346350069809977,-0.005604926134387345
0.35700000000000015,0.20700000000000002,0.4359999999999998,0.6952178356985169,-0.23441473732137777,0.31333954728344193,1.228953881542426,-0.008931464042298554
0.35800000000000015,0.20700000000000002,0.4349999999999999,0.6970795906148595,-0.2372659679546769,0.3043314779625406,1.2233109114476428,-0.011910607766022763
0.35900000000000015,0.20700000000000002,0.4339999999999998,0.6989172910218695,-0.2401288152538518,0.2953487808980311,1.217706509589482,-0.014544758072860764
0.36000000000000015,0.20700000000000002,0.4329999999999999,0.7007309915554104,-0.24300308704723897,0.28639210391523406,1.2121410808338957,-0.01683638201359383
0.36100000000000015,0.20700000000000002,0.4319999999999998,0.7025207494698145,-0.2458885899561536,0.2774620889289241,1.206615021999877,-0.01878801165447519
0.36200000000000015,0.20700000000000002,0.4309999999999999,0.7042866246267473,-0.24878512943876996,0.26855937184563894,1.201128721836668,-0.020402242786495883
0.36300000000000016,0.20700000000000002,0.42999999999999977,0.7060286794877686,-0.25169250983441166,0.2596845824675858,1.1956825610000579,-0.021681733626220667
0.36400000000000016,0.20700000000000002,0.4289999999999999,0.7077469791039664,-0.25461053440771914,0.25083834440424874,1.1902769120336574,-0.022629203501721068
0.36500000000000016,0.20700000000000002,0.42799999999999977,0.7094415911036123,-0.2575390053926388,0.24202127497466613,1.1849121393554451,-0.02324743150843689
0.36600000000000016,0.20700000000000002,0.4269999999999999,0.7111125856826211,-0.26047772403673497,0.23323398512704424,1.179588599243687,-0.023539255173572776
0.36700000000000016,0.20700000000000002,0.42599999999999977,0.7127600355891626,-0.2634264906458328,0.22447707935218122,1.1743066398221884,-0.023507569097647535
0.36800000000000016,0.20700000000000002,0.4249999999999999,0.7143840161106522,-0.2663851046276499,0.21575115559919908,1.169066601059182,-0.023155323575839132
0.36900000000000016,0.20700000000000002,0.42399999999999977,0.7159846050596965,-0.26935336453683206,0.2070568052000801,1.1638688147533922,-0.02248552323060965
0.37000000000000016,0.20700000000000002,0.4229999999999999,0.7175618827567468,-0.27233106811876917,0.19839461278928502,1.15871360453556,-0.021501225611251118
0.37100000000000016,0.20700000000000002,0.42199999999999976,0.7191159320149437,-0.27531801235415965,0.18976515622874893,1.1536012858639506,-0.02020553979860623
0.37200000000000016,0.20700000000000002,0.4209999999999999,0.7206468381206803,-0.2783139935030302,0.18116900654217424,1.1485321660275039,-0.018601625000986555
0.37300000000000016,0.20700000000000002,0.41999999999999976,0.722154688818275,-0.2813188071490148,0.17260672783914727,1.1435065441479006,-0.01669268913669647
0.37400000000000017,0.20700000000000002,0.4189999999999999,0.7236395742874362,-0.28433224824331294,0.16407887725259737,1.1385247111864354,-0.014481987414177028
0.37500000000000017,0.20700000000000002,0.41799999999999976,0.7251015871260411,-0.287354111149073,0.1555860048733362,1.1335869499478668,-0.011972820910772924
0.37600000000000017,0.20700000000000002,0.41699999999999987,0.7265408223282771,-0.29038418968458785,0.1471286536903415,1.12869353509747,-0.009168535137395628
0.37700000000000017,0.20700000000000002,0.41599999999999976,0.7279573772625374,-0.2934222771674642,0.1387073595318842,1.1238447331690797,-0.0060725186082532245
0.37800000000000017,0.20700000000000002,0.41499999999999987,0.7293513516532683,-0.29646816645851004,0.13032265100782012,1.1190408025769123,-0.0026882014080317485
0.35400000000000015,0.20800000000000002,0.4379999999999999,0.6866893057673962,-0.22465713559008832,0.334753241529535,1.2351573690486146,-1.6010466386551236e-06
0.35500000000000015,0.20800000000000002,0.4369999999999998,0.6886113285249635,-0.22745102269669962,0.3257101798138502,1.2294382813498792,-0.0038386611036611007
0.35600000000000015,0.20800000000000002,0.4359999999999999,0.6905093354006877,-0.23025693270178205,0.31669094132431524,1.2237566767882828,-0.007328411958169023
0.35700000000000015,0.20800000000000002,0.4349999999999998,0.6923833744901726,-0.23307467897715883,0.307696183077369,1.2181129763950203,-0.010473142053989914
0.35800000000000015,0.20800000000000002,0.4339999999999999,0.6942334964766854,-0.23590407359103183,0.29872655645398705,1.2125075932734566,-0.0132752068187586
0.35900000000000015,0.20800000000000002,0.4329999999999998,0.6960597546337776,-0.23874492735094566,0.2897827071029672,1.2069409325702019,-0.01573702744972466
0.36000000000000015,0.20800000000000002,0.4319999999999999,0.6978622048093835,-0.24159704984671382,0.28086527483079027,1.2014133914508451,-0.01786108964599753
0.36100000000000015,0.20800000000000002,0.43099999999999977,0.6996409054265763,-0.24446024949424516,0.27197489351293114,1.1959253590692716,-0.01964994236993911
0.36200000000000015,0.20800000000000002,0.4299999999999999,0.7013959174722019,-0.2473343335784068,0.2631121909970379,1.190477216552058,-0.021106196556787693
0.36300000000000016,0.20800000000000002,0.42899999999999977,0.7031273044888756,-0.2502191082968574,0.25427778900401243,1.1850693369751997,-0.022232523820072764
0.36400000000000016,0.20800000000000002,0.4279999999999999,0.7048351325650544,-0.2531143788027925,0.24547230304793455,1.1797020853565408,-0.023031655143603363
0.36500000000000016,0.20800000000000002,0.42699999999999977,0.706519470322436,-0.25601994924966104,0.236696342338503,1.174375818629083,-0.023506379561505225
0.36600000000000016,0.20800000000000002,0.4259999999999999,0.7081803889064032,-0.25893562283427085,0.22795050970343067,1.1690908856355167,-0.023659542826711205
0.36700000000000016,0.20800000000000002,0.42499999999999977,0.709817961970601,-0.26186120184026285,0.21923540150411952,1.1638476271211653,-0.02349404605847169
0.36800000000000016,0.20800000000000002,0.4239999999999999,0.7114322656638562,-0.26479648768181185,0.2105516075531048,1.1586463757268641,-0.02301284438383744
0.36900000000000016,0.20800000000000002,0.42299999999999977,0.7130233786160931,-0.2677412809476734,0.20189971104063287,1.1534874559805115,-0.022218945579448285
0.37000000000000016,0.20800000000000002,0.4219999999999999,0.7145913819213618,-0.27069538144484806,0.19328028846031678,1.1483711842949815,-0.02111540869484632
0.37100000000000016,0.20800000000000002,0.42099999999999976,0.7161363591223999,-0.2736585882417645,0.1846939095329845,1.1432978689730193,-0.01970534266073401
0.37200000000000016,0.20800000000000002,0.4199999999999999,0.7176583961912714,-0.27663069971200854,0.17614113714346827,1.1382678102079693,-0.017991904904795908
0.37300000000000016,0.20800000000000002,0.41899999999999976,0.7191575815141753,-0.2796115135778123,0.16762252726773932,1.1332813000886457,-0.015978299950335673
0.37400000000000017,0.20800000000000002,0.41799999999999987,0.7206340058690265,-0.28260082695394023,0.15913862891281194,1.1283386226015262,-0.013667778019313043
0.37500000000000017,0.20800000000000002,0.41699999999999976,0.7220877624084387,-0.2855984363903371,0.15068998405457273,1.123440053646952,-0.011063633620278873
0.37600000000000017,0.20800000000000002,0.41599999999999987,0.7235189466377878,-0.288604137915269,0.1422771275782209,1.1185858610510653,-0.008169204135064861
0.37700000000000017,0.20800000000000002,0.41499999999999976,0.7249276563930938,-0.291617727078862,0.1339005872200726,1.113776304574661,-0.004987868405937762
0.37800000000000017,0.20800000000000002,0.41399999999999987,0.7263139918236574,-0.2946389989961075,0.12556088351854985,1.109011635928251,-0.0015230453286834145
0.35400000000000015,0.209,0.43699999999999994,0.6839120363586715,-0.2233912890579254,0.3290340581750274,1.2243108334115314,-0.0019825097425411053
0.35500000000000015,0.209,0.43599999999999983,0.685822023980057,-0.2261640431076775,0.3200283543360209,1.21862884447301,-0.005632518139113751
0.35600000000000015,0.209,0.43499999999999994,0.6877081808659987,-0.22894866003204925,0.3110468948298093,1.2129845094633862,-0.008939857728907763
0.35700000000000015,0.209,0.43399999999999983,0.6895705564200482,-0.2317449548495307,0.3020903287760743,1.2073782416811514,-0.01190683949530319
0.35800000000000015,0.209,0.43299999999999994,0.6914092025907956,-0.23455274130823475,0.2931592996297154,1.2018104465366548,-0.014535839651127203
0.35900000000000015,0.209,0.43199999999999983,0.69322417387428,-0.2373718319291319,0.2842544450862628,1.1962815215154594,-0.01682929844072173
0.36000000000000015,0.209,0.43099999999999994,0.6950155272984323,-0.24020203804786908,0.27537639697939087,1.190791856162775,-0.01878971887671002
0.36100000000000015,0.209,0.4299999999999998,0.6967833224229906,-0.24304316985794078,0.26652578118649684,1.1853418320557072,-0.020419665499179146
0.36200000000000015,0.209,0.42899999999999994,0.6985276213281751,-0.2458950364532954,0.2577032175359705,1.179931822785887,-0.021721763099418645
0.36300000000000016,0.209,0.4279999999999998,0.7002484886071398,-0.2487574458713157,0.2489093197169257,1.1745621939411879,-0.022698695437682492
0.36400000000000016,0.209,0.42699999999999994,0.7019459913553578,-0.2516302051354658,0.24014469519446072,1.169233303094449,-0.02335320394355761
0.36500000000000016,0.209,0.4259999999999998,0.7036201991583703,-0.2545131202987192,0.23140994511895602,1.1639454997863472,-0.023688086403286096
0.36600000000000016,0.209,0.42499999999999993,0.7052711840819496,-0.25740599648623985,0.22270566424821656,1.1586991255195374,-0.023706195639440014
0.36700000000000016,0.209,0.4239999999999998,0.7068990206567325,-0.26030863793873815,0.2140324408662459,1.1534945137478285,-0.023410438177104753
0.36800000000000016,0.209,0.42299999999999993,0.7085037858652529,-0.2632208480551086,0.20539085670429275,1.1483319898756705,-0.022803772894847307
0.36900000000000016,0.209,0.4219999999999998,0.7100855591279016,-0.26614242943591965,0.19678148687010452,1.143211871250495,-0.02188920968157032
0.37000000000000016,0.209,0.42099999999999993,0.7116444222856741,-0.2690731839262913,0.18820489977243215,1.1381344671638023,-0.020669808069039675
0.37100000000000016,0.209,0.4199999999999998,0.7131804595850172,-0.2720129126584583,0.17966165704981632,1.1331000788573158,-0.01914867585887009
0.37200000000000016,0.209,0.41899999999999993,0.7146937576585897,-0.2749614160954845,0.1711523135101652,1.1281089995185254,-0.01732896776098425
0.37300000000000016,0.209,0.4179999999999998,0.7161844055100299,-0.2779184940732534,0.16267741705895014,1.1231615142959843,-0.015213883999225492
0.37400000000000017,0.209,0.4169999999999999,0.7176524944917452,-0.2808839458436972,0.15423750864237817,1.1182579003027104,-0.01280666893332194
0.37500000000000017,0.209,0.4159999999999998,0.7190981182877967,-0.28385757011752355,0.1458331221853706,1.1133984266260932,-0.01011060966908911
0.37600000000000017,0.209,0.4149999999999999,0.7205213728921599,-0.2868391651061816,0.1374647845348972,1.1085833543464492,-0.007129034659735051
0.37700000000000017,0.209,0.4139999999999998,0.7219223565872641,-0.28982852856480257,0.12913301540907882,1.1038129365463414,-0.0038653123191167704
0.37800000000000017,0.209,0.4129999999999999,0.7233011699258027,-0.29282545783392855,0.12083832734054238,1.0990874183328194,-0.00032284961770173703
0.35300000000000015,0.21,0.43699999999999983,0.6792339037574664,-0.21939506517083338,0.33234408082289285,1.2192515740132022,-3.9520896684575035e-05
0.35400000000000015,0.21,0.43599999999999994,0.6811557111859112,-0.2221350160548823,0.323351895315011,1.2135692943439669,-0.0038468902975065666
0.35500000000000015,0.21,0.43499999999999983,0.6830538232332967,-0.2248868543932102,0.3143837206888243,1.2079244193033378,-0.007313921453652894
0.35600000000000015,0.21,0.43399999999999994,0.6849282880686117,-0.22765039811539273,0.30544020379218595,1.2023173623755488,-0.01044288176276209
0.35700000000000015,0.21,0.43299999999999983,0.686779156369899,-0.23042546387247437,0.29652198588350326,1.196748529211708,-0.01323610334570613
0.35800000000000015,0.21,0.43199999999999994,0.6886064813183145,-0.2332118670785696,0.28762970253106535,1.1912183176042663,-0.015695981843356854
0.35900000000000015,0.21,0.4309999999999998,0.6904103186001244,-0.23600942195252592,0.27876398351787246,1.1857271174648347,-0.01782497520736226
0.36000000000000015,0.21,0.42999999999999994,0.6921907263909729,-0.2388179415595424,0.2699254527407372,1.18027531080629,-0.019625602448408802
0.36100000000000015,0.21,0.4289999999999998,0.6939477653559516,-0.24163723785411098,0.2611147281216776,1.1748632717130452,-0.021100442410697612
0.36200000000000015,0.21,0.42799999999999994,0.6956814986383214,-0.24446712172183102,0.25233242151901397,1.1694913663282833,-0.02225213250303343
0.36300000000000016,0.21,0.4269999999999998,0.6973919918514128,-0.24730740302186302,0.24357913863403016,1.1641599528369286,-0.023083367420961315
0.36400000000000016,0.21,0.42599999999999993,0.6990793130681637,-0.25015789062867105,0.23485547893111636,1.1588693814598157,-0.023596897856377502
0.36500000000000016,0.21,0.4249999999999998,0.7007435328090376,-0.25301839247524727,0.22616203555174136,1.1536199944338215,-0.02379552920314093
0.36600000000000016,0.21,0.42399999999999993,0.7023847240318744,-0.2558887155952818,0.21749939523578604,1.1484121260068094,-0.023682120246033056
0.36700000000000016,0.21,0.4229999999999998,0.7040029621167435,-0.2587686661653305,0.20886813824512382,1.1432461024349256,-0.023259581835927967
0.36800000000000016,0.21,0.42199999999999993,0.705598324852793,-0.26165804954743904,0.2002688382848991,1.138122241977034,-0.022530875558535363
0.36900000000000016,0.21,0.4209999999999998,0.7071708924241653,-0.26455667033155994,0.1917020624344015,1.1330408548935909,-0.021499012399642387
0.37000000000000016,0.21,0.41999999999999993,0.7087207473931421,-0.26746433237816136,0.18316837107769307,1.1280022434453552,-0.020167051400580005
0.37100000000000016,0.21,0.4189999999999998,0.710247974684854,-0.2703808388601332,0.174668317832569,1.1230067019013783,-0.018538098298028383
0.37200000000000016,0.21,0.4179999999999999,0.7117526615679567,-0.2733059923051559,0.16620244949064425,1.1180545165434332,-0.016615304169839112
0.37300000000000016,0.21,0.4169999999999998,0.7132348976396857,-0.27623959463805065,0.1577713059500419,1.1131459656720575,-0.014401864069829518
0.37400000000000017,0.21,0.4159999999999999,0.7146947748036773,-0.27918144722301236,0.1493754201598871,1.1082813196150805,-0.011901015662552583
0.37500000000000017,0.21,0.4149999999999998,0.7161323872530325,-0.2821313509051095,0.14101531806115764,1.1034608407447355,-0.009116037847358066
0.37600000000000017,0.21,0.4139999999999999,0.7175478314487469,-0.2850891060521726,0.1326915185324995,1.0986847834914288,-0.0060502493841566585
0.37700000000000017,0.21,0.4129999999999998,0.7189412060978935,-0.28805451259688164,0.12440453333632732,1.0939533943562496,-0.0027070075178323716
0.35300000000000015,0.211,0.43599999999999983,0.6765102072873516,-0.21816881885803527,0.3266616736763077,1.2085769562331705,-0.001974540714822892
0.35400000000000015,0.211,0.43499999999999994,0.6784201155561416,-0.22088822518699858,0.3177067685569597,1.2029316346651353,-0.005598403267749075
0.35500000000000015,0.211,0.43399999999999983,0.6803065090748146,-0.22361936238023017,0.308776287888511,1.1973238830253925,-0.008886461496301179
0.35600000000000015,0.211,0.43299999999999994,0.682169437295455,-0.22636204995395415,0.2998708707207302,1.191754107190177,-0.011841004279573908
0.35700000000000015,0.211,0.43199999999999983,0.6840089521376954,-0.2291161061782216,0.29099115048513224,1.1862227052420304,-0.014464383518755675
0.35800000000000015,0.211,0.43099999999999994,0.6858251079831217,-0.23188134811789798,0.28213775490261067,1.180730067447149,-0.0167590129450072
0.35900000000000015,0.211,0.4299999999999998,0.6876179616762454,-0.23465759167440933,0.2733113058801976,1.1752765762276247,-0.018727366914769283
0.36000000000000015,0.211,0.42899999999999994,0.6893875725095776,-0.23744465162708978,0.264512419423252,1.169862606142409,-0.020371979179500566
0.36100000000000015,0.211,0.4279999999999998,0.691134002223102,-0.2402423416748589,0.25574170554355896,1.1644885238679563,-0.021695441653198477
0.36200000000000015,0.211,0.42699999999999994,0.6928573149927564,-0.24305047447725575,0.2469997681708886,1.1591546881896995,-0.022700403148457365
0.36300000000000016,0.211,0.4259999999999998,0.6945575774227937,-0.2458688616968283,0.23828720506822162,1.1538614499808124,-0.023389568121376686
0.36400000000000016,0.211,0.42499999999999993,0.6962348585347262,-0.24869731404097287,0.22960460774790206,1.1486091521905633,-0.023765695392720082
0.36500000000000016,0.211,0.4239999999999998,0.6978892297557634,-0.2515356413033026,0.2209525613942863,1.1433981298407239,-0.023831596856765253
0.36600000000000016,0.211,0.42299999999999993,0.6995207649081356,-0.2543836524054161,0.21233164478161326,1.1382287100198054,-0.02359013617908093
0.36700000000000016,0.211,0.4219999999999998,0.7011295401940871,-0.25724115543924664,0.20374243020148702,1.133101211873217,-0.023044227494860264
0.36800000000000016,0.211,0.42099999999999993,0.7027156341831656,-0.26010795770864964,0.19518548339115124,1.1280159466041926,-0.022196834091568474
0.36900000000000016,0.211,0.4199999999999998,0.7042791277976359,-0.2629838657712319,0.18666136346069925,1.1229732174739375,-0.021050967082227756
0.37000000000000016,0.211,0.41899999999999993,0.7058201042957143,-0.26586868547959963,0.1781706228264923,1.1179733198097899,-0.019609684069252176
0.37100000000000016,0.211,0.4179999999999998,0.7073386492566622,-0.26876222202383543,0.16971380714582604,1.11301654100167,-0.017876087815873354
0.37200000000000016,0.211,0.4169999999999999,0.7088348505612038,-0.2716642799729926,0.16129145525557884,1.1081031605107114,-0.015853324901275778
0.37300000000000016,0.211,0.4159999999999998,0.7103087983771406,-0.2745746633161479,0.15290409911209238,1.1032334498837157,-0.013544584371883106
0.37400000000000017,0.211,0.4149999999999999,0.7117605851367023,-0.2774931755040836,0.14455226373161773,1.0984076727618861,-0.010953096387724903
0.37500000000000017,0.211,0.4139999999999998,0.7131903055199657,-0.28041961949060223,0.1362364671358975,1.0936260848944044,-0.008082130871732623
0.37600000000000017,0.211,0.4129999999999999,0.7145980564337295,-0.2833537977740955,0.12795722030316553,1.08888893415017,-0.004934996160330829
0.37700000000000017,0.211,0.4119999999999998,0.715983936989452,-0.2862955124380254,0.11971502711221965,1.0841964605413297,-0.0015150376340580252
0.35200000000000015,0.212,0.43599999999999994,0.6718853230630059,-0.21426443819849483,0.32995779924843543,1.203650779636528,-1.838913586471591e-05
0.35300000000000015,0.212,0.43499999999999983,0.6738068722647532,-0.21695175496141558,0.3210161467656626,1.198005103953123,-0.0037962795418335915
0.35400000000000015,0.212,0.43399999999999994,0.6757050375114124,-0.21965082610973735,0.3120986878898692,1.1923967509586506,-0.007240611746056502
0.35500000000000015,0.212,0.43299999999999983,0.6775798670753953,-0.22236147398782433,0.3032060594526459,1.1868261267358509,-0.01035363222955682
0.35600000000000015,0.212,0.43199999999999994,0.6794314116593221,-0.22508351968508794,0.2943388927408877,1.1812936296384893,-0.013137649998353262
0.35700000000000015,0.212,0.4309999999999998,0.6812597243926076,-0.22781678307670286,0.2854978133992461,1.1757996502634538,-0.015595035415854164
0.35800000000000015,0.212,0.42999999999999994,0.6830648608254011,-0.23056108286420138,0.2766834413360686,1.1703445714285343,-0.017728219014677582
0.35900000000000015,0.212,0.4289999999999998,0.6848468789296739,-0.23331623661651474,0.2678963906257714,1.1649287681486906,-0.019539690299710727
0.36000000000000015,0.212,0.42799999999999994,0.6866058390844147,-0.2360820608109577,0.2591372694256875,1.1595526076167821,-0.021031996530554042
0.36100000000000015,0.212,0.4269999999999998,0.688341804074384,-0.23885837087408027,0.25040667987929305,1.1542164491893505,-0.022207741486825028
0.36200000000000015,0.212,0.42599999999999993,0.6900548390789432,-0.24164498122250483,0.24170521803508543,1.1489206443756628,-0.023069584223271627
0.36300000000000016,0.212,0.4249999999999998,0.6917450116646636,-0.2444417053044384,0.2330334737676453,1.1436655368218842,-0.023620237824743262
0.36400000000000016,0.212,0.42399999999999993,0.6934123917733837,-0.2472483556411956,0.22439203068628477,1.1384514622981663,-0.023862468131127995
0.36500000000000016,0.212,0.4229999999999998,0.6950570517112877,-0.2500647438676497,0.21578146606773554,1.1332787487006304,-0.023799092462237686
0.36600000000000016,0.212,0.42199999999999993,0.6966790661382234,-0.252890680773834,0.20720235077629634,1.1281477160424442,-0.02343297833285421
0.36700000000000016,0.212,0.4209999999999998,0.6982785120522752,-0.25572597634639904,0.19865524918870175,1.1230586764489525,-0.0227670421556036
0.36800000000000016,0.212,0.41999999999999993,0.6998554687775065,-0.25857043980970623,0.1901407191295294,1.1180119341589598,-0.021804247943914362
0.36900000000000016,0.212,0.4189999999999998,0.7014100179489713,-0.2614238796668533,0.1816593117957868,1.1130077855285396,-0.020547605992576268
0.37000000000000016,0.212,0.4179999999999999,0.7029422434964319,-0.2642861037408353,0.17321157169723023,1.1080465190349502,-0.01900017156716144
0.37100000000000016,0.212,0.4169999999999998,0.7044522316296,-0.26715691921564466,0.1647980365940592,1.103128415282734,-0.01716504358479623
0.37200000000000016,0.212,0.4159999999999999,0.7059400708178618,-0.2700361326777487,0.15641923742929104,1.0982537470071485,-0.015045363282080726
0.37300000000000016,0.212,0.4149999999999998,0.7074058517767426,-0.27292355015629294,0.1480756982790703,1.0934227790923905,-0.012644312890569609
0.37400000000000017,0.212,0.4139999999999999,0.7088496674452127,-0.2758189771638826,0.13976793629333076,1.0886357685844068,-0.009965114296422606
0.37500000000000017,0.212,0.4129999999999998,0.7102716129692105,-0.27872221873794445,0.13149646164329537,1.08389296469856,-0.007011027713566875
0.37600000000000017,0.212,0.4119999999999999,0.7116717856804436,-0.28163307948092503,0.1232617774723185,1.0791946088401987,-0.0037853503439697067
0.37700000000000017,0.212,0.4109999999999998,0.7130502850746864,-0.2845513636002928,0.11506437984407296,1.074540934627577,-0.00029141503164131777
0.35200000000000015,0.213,0.43499999999999994,0.6692139082455792,-0.21307644526902708,0.32431196406609153,1.1931437948190384,-0.0019104358007991373
0.35300000000000015,0.213,0.43399999999999983,0.6711236918652858,-0.2157437868255594,0.3154075110562805,1.1875349327605083,-0.005508273591082302
0.35400000000000015,0.213,0.43299999999999994,0.6730102677877974,-0.21842272951599426,0.3065276578422942,1.181963553371282,-0.008776983886010614
0.35500000000000015,0.213,0.43199999999999983,0.6748736855442808,-0.22111309721282496,0.2976730335531452,1.1764300552595979,-0.011718833620684654
0.35600000000000015,0.213,0.43099999999999994,0.6767139970562371,-0.22381471256566973,0.28884426175156563,1.1709348293364203,-0.014336150620961968
0.35700000000000015,0.213,0.4299999999999998,0.6785312566313493,-0.22652739704086494,0.28004196033135476,1.165478258797188,-0.016631322426034545
0.35800000000000015,0.213,0.42899999999999994,0.6803255209574482,-0.22925097096258726,0.27126674142766266,1.1600607190887116,-0.01860679512255259
0.35900000000000015,0.213,0.4279999999999998,0.6820968491039713,-0.2319852535519897,0.26251921132774264,1.1546825779042456,-0.020265072142852614
0.36000000000000015,0.213,0.42699999999999994,0.6838453025060581,-0.2347300629683716,0.25379997037776053,1.1493441951571488,-0.021608713053178658
0.36100000000000015,0.213,0.4259999999999998,0.6855709449644741,-0.23748521634956998,0.24510961290355684,1.1440459229675493,-0.022640332344121966
0.36200000000000015,0.213,0.42499999999999993,0.6872738426334127,-0.24025052985223072,0.23644872712018855,1.138788105653424,-0.023362598183539446
0.36300000000000016,0.213,0.4239999999999998,0.688954064013158,-0.24302581869247972,0.22781789505673264,1.133571079719798,-0.023778231179960918
0.36400000000000016,0.213,0.42299999999999993,0.6906116799388577,-0.24581089718678878,0.2192176924758188,1.1283951738484432,-0.023890003127110204
0.36500000000000016,0.213,0.4219999999999998,0.6922467635686951,-0.24860557879248282,0.2106486887982354,1.1232607088943038,-0.02370073573710474
0.36600000000000016,0.213,0.42099999999999993,0.6938593903735276,-0.25140967614826754,0.20211144702920847,1.1181679978838786,-0.023213299366511092
0.36700000000000016,0.213,0.4199999999999998,0.6954496381217954,-0.25422300111514473,0.19360652368897963,1.11311734601135,-0.022430611737016798
0.36800000000000016,0.213,0.41899999999999993,0.6970175868665559,-0.25704536481682644,0.18513446874226053,1.1081090506423041,-0.021355636642807513
0.36900000000000016,0.213,0.4179999999999998,0.6985633189315569,-0.2598765776804557,0.1766958255362981,1.1031434013157382,-0.01999138266119313
0.37000000000000016,0.213,0.4169999999999999,0.7000869188941724,-0.2627164494770556,0.1682911307339943,1.0982206797506509,-0.01834090184593229
0.37100000000000016,0.213,0.4159999999999998,0.7015884735706094,-0.2655647893619908,0.15992091425275787,1.0933411598538558,-0.016407288422302824
0.37200000000000016,0.213,0.4149999999999999,0.703068071996993,-0.2684214059153412,0.15158569921260273,1.0885051077299386,-0.014193677482627398
0.37300000000000016,0.213,0.4139999999999998,0.7045258054142767,-0.2712861071824356,0.143286001870836,1.0837127816906045,-0.01170324366751277
0.37400000000000017,0.213,0.4129999999999999,0.7059617672468474,-0.2741587007135107,0.13502233157735025,1.0789644322741854,-0.008939199852724206
0.37500000000000017,0.213,0.4119999999999998,0.707376053085575,-0.27703899360408446,0.12679519071783657,1.074260302258222,-0.00590479583025269
0.37600000000000017,0.213,0.4109999999999999,0.7087687606668396,-0.2799267925349719,0.11860507466752575,1.0696006266764593,-0.0026033169922211885
0.35200000000000015,0.214,0.43399999999999994,0.6665622910282847,-0.2118972606990259,0.31870286507484497,1.1827374138562188,-0.003692298918730741
0.35300000000000015,0.214,0.43299999999999983,0.6684604618745337,-0.21454482877963232,0.30983577209146546,1.17716537146805,-0.007113965648127052
0.35400000000000015,0.214,0.43199999999999994,0.670335599775065,-0.21720384712259946,0.30099367763624674,1.171630965430379,-0.010210895341194348
0.35500000000000015,0.214,0.4309999999999998,0.6721877554883632,-0.21987414111645712,0.2921772031737504,1.166134586953098,-0.012985374092496782
0.35600000000000015,0.214,0.42999999999999994,0.6740169821232719,-0.22255553495806848,0.28338696457511114,1.1606766195839042,-0.015439747271314141
0.35700000000000015,0.214,0.4289999999999998,0.6758233351352513,-0.22524785169175873,0.2746235720244984,1.1552574391915944,-0.017576418357432483
0.35800000000000015,0.214,0.42799999999999994,0.67760687231982,-0.22795091324895095,0.265887629926577,1.1498774139466943,-0.019397847764908077
0.35900000000000015,0.214,0.4269999999999998,0.679367653813955,-0.23066454048852392,0.2571797368204802,1.1445369042970208,-0.020906551671645096
0.36000000000000015,0.214,0.42599999999999993,0.681105742080252,-0.2333885532360525,0.24850048529035498,1.1392362629602986,-0.022105100799668792
0.36100000000000015,0.214,0.4249999999999998,0.682821201906425,-0.23612277032449142,0.23985046188454837,1.1339758349025342,-0.022996119221299655
0.36200000000000015,0.214,0.42399999999999993,0.6845141003937932,-0.23886700963301025,0.23123024703605116,1.128755957341429,-0.023582283120531455
0.36300000000000016,0.214,0.4229999999999998,0.6861845069490063,-0.24162108812805513,0.22264041497903192,1.1235769597260339,-0.023866319567757477
0.36400000000000016,0.214,0.42199999999999993,0.6878324932734063,-0.24438482190333596,0.2140815336778215,1.118439163731961,-0.023851005279187376
0.36500000000000016,0.214,0.4209999999999998,0.689458133350952,-0.24715802621956262,0.20555416475095165,1.1133428832617625,-0.023539165357273656
0.36600000000000016,0.214,0.41999999999999993,0.6910615034378574,-0.24994051554426128,0.19705886339965956,1.1082884244463735,-0.02293367202846175
0.36700000000000016,0.214,0.4189999999999998,0.6926426820477116,-0.25273210359267645,0.18859617834274453,1.1032760856362827,-0.022037443385671318
0.36800000000000016,0.214,0.4179999999999999,0.694201749938303,-0.25553260336737366,0.18016665174542854,1.09830615740939,-0.02085344210441098
0.36900000000000016,0.214,0.4169999999999998,0.6957387900977338,-0.2583418271980697,0.17177081915958806,1.093378922577766,-0.019384674165251192
0.37000000000000016,0.214,0.4159999999999999,0.6972538877277588,-0.2611595867815552,0.16340920946263718,1.0884946561947635,-0.017634187567599297
0.37100000000000016,0.214,0.4149999999999998,0.6987471302287372,-0.2639856932219572,0.15508234479487046,1.083653625559775,-0.015605071040619617
0.37200000000000016,0.214,0.4139999999999999,0.7002186071809903,-0.26681995707031975,0.14679074051153262,1.0788560902316124,-0.013300452755520137
0.37300000000000016,0.214,0.4129999999999998,0.701668410329671,-0.2696621883641589,0.13853490511805194,1.074102302043046,-0.010723499019050037
0.37400000000000017,0.214,0.4119999999999999,0.7030966335635104,-0.27251219666680543,0.13031534022753785,1.069392505118288,-0.00787741298107969
0.37500000000000017,0.214,0.4109999999999998,0.7045033728983556,-0.2753697911072945,0.12213254050976338,1.0647269358853388,-0.00476543333926982
0.37600000000000017,0.214,0.4099999999999999,0.7058887264557506,-0.2782347804195006,0.11398699364059507,1.0601058230968694,-0.0013908330322162377
0.35100000000000015,0.215,0.43399999999999983,0.6620206542854215,-0.20811028215193597,0.3219848580516557,1.1780031981135421,-0.0017954530957859927
0.35200000000000015,0.215,0.43299999999999994,0.6639302721331296,-0.21072680231928242,0.3131305088372076,1.1724305838495883,-0.005367396327762619
0.35300000000000015,0.215,0.43199999999999983,0.6658169806495792,-0.21335479612276528,0.3043009301480108,1.1668953619357585,-0.008616707454409012
0.35400000000000015,0.215,0.43099999999999994,0.6676808294772788,-0.2159940916552761,0.2954967413404292,1.1613979238589656,-0.011545631646984938
0.35500000000000015,0.215,0.4299999999999998,0.6695218705712218,-0.21864451580900846,0.2867185562531378,1.1559386535106202,-0.014156472896587252
0.35600000000000015,0.215,0.42899999999999994,0.6713401581972029,-0.22130589431469502,0.27796698310504797,1.150517927160076,-0.016451592875844856
0.35700000000000015,0.215,0.4279999999999998,0.6731357489281837,-0.2239780517806388,0.2692426244071299,1.1451361134347604,-0.018433409789719662
0.35800000000000015,0.215,0.42699999999999994,0.6749087016381184,-0.2266608117322154,0.26054607687818215,1.1397935732982059,-0.020104397216995917
0.35900000000000015,0.215,0.4259999999999998,0.6766590775023075,-0.22935399665042616,0.25187793134962144,1.134490660043252,-0.021467082920363645
0.36000000000000015,0.215,0.42499999999999993,0.6783869399825603,-0.23205742801164048,0.24323877269118435,1.1292277192737692,-0.022524047661792612
0.36100000000000015,0.215,0.4239999999999998,0.6800923548257569,-0.23477092632708546,0.23462917972198732,1.1240050888927158,-0.02327792399997819
0.36200000000000015,0.215,0.42299999999999993,0.6817753900526413,-0.23749431118236405,0.2260497251374532,1.1188230990927508,-0.023731395080720502
0.36300000000000016,0.215,0.4219999999999998,0.6834361159496318,-0.2402274012767103,0.21750097542948238,1.1136820723525787,-0.02388719340921025
0.36400000000000016,0.215,0.42099999999999993,0.6850746050579296,-0.24297001446225044,0.20898349081485035,1.1085823234355274,-0.023748099617224377
0.36500000000000016,0.215,0.4199999999999998,0.6866909321616371,-0.2457219677843639,0.2004978251637192,1.103524159377673,-0.023316941231522337
0.36600000000000016,0.215,0.41899999999999993,0.6882851742773466,-0.24848307752060045,0.1920445259296232,1.098507879494883,-0.022596591419916295
0.36700000000000016,0.215,0.4179999999999998,0.6898574106389384,-0.25125315922027525,0.18362413408250927,1.093533775383801,-0.02158996773564409
0.36800000000000016,0.215,0.4169999999999999,0.6914077226853041,-0.25403202774376527,0.1752371840494333,1.0886021309278955,-0.02030003086155746
0.36900000000000016,0.215,0.4159999999999998,0.6929361940455663,-0.25681949730222786,0.16688420364618722,1.083713222300334,-0.018729783340758116
0.37000000000000016,0.215,0.4149999999999999,0.6944429105229458,-0.2596153814970798,0.1585657140234758,1.0788673179709949,-0.01688226831246245
0.37100000000000016,0.215,0.4139999999999998,0.6959279600800224,-0.26241949335864184,0.15028222960873394,1.0740646787238095,-0.014760568232233595
0.37200000000000016,0.215,0.4129999999999999,0.6973914328194857,-0.26523164538567096,0.14203425805252173,1.0693055576652504,-0.012367803597822247
0.37300000000000016,0.215,0.4119999999999998,0.6988334209699455,-0.2680516495844176,0.13382230017488586,1.0645902002389585,-0.009707131670995517
0.37400000000000017,0.215,0.4109999999999999,0.7002540188643442,-0.27087931750778443,0.12564684991969888,1.0599188442400123,-0.006781745200494432
0.37500000000000017,0.215,0.4099999999999998,0.7016533229233926,-0.27371446029374225,0.11750839430326543,1.055291719837659,-0.0035948711347179307
0.37600000000000017,0.215,0.4089999999999999,0.7030314316352508,-0.2765568887037745,0.10940741337554918,1.0507090495979325,-0.00014976934487395677
0.35100000000000015,0.216,0.43299999999999983,0.6594195217056729,-0.20696769858583688,0.3164119751447999,1.1677582113915435,-0.003540009771325181
0.35200000000000015,0.216,0.43199999999999994,0.6613176547735958,-0.2095649888796992,0.3075948966860566,1.1622222646149447,-0.0069390562535487366
0.35300000000000015,0.216,0.4309999999999998,0.6631930490805538,-0.21217360511152317,0.29880298038006337,1.1567238588727857,-0.010019762047046826
0.35400000000000015,0.216,0.42999999999999994,0.6650457554736601,-0.21479337683533456,0.2900368380146945,1.1512633783755133,-0.0127843905549479
0.35500000000000015,0.216,0.4289999999999998,0.6668758270737164,-0.21742413243462216,0.2812970758351175,1.1458411997757598,-0.015235262431778779
0.35600000000000015,0.216,0.42799999999999994,0.6686833192737173,-0.22006569916131866,0.27258429444811677,1.1404576921407417,-0.017374754458404112
0.35700000000000015,0.216,0.4269999999999998,0.6704682897348611,-0.22271790317418244,0.26389908873318274,1.1351132169362168,-0.0192052983949747
0.35800000000000015,0.216,0.42599999999999993,0.6722307983804923,-0.22538056957765212,0.2552420477631975,1.1298081280080663,-0.020729379831041395
0.35900000000000015,0.216,0.4249999999999998,0.673970907396124,-0.2280535224604666,0.2466137547086826,1.124542771570185,-0.021949537008777692
0.36000000000000015,0.216,0.42399999999999993,0.6756886812147855,-0.23073658493398466,0.23801478676854668,1.1193174861990036,-0.022868359639334673
0.36100000000000015,0.216,0.4229999999999998,0.6773841865153089,-0.23342957917200513,0.22944571508093306,1.1141326028127416,-0.02348848771833234
0.36200000000000015,0.216,0.42199999999999993,0.6790574922111599,-0.2361323264492246,0.2209071046532372,1.1089884446700582,-0.023812610321509414
0.36300000000000016,0.216,0.4209999999999998,0.6807086694424892,-0.23884464718022252,0.2123995142876161,1.1038853273647815,-0.023843464394824404
0.36400000000000016,0.216,0.41999999999999993,0.6823377915645503,-0.24156636095800454,0.2039234965035563,1.0988235588280686,-0.02358383352370433
0.36500000000000016,0.216,0.4189999999999998,0.6839449341364736,-0.24429728659387318,0.19547959747622026,1.0938034393172489,-0.023036546722593004
0.36600000000000016,0.216,0.4179999999999999,0.6855301749107405,-0.24703724215579076,0.18706835696699942,1.0888252614243166,-0.022204477192977412
0.36700000000000016,0.216,0.4169999999999998,0.6870935938178415,-0.24978604500753568,0.1786903082566028,1.0838893100769147,-0.02109054108082592
0.36800000000000016,0.216,0.4159999999999999,0.68863527295407,-0.2525435118470669,0.17034597808820703,1.078995862549893,-0.019697696232078704
0.36900000000000016,0.216,0.4149999999999998,0.6901552965669576,-0.255309458746231,0.16203588660290377,1.0741451884631454,-0.018028940945766098
0.37000000000000016,0.216,0.4139999999999999,0.6916537510391474,-0.2580837011888707,0.1537605472870623,1.0693375497987683,-0.01608731271718783
0.37100000000000016,0.216,0.4129999999999998,0.6931307248736887,-0.2608660541096479,0.1455204669156732,1.0645732009111712,-0.013875886981085106
0.37200000000000016,0.216,0.4119999999999999,0.6945863086748082,-0.263656331932639,0.13731614549974414,1.0598523885406725,-0.011397775849788377
0.37300000000000016,0.216,0.4109999999999998,0.6960205951340743,-0.2664543486097653,0.12914807623738675,1.0551753518296583,-0.008656126855084684
0.37400000000000017,0.216,0.4099999999999999,0.6974336790089068,-0.2692599176594009,0.12101674546959226,1.0505423223374701,-0.0056541216888658374
0.37500000000000017,0.216,0.4089999999999998,0.6988256571059276,-0.2720728522039899,0.11292263262840971,1.0459535240663318,-0.0023949749298989714
0.35000000000000014,0.217,0.43299999999999994,0.6549280340694287,-0.20326658356142296,0.31968027850103087,1.1631472926532995,-0.0016344573759356495
0.35100000000000015,0.217,0.43199999999999983,0.6568374490508191,-0.20583348763745035,0.3108756832878854,1.157610711001061,-0.005180644566998016
0.35200000000000015,0.217,0.43099999999999994,0.6587242446178428,-0.2084117400388481,0.30209602486878206,1.1521114285011838,-0.00841051958655431
0.35300000000000015,0.217,0.4299999999999998,0.6605884705538616,-0.21100117294736745,0.2933419129726301,1.1466498296716132,-0.011326306020002286
0.35400000000000015,0.217,0.42899999999999994,0.6624301788805761,-0.2136016173663317,0.28461395185685456,1.141226291526677,-0.013930284281571753
0.35500000000000015,0.217,0.4279999999999998,0.6642494238548536,-0.21621290315847239,0.27591274021032897,1.1358411835559756,-0.016224790499137637
0.35600000000000015,0.217,0.42699999999999994,0.6660462619677526,-0.2188348590840058,0.2672388710683037,1.1304948677041051,-0.01821221539756232
0.35700000000000015,0.217,0.4259999999999998,0.6678207519401828,-0.22146731283861826,0.2585929317225518,1.1251876983552034,-0.01989500315761497
0.35800000000000015,0.217,0.42499999999999993,0.6695729547162175,-0.22411009109147076,0.2499755036376148,1.11992002232061,-0.021275650263573198
0.35900000000000015,0.217,0.4239999999999998,0.6713029334643689,-0.2267630195239637,0.24138716237399968,1.1146921788203545,-0.022356704359647483
0.36000000000000015,0.217,0.42299999999999993,0.6730107535612907,-0.22942592286749358,0.23282847750127333,1.1095044994801557,-0.02314076305596971
0.36100000000000015,0.217,0.4219999999999998,0.674696482591387,-0.23209862494210104,0.22430001252813678,1.1043573083201923,-0.02363047276314756
0.36200000000000015,0.217,0.42099999999999993,0.6763601903347587,-0.23478094869492522,0.21580232482410125,1.0992509217489475,-0.02382852749506406
0.36300000000000016,0.217,0.4199999999999998,0.6780019487592366,-0.2374727162384119,0.2073359655473746,1.0941856485623953,-0.023737667667949602
0.36400000000000016,0.217,0.41899999999999993,0.6796218320096269,-0.24017374888888973,0.19890147957931267,1.0891617899409813,-0.023360678898026316
0.36500000000000016,0.217,0.4179999999999998,0.6812199163955865,-0.24288386720512328,0.1904994054541015,1.0841796394490106,-0.02270039078458344
0.36600000000000016,0.217,0.4169999999999999,0.6827962803813149,-0.24560289102629043,0.1821302752938821,1.0792394830425303,-0.021759675686084945
0.36700000000000016,0.217,0.4159999999999998,0.684351004570729,-0.2483306395108521,0.17379461474928243,1.07434159906855,-0.020541447500161958
0.36800000000000016,0.217,0.4149999999999999,0.6858841716945963,-0.25106693117454393,0.16549294293652336,1.0694862582759055,-0.019048660426933095
0.36900000000000016,0.217,0.4139999999999998,0.6873958665967952,-0.25381158392873204,0.15722577238352833,1.064673723823227,-0.0172843077389587
0.37000000000000016,0.217,0.4129999999999999,0.6888861762177573,-0.25656441511877603,0.14899360897344976,1.0599042512880552,-0.015251420541965793
0.37100000000000016,0.217,0.4119999999999998,0.6903551895797251,-0.25932524156154013,0.1407969518886761,1.0551780886863813,-0.012953066526052465
0.37200000000000016,0.217,0.4109999999999999,0.6918029977684125,-0.26209387958419217,0.13263629356873233,1.0504954764787484,-0.010392348737022772
0.37300000000000016,0.217,0.4099999999999998,0.6932296939184459,-0.26487014506133255,0.12451211965410369,1.045856647595459,-0.0075724043191754825
0.37400000000000017,0.217,0.4089999999999999,0.6946353731921948,-0.26765385345331977,0.11642490894600387,1.0412618274491592,-0.004496403278643854
0.37500000000000017,0.217,0.4079999999999998,0.6960201327638376,-0.2704448198433821,0.10837513336255879,1.0367112339609637,-0.0011675472360484773
0.35000000000000014,0.218,0.43199999999999994,0.6523761906735895,-0.20215937184841126,0.31414339641773015,1.153059755943827,-0.0033440942288230358
0.35100000000000015,0.218,0.4309999999999998,0.6542742466609196,-0.20470757224351546,0.30537597982262216,1.147559686583667,-0.006720576564116537
0.35200000000000015,0.218,0.42999999999999994,0.6561498497527121,-0.2072669763523069,0.2966338846903077,1.1420970602268123,-0.009784942086036252
0.35300000000000015,0.218,0.4289999999999998,0.6580030509147952,-0.20983741776475773,0.2879177132757921,1.1366722542363816,-0.012539431721582173
0.35400000000000015,0.218,0.42799999999999994,0.659833903313729,-0.21241872892204652,0.2792280623403667,1.131285638505833,-0.014986341711180934
0.35500000000000015,0.218,0.4269999999999998,0.6616424623134629,-0.21501074115375943,0.2705655230562789,1.1259375754419259,-0.017128022496968237
0.35600000000000015,0.218,0.42599999999999993,0.6634287854743371,-0.217613284715356,0.2619306809251337,1.1206284199479217,-0.018966877612613398
0.35700000000000015,0.218,0.4249999999999998,0.6651929325489118,-0.22022618882585165,0.25332411569360197,1.1153585194075528,-0.02050536255573962
0.35800000000000015,0.218,0.42399999999999993,0.6669349654748438,-0.2228492817054066,0.2447464012672909,1.1101282136734916,-0.021745983640727717
0.35900000000000015,0.218,0.4229999999999998,0.6686549483760644,-0.22548239061314715,0.23619810563614188,1.1049378350559937,-0.0226912968587637
0.36000000000000015,0.218,0.42199999999999993,0.6703529475466292,-0.22812534188499953,0.2276797907918291,1.0997877083142862,-0.02334390670318995
0.36100000000000015,0.218,0.4209999999999998,0.6720290314501337,-0.2307779609713079,0.21919201265841254,1.0946781506532832,-0.023706465006824134
0.36200000000000015,0.218,0.41999999999999993,0.6736832707079501,-0.23344007247519097,0.21073532101982506,1.0896094717138027,-0.02378166976464144
0.36300000000000016,0.218,0.4189999999999998,0.6753157380908427,-0.23611150019003796,0.2023102594450124,1.0845819735755595,-0.02357226393775902
0.36400000000000016,0.218,0.4179999999999999,0.6769265085084011,-0.23879206713735154,0.19391736522676073,1.079595950757949,-0.023081034263745942
0.36500000000000016,0.218,0.4169999999999998,0.6785156589968947,-0.24148159560499732,0.18555716931296087,1.0746516902180154,-0.02231081005494101
0.36600000000000016,0.218,0.4159999999999999,0.6800832687090631,-0.24417990718494406,0.17723019624467282,1.069749471356251,-0.021264461992095224
0.36700000000000016,0.218,0.4149999999999998,0.6816294188994345,-0.24688682281075294,0.1689369640997296,1.0648895660267552,-0.019944900911450375
0.36800000000000016,0.218,0.4139999999999999,0.6831541929111398,-0.24960216279573497,0.16067798442758915,1.0600722385410484,-0.01835507658567284
0.36900000000000016,0.218,0.4129999999999998,0.6846576761625568,-0.2523257468704708,0.15245376220106308,1.055297745680533,-0.016497976510095325
0.37000000000000016,0.218,0.4119999999999999,0.6861399561308137,-0.25505739422044427,0.1442647957614861,1.0505663367086222,-0.014376624677635202
0.37100000000000016,0.218,0.4109999999999998,0.6876011223371292,-0.25779692352358513,0.13611157676451888,1.04587825338483,-0.011994080351577618
0.37200000000000016,0.218,0.4099999999999999,0.6890412663284666,-0.260544152987624,0.12799459013861447,1.0412337299816627,-0.009353436844545732
0.37300000000000016,0.218,0.4089999999999998,0.6904604816632751,-0.2632989003873523,0.11991431403281572,1.036632993303132,-0.006457820287129282
0.37400000000000017,0.218,0.4079999999999999,0.6918588638903156,-0.26606098310193493,0.11187121977670535,1.0320762627031317,-0.0033103884034526437
0.34900000000000014,0.219,0.43199999999999983,0.6479337071110608,-0.19854173781110854,0.3173981429658624,1.1485684712471036,-0.0014319484682927541
0.35000000000000014,0.219,0.43099999999999994,0.6498428860259193,-0.2010601944227494,0.3086429506969815,1.1430677039157873,-0.004952525714891243
0.35100000000000015,0.219,0.4299999999999998,0.6517297272196853,-0.20358987619118843,0.29991285717897553,1.1376041398381334,-0.008162941007530844
0.35200000000000015,0.219,0.42899999999999994,0.6535942806486909,-0.2061306192607849,0.2912084626575144,1.132178156706271,-0.011065396544001155
0.35300000000000015,0.219,0.4279999999999998,0.6554365984317821,-0.20868225861887313,0.2825303619485299,1.1267901248032761,-0.013662149416465097
0.35400000000000015,0.219,0.42699999999999994,0.6572567348512046,-0.21124462813303088,0.27387914435151167,1.1214404069771278,-0.015955510539404555
0.35500000000000015,0.219,0.4259999999999998,0.6590547463499278,-0.21381756058716347,0.26525539356646166,1.1161293586339547,-0.017947843545281728
0.35600000000000015,0.219,0.42499999999999993,0.6608306915296773,-0.21640088771933413,0.256659687603358,1.110857327712114,-0.0196415636828553
0.35700000000000015,0.219,0.4239999999999998,0.6625846311468456,-0.21899444025828232,0.24809259870237718,1.1056246546766846,-0.02103913669087873
0.35800000000000015,0.219,0.42299999999999993,0.6643166281059015,-0.22159804796113375,0.23955469325748255,1.100431672501875,-0.022143077674643297
0.35900000000000015,0.219,0.4219999999999998,0.6660267474594771,-0.22421153965006976,0.23104653173136397,1.095278706669562,-0.02295594995549491
0.36000000000000015,0.219,0.42099999999999993,0.667715056393412,-0.2268347432502057,0.22256866859002986,1.0901660751554187,-0.023480363927580794
0.36100000000000015,0.219,0.4199999999999998,0.6693816242250125,-0.2294674858265475,0.21412165222195767,1.0850940884291458,-0.0237189758909232
0.36200000000000015,0.219,0.41899999999999993,0.6710265223917424,-0.2321095936216142,0.20570602487347237,1.0800630494488273,-0.023674486888676072
0.36300000000000016,0.219,0.4179999999999998,0.6726498244430369,-0.2347608920925786,0.1973223225784111,1.075073253663363,-0.023349641527702636
0.36400000000000016,0.219,0.4169999999999999,0.6742516060292526,-0.23742120594877605,0.18897107509312866,1.0701249890124058,-0.022747226797662973
0.36500000000000016,0.219,0.4159999999999998,0.6758319448901745,-0.24009035918903188,0.18065280583725915,1.0652185359303565,-0.021870070886001958
0.36600000000000016,0.219,0.4149999999999999,0.6773909208442711,-0.2427681751391259,0.17236803182708346,1.060354167350373,-0.020721041981442007
0.36700000000000016,0.219,0.4139999999999998,0.6789286157740753,-0.24545447648866858,0.1641172636213446,1.055532148716704,-0.01930304707485017
0.36800000000000016,0.219,0.4129999999999999,0.6804451136138399,-0.2481490853287533,0.15590100526701894,1.0507527379892765,-0.017619030764796123
0.36900000000000016,0.219,0.4119999999999998,0.6819405003352261,-0.250851823188822,0.14771975424117684,1.0460161856585457,-0.0156719740459709
0.37000000000000016,0.219,0.4109999999999999,0.6834148639314674,-0.25356251107371014,0.13957400140462758,1.0413227347591558,-0.013464893106642395
0.37100000000000016,0.219,0.4099999999999998,0.6848682944027842,-0.25628096950082935,0.13146423094930715,1.0366726208829287,-0.011000838119329392
0.37200000000000016,0.219,0.4089999999999999,0.6863008837379412,-0.2590070185367227,0.12339092035625474,1.0320660721995023,-0.00828289203204409
0.37300000000000016,0.219,0.4079999999999998,0.6877127259004668,-0.2617404778340132,0.11535454034920566,1.0275033094730843,-0.005314169360676246
0.37400000000000017,0.219,0.4069999999999999,0.6891039168072117,-0.2644811666678245,0.10735555485181283,1.022984546085385,-0.002097814974727358
0.34900000000000014,0.22,0.4309999999999998,0.6454299937616169,-0.19746871580949898,0.3118970433800255,1.1386345678973397,-0.003108882535733215
0.35000000000000014,0.22,0.42999999999999994,0.6473279373055932,-0.19996897818393503,0.3031789348970148,1.1331701549091333,-0.006462866867073647
0.35100000000000015,0.22,0.4289999999999998,0.6492037057210469,-0.20248032410577466,0.2944863030209449,1.1277430843533252,-0.009510791419802211
0.35200000000000015,0.22,0.42799999999999994,0.6510573501248574,-0.20500259107730698,0.2858197406123618,1.1223537268790087,-0.012254874884720962
0.35300000000000015,0.22,0.4269999999999998,0.6528889237603323,-0.20753561547235655,0.27717983508756255,1.117002445764129,-0.01469738937892559
0.35400000000000015,0.22,0.42599999999999993,0.6546984819973528,-0.21007923257269956,0.26856716832593147,1.1116895968963156,-0.016840659367941796
0.35500000000000015,0.22,0.4249999999999998,0.6564860823297036,-0.21263327660486575,0.25998231659067633,1.1064155287524837,-0.018687060585686893
0.35600000000000015,0.22,0.42399999999999993,0.6582517843732667,-0.21519758077643739,0.25142585044381655,1.101180582388516,-0.020239018929437275
0.35700000000000015,0.22,0.4229999999999998,0.6599956498615647,-0.21777197731282355,0.24289833466486388,1.0959850914260048,-0.02149900934816512
0.35800000000000015,0.22,0.42199999999999993,0.6617177426391718,-0.2203562974935224,0.23440032817743672,1.0908293820484964,-0.022469554717227863
0.35900000000000015,0.22,0.4209999999999998,0.6634181286619276,-0.22295037168960902,0.22593238396878684,1.0857137729851158,-0.023153224715905252
0.36000000000000015,0.22,0.41999999999999993,0.6650968759817568,-0.22555402940007876,0.21749504902386313,1.0806385755113284,-0.023552634679675277
0.36100000000000015,0.22,0.4189999999999998,0.6667540547448408,-0.22816709928901296,0.20908886424606468,1.0756040934418534,-0.02367044445208652
0.36200000000000015,0.22,0.4179999999999999,0.6683897371804026,-0.23078940922173694,0.20071436439591367,1.0706106231381547,-0.023509357224358374
0.36300000000000016,0.22,0.4169999999999998,0.6700039975928069,-0.23342078630237226,0.19237207802623688,1.0656584535009468,-0.02307211838205589
0.36400000000000016,0.22,0.4159999999999999,0.6715969123498984,-0.23606105691091125,0.18406252741160703,1.0607478659706884,-0.02236151432993988
0.36500000000000016,0.22,0.4149999999999998,0.6731685598719658,-0.23871004673901308,0.17578622849631917,1.0558791345448824,-0.021380371315250696
0.36600000000000016,0.22,0.4139999999999999,0.6747190206210398,-0.2413675808276665,0.16754369082976237,1.0510525257746373,-0.020131554252880185
0.36700000000000016,0.22,0.4129999999999998,0.6762483770862197,-0.24403348360343916,0.159335417512833,1.0462682987794056,-0.018617965538428788
0.36800000000000016,0.22,0.4119999999999999,0.6777567137714217,-0.24670757891573447,0.15116190514600913,1.041526705251154,-0.016842543870282667
0.36900000000000016,0.22,0.4109999999999998,0.6792441171811221,-0.24938969007271602,0.1430236437728224,1.036827989474992,-0.01480826304962013
0.37000000000000016,0.22,0.4099999999999999,0.6807106758045545,-0.25207963987794363,0.13492111683473368,1.0321723883423206,-0.012518130794539117
0.37100000000000016,0.22,0.4089999999999998,0.6821564801016688,-0.2547772506670714,0.12685480112534095,1.0275601313641451,-0.009975187553079592
0.37200000000000016,0.22,0.4079999999999999,0.6835816224840751,-0.2574823443439246,0.11882516674189944,1.0229914406919554,-0.00718250530314167
0.37300000000000016,0.22,0.4069999999999998,0.6849861973018015,-0.2601947424169383,0.11083267704552877,1.01846653113502,-0.004143186367449411
0.37400000000000017,0.22,0.4059999999999999,0.6863703008223406,-0.2629142660343311,0.1028777886237796,1.0139856101917768,-0.0008603622157929008
0.34800000000000014,0.221,0.43099999999999994,0.6410354011390272,-0.19393226182880471,0.31513836419123487,1.1342593822004614,-0.0011920875324531177
0.34900000000000014,0.221,0.4299999999999998,0.6429443145511041,-0.19640340428467146,0.3064322227394129,1.128794208125006,-0.004687207828385859
0.35000000000000014,0.221,0.42899999999999994,0.6448311639302041,-0.1988856508272244,0.29775133783543806,1.123366138874051,-0.007878152195803262
0.35100000000000015,0.221,0.4279999999999998,0.6466959994350884,-0.20137884144190404,0.2890963003732895,1.117975545452156,-0.010767101643201493
0.35200000000000015,0.221,0.42699999999999994,0.6485388733148197,-0.20388281497779848,0.28046769586729,1.11262279155082,-0.01335629020976195
0.35300000000000015,0.221,0.4259999999999998,0.6503598399087516,-0.20639740918436097,0.2718661043681777,1.1073082335173405,-0.01564800392507787
0.35400000000000015,0.221,0.42499999999999993,0.6521589556468478,-0.20892246074651472,0.2632921003764892,1.1020322203491262,-0.017644579729211657
0.35500000000000015,0.221,0.4239999999999998,0.6539362790464973,-0.21145780532094868,0.2547462527599781,1.0967950936755602,-0.019348404394783886
0.35600000000000015,0.221,0.42299999999999993,0.6556918707109376,-0.21400327757190682,0.24622912467497174,1.0915971877498634,-0.020761913433616136
0.35700000000000015,0.221,0.4219999999999998,0.6574257933246604,-0.21655871120774925,0.2377412734862914,1.0864388294340726,-0.02188758999650553
0.35800000000000015,0.221,0.42099999999999993,0.6591381116463958,-0.219123939017264,0.22928325069126707,1.0813203381903378,-0.022727963759012676
0.35900000000000015,0.221,0.4199999999999998,0.6608288925099874,-0.2216987929054659,0.22085560185061784,1.0762420260813486,-0.02328560980319111
0.36000000000000015,0.221,0.41899999999999993,0.6624982048084048,-0.22428310393015688,0.21245886651447776,1.0712041977635571,-0.023563147479942786
0.36100000000000015,0.221,0.4179999999999998,0.6641461194926601,-0.2268767023383874,0.20409357815496657,1.066207150484121,-0.023563239279046466
0.36200000000000015,0.221,0.4169999999999999,0.6657727095600214,-0.22947941760288498,0.19576026409977162,1.0612511740804689,-0.023288589682159383
0.36300000000000016,0.221,0.4159999999999998,0.6673780500459372,-0.23209107845798613,0.18745944546731774,1.0563365509878058,-0.022741944007637682
0.36400000000000016,0.221,0.4149999999999999,0.668962218013549,-0.23471151293628975,0.17919163711201574,1.0514635562395915,-0.021926087263653915
0.36500000000000016,0.221,0.4139999999999998,0.6705252925412413,-0.23734054840476862,0.170957347556806,1.0466324574762156,-0.020843842976403903
0.36600000000000016,0.221,0.4129999999999999,0.6720673547128742,-0.23997801160160306,0.16275707894119607,1.041843514946587,-0.01949807203638504
0.36700000000000016,0.221,0.4119999999999998,0.6735884876029749,-0.24262372867146934,0.15459132696720074,1.0370969815291962,-0.01789167151970039
0.36800000000000016,0.221,0.4109999999999999,0.6750887762643367,-0.24527752520221666,0.1464605808467835,1.0323931027378528,-0.016027573522419986
0.36900000000000016,0.221,0.4099999999999998,0.676568307714365,-0.2479392262608438,0.13836532325320688,1.0277321167366678,-0.013908743987874325
0.37000000000000016,0.221,0.4089999999999999,0.6780271709188453,-0.2506086564295522,0.130306030271645,1.0231142543549336,-0.011538181529756289
0.37100000000000016,0.221,0.4079999999999998,0.6794654567780762,-0.2532856398413933,0.1222831713561172,1.0185397391072506,-0.008918916258030887
0.37200000000000016,0.221,0.4069999999999999,0.6808832581084779,-0.25597000021596356,0.11429720928876391,1.014008787213498,-0.006054008603816177
0.37300000000000016,0.221,0.4059999999999998,0.6822806696287625,-0.2586615608950719,0.10634860013390614,1.0095216076194846,-0.0029465481415204553
0.34800000000000014,0.222,0.42999999999999994,0.6385786936771669,-0.19289229234456629,0.3096728260401686,1.1244754180933054,-0.0028383783685000386
0.34900000000000014,0.222,0.4289999999999998,0.640476493223649,-0.19534573388973478,0.30100367101766956,1.1190464379034537,-0.006169940122972423
0.35000000000000014,0.222,0.42799999999999994,0.6423523875236554,-0.197810140833891,0.29236014372309277,1.113654697189571,-0.0092013377198997
0.35100000000000015,0.222,0.4269999999999998,0.6442064278756184,-0.2002853544712673,0.28374282775947346,1.1083005600336,-0.011934767842473465
0.35200000000000015,0.222,0.42599999999999993,0.6460386676328007,-0.20277121498839487,0.2751523013318185,1.1029843832308088,-0.014372478788247406
0.35300000000000015,0.222,0.4249999999999998,0.6478491622031508,-0.2052675614987904,0.2665891371651381,1.0977065162818982,-0.01651676941308633
0.35400000000000015,0.222,0.42399999999999993,0.6496379690495373,-0.20777423207882262,0.2580539024203142,1.092467301372728,-0.018369988075493976
0.35500000000000015,0.222,0.4229999999999998,0.6514051476864329,-0.2102910638031216,0.24954715861310997,1.0872670733636884,-0.019934531560103386
0.35600000000000015,0.222,0.42199999999999993,0.6531507596780891,-0.21281789278028115,0.24106946153553985,1.0821061597783805,-0.0212128439954814
0.35700000000000015,0.222,0.4209999999999998,0.6548748686341459,-0.215354554188415,0.232621361181394,1.0769848807971778,-0.02220741575941057
0.35800000000000015,0.222,0.41999999999999993,0.6565775402026127,-0.21790088231113905,0.2242034016728398,1.0719035492481117,-0.02292078237702011
0.35900000000000015,0.222,0.4189999999999998,0.6582588420704532,-0.2204567105732059,0.21581612119039273,1.0668624706048386,-0.02335552341374328
0.36000000000000015,0.222,0.4179999999999999,0.659918843947443,-0.22302187157645176,0.20746005189910857,1.06186194298302,-0.023514261345224358
0.36100000000000015,0.222,0.4169999999999998,0.6615576175654527,-0.2255961971355155,0.19913571988821924,1.0569022571418036,-0.023399660440747205
0.36200000000000015,0.222,0.4159999999999999,0.6631752366665938,-0.22817951831392214,0.19084364510567442,1.0519836964828255,-0.023014425629273305
0.36300000000000016,0.222,0.4149999999999998,0.664771776995099,-0.23077166545974792,0.1825843412946101,1.047106537056247,-0.022361301358697266
0.36400000000000016,0.222,0.4139999999999999,0.6663473162865731,-0.23337246824136942,0.17435831593713078,1.042271047567363,-0.021443070454555208
0.36500000000000016,0.222,0.4129999999999998,0.6679019342560899,-0.2359817556835783,0.16616607019484436,1.0374774893803853,-0.020262552973049214
0.36600000000000016,0.222,0.4119999999999999,0.6694357125880381,-0.23859935620289288,0.15800809885367656,1.0327261165331367,-0.018822605046728225
0.36700000000000016,0.222,0.4109999999999998,0.6709487349218816,-0.24122509764353983,0.1498848902775335,1.0280171757449503,-0.017126117738139712
0.36800000000000016,0.222,0.4099999999999999,0.6724410868392198,-0.24385880731303228,0.14179692635046826,1.0233509064303847,-0.015176015876412333
0.36900000000000016,0.222,0.4089999999999998,0.6739128558504677,-0.246500312017465,0.13374468243281804,1.0187275407170493,-0.01297525690182566
0.37000000000000016,0.222,0.4079999999999999,0.6753641313791641,-0.2491494380971701,0.12572862731857173,1.0141473034599338,-0.010526829711494212
0.37100000000000016,0.222,0.4069999999999998,0.6767950047475618,-0.2518060114620001,0.11774922318666006,1.0096104122606382,-0.007833753495431847
0.37200000000000016,0.222,0.4059999999999999,0.6782055691587262,-0.25446985762612995,0.10980692556609455,1.0051170774923406,-0.004899076579709699
0.37300000000000016,0.222,0.4049999999999998,0.6795959196828066,-0.2571408017437558,0.10190218329146589,1.0006675023149942,-0.0017258752700891056
0.34700000000000014,0.223,0.4299999999999998,0.6342309095740366,-0.1894347957822893,0.31290085057408995,1.1202129190397079,-0.0009187213901376001
0.34800000000000014,0.223,0.42899999999999994,0.6361395316886105,-0.19185972336611903,0.30424340692991675,1.1147831146953944,-0.004388544004585632
0.34900000000000014,0.223,0.4279999999999998,0.6380263556616106,-0.19429563602254546,0.29561137361083,1.1093903143762571,-0.007560017829715104
0.35000000000000014,0.223,0.42699999999999994,0.6398914318846004,-0.19674237746060816,0.2870053322951525,1.1040348825391884,-0.010435302892932763
0.35100000000000015,0.223,0.4259999999999998,0.6417348127675593,-0.19919979027410878,0.27842585932694347,1.0987171764098242,-0.013016610459191308
0.35200000000000015,0.223,0.42499999999999993,0.643556552740928,-0.20166771597573951,0.2698735256447141,1.0934375459744023,-0.015306202003621289
0.35300000000000015,0.223,0.4239999999999998,0.6453567082540657,-0.2041459950326891,0.2613488966841104,1.088196333955175,-0.017306388165994058
0.35400000000000015,0.223,0.42299999999999993,0.6471353377761428,-0.2066344669010648,0.2528525323062937,1.0829938758053737,-0.019019527697802602
0.35500000000000015,0.223,0.4219999999999998,0.6488925017926831,-0.20913297006150056,0.24438498671814382,1.077830499691554,-0.02044802640173138
0.35600000000000015,0.223,0.42099999999999993,0.6506282628034872,-0.21164134205398674,0.23594680839342472,1.0727065264893951,-0.021594336050846236
0.35700000000000015,0.223,0.4199999999999998,0.6523426853181576,-0.21415941951322276,0.22753854000003304,1.0676222697754394,-0.022460953306160575
0.35800000000000015,0.223,0.41899999999999993,0.6540358358492533,-0.2166870382039795,0.21916071833143255,1.0625780358214358,-0.023050418625468055
0.35900000000000015,0.223,0.4179999999999998,0.6557077829123709,-0.21922403305643734,0.2108138742329294,1.0575741235915312,-0.02336531516352236
0.36000000000000015,0.223,0.4169999999999999,0.6573585970108785,-0.2217702382014331,0.20249853254080719,1.0526108247428714,-0.023408267660958715
0.36100000000000015,0.223,0.4159999999999998,0.6589883506341381,-0.22432548700591567,0.19421521201095931,1.0476884236256854,-0.023181941329628253
0.36200000000000015,0.223,0.4149999999999999,0.6605971182463285,-0.2268896121082884,0.18596442526372853,1.0428071972867312,-0.02268904073604172
0.36300000000000016,0.223,0.4139999999999998,0.662184976278234,-0.22946244545377992,0.17774667872094446,1.0379674154741485,-0.021932308674349893
0.36400000000000016,0.223,0.4129999999999999,0.6637520031161752,-0.23204381832964782,0.16956247254735907,1.033169340645908,-0.020914525033664644
0.36500000000000016,0.223,0.4119999999999998,0.665298279090776,-0.23463356140071087,0.16141230060065156,1.0284132279757248,-0.01963850567153297
0.36600000000000016,0.223,0.4109999999999999,0.6668238864664554,-0.2372315047442697,0.15329665037316403,1.0236993253675546,-0.018107101270275483
0.36700000000000016,0.223,0.4099999999999998,0.6683289094269962,-0.23983747788544987,0.14521600294438575,1.0190278734661045,-0.0163231962010464
0.36800000000000016,0.223,0.4089999999999999,0.6698134340635157,-0.24245130983220742,0.13717083293469182,1.0143991056722708,-0.014289707385106917
0.36900000000000016,0.223,0.4079999999999998,0.671277548360528,-0.2450728291103888,0.12916160845495983,1.0098132481587183,-0.012009583148170855
0.37000000000000016,0.223,0.4069999999999999,0.6727213421804145,-0.24770186379854228,0.12118879106644781,1.0052705198889509,-0.009485802079981273
0.37100000000000016,0.223,0.4059999999999998,0.6741449072495909,-0.25033824156273604,0.11325283573911553,1.0007711326367625,-0.006721371893022798
0.37200000000000016,0.223,0.4049999999999999,0.675548337140084,-0.25298178969115165,0.1053541908110938,0.9963152910085623,-0.0037193282773518854
0.37300000000000016,0.223,0.4039999999999998,0.6769317272566884,-0.25563233512851347,0.09749329795434593,0.9919031924677151,-0.0004827337646164942
0.34700000000000014,0.224,0.4289999999999998,0.6318201175411354,-0.18842678461444431,0.30747065037541743,1.1105753177902722,-0.0025362822886165204
0.34800000000000014,0.224,0.42799999999999994,0.6337177452205996,-0.19083448910086304,0.2988500934364826,1.1051815445949653,-0.005845505474273233
0.34900000000000014,0.224,0.4269999999999998,0.6355937298550368,-0.1932530428154534,0.2902553114639241,1.0998249056956384,-0.00886030391265441
0.35000000000000014,0.224,0.42599999999999993,0.637448122955039,-0.19568229072962215,0.28168687893425226,1.0945057587334588,-0.011582852529970294
0.35100000000000015,0.224,0.4249999999999998,0.6392809780155017,-0.19812207672643356,0.2731453649778635,1.089224454158617,-0.01401537610670578
0.35200000000000015,0.224,0.42399999999999993,0.6410923505164235,-0.20057224363470144,0.2646313332945086,1.0839813352185503,-0.016160148249207557
0.35300000000000015,0.224,0.4229999999999998,0.6428822979227609,-0.2030326332639613,0.2561453420784896,1.0787767379377762,-0.01801949036597178
0.35400000000000015,0.224,0.42199999999999993,0.6446508796839658,-0.20550308643896176,0.2476879439320451,1.0736109911077674,-0.0195957706143029
0.35500000000000015,0.224,0.4209999999999998,0.6463981572309948,-0.20798344303404426,0.23925968579500145,1.0684844162813723,-0.020891402844409712
0.35600000000000015,0.224,0.41999999999999993,0.6481241939740866,-0.21047354200799975,0.23086110886693803,1.0633973277637576,-0.02190884553298153
0.35700000000000015,0.224,0.4189999999999998,0.6498290552983149,-0.21297322143892575,0.22249274853750536,1.0583500326062052,-0.022650600710739627
0.35800000000000015,0.224,0.4179999999999999,0.6515128085565771,-0.21548231855917224,0.21415513431812996,1.053342830601354,-0.023119212880380574
0.35900000000000015,0.224,0.4169999999999998,0.6531755230696406,-0.21800066979003982,0.20584878977048007,1.0483760142840397,-0.02331726792563263
0.36000000000000015,0.224,0.4159999999999999,0.6548172701109446,-0.22052811077652712,0.19757423244826902,1.043449868933546,-0.02324739201214765
0.36100000000000015,0.224,0.4149999999999998,0.6564381229049436,-0.2230644764225454,0.18933197382958283,1.0385646725720241,-0.022912250488904107
0.36200000000000015,0.224,0.4139999999999999,0.6580381566155196,-0.22560960092566873,0.18112251925831935,1.0337206959706455,-0.02231454677776895
0.36300000000000016,0.224,0.4129999999999998,0.6596174483383492,-0.22816331781203675,0.1729463678900411,1.0289182026554662,-0.02145702126613991
0.36400000000000016,0.224,0.4119999999999999,0.6611760770894435,-0.2307254599708104,0.16480401262999345,1.0241574489201903,-0.020342450180231036
0.36500000000000016,0.224,0.4109999999999998,0.6627141237940596,-0.2332958596894228,0.15669594008620094,1.0194386838305505,-0.018973644475782148
0.36600000000000016,0.224,0.4099999999999999,0.6642316712764964,-0.23587434868818621,0.14862263051597674,1.0147621492377603,-0.01735344871337173
0.36700000000000016,0.224,0.4089999999999998,0.6657288042454147,-0.23846075815496445,0.14058455777632298,1.0101280797921421,-0.015484739931778832
0.36800000000000016,0.224,0.4079999999999999,0.6672056092820766,-0.24105491877914037,0.13258218928170615,1.005536702965783,-0.013370426522236328
0.36900000000000016,0.224,0.4069999999999998,0.6686621748265088,-0.24365666078707596,0.12461598595547699,1.0009882390583966,-0.011013447106545879
0.37000000000000016,0.224,0.4059999999999999,0.6700985911619085,-0.2462658139758368,0.11668640218949307,0.99648290122411,-0.00841676940565024
0.37100000000000016,0.224,0.4049999999999998,0.6715149504012085,-0.24888220774757736,0.10879388580739831,0.9920208954908187,-0.005583389118948179
0.37200000000000016,0.224,0.4039999999999999,0.6729113464686789,-0.25150567114357886,0.10093887802446412,0.987602420783787,-0.0025163287944938717
0.34600000000000014,0.225,0.42899999999999994,0.6275180891140615,-0.18504609796554755,0.3106855066054902,1.1064222107162547,-0.0006154050796129962
0.34700000000000014,0.225,0.4279999999999998,0.6294263976624581,-0.1874258771732059,0.30207640704697253,1.1010275504194655,-0.0040600949746986414
0.34800000000000014,0.225,0.42699999999999994,0.6313131663632764,-0.1898165244542248,0.2934928677144286,1.095669791128539,-0.007212109443238801
0.34900000000000014,0.225,0.4259999999999998,0.633178445871723,-0.19221788712862747,0.284935461196215,1.0903492908806698,-0.010073587750435431
0.35000000000000014,0.225,0.42499999999999993,0.6350222887902083,-0.1946298114205084,0.276404754801423,1.085066400580276,-0.012646718654020395
0.35100000000000015,0.225,0.4239999999999998,0.6368447496716582,-0.19705214249244538,0.2679013104817566,1.0798214639749848,-0.014933739412884728
0.35200000000000015,0.225,0.42299999999999993,0.6386458850198923,-0.1994847244792938,0.25942568474464456,1.0746148176440589,-0.01693693476309513
0.35300000000000015,0.225,0.4219999999999998,0.6404257532891029,-0.20192740052229807,0.25097842857681235,1.069446790985858,-0.01865863589234726
0.35400000000000015,0.225,0.42099999999999993,0.6421844148838247,-0.20438001280263246,0.2425600873667346,1.0643177062161069,-0.02010121939465806
0.35500000000000015,0.225,0.4199999999999998,0.6439219321554037,-0.20684240257654618,0.23417120083000786,1.0592278783476519,-0.02126710623301642
0.35600000000000015,0.225,0.41899999999999993,0.64563836940016,-0.20931441020929878,0.22581230293946658,1.0541776151894602,-0.022158760681021544
0.35700000000000015,0.225,0.4179999999999998,0.6473337928545406,-0.21179587520933602,0.21748392185279247,1.0491672173448892,-0.022778689253443424
0.35800000000000015,0.225,0.4169999999999999,0.6490082706879552,-0.21428663626261954,0.2091865798446664,1.0441969782102938,-0.023129439631605325
0.35900000000000015,0.225,0.4159999999999998,0.6506618730035526,-0.2167865312673703,0.20092079324706513,1.039267183970645,-0.02321359959824823
0.36000000000000015,0.225,0.4149999999999999,0.6522946718219745,-0.21929539736857864,0.19268707237935098,1.0343781136003825,-0.023033795939637364
0.36100000000000015,0.225,0.4139999999999998,0.6539067410805919,-0.2218130709917419,0.18448592149411006,1.0295300388758188,-0.022592693358838095
0.36200000000000015,0.225,0.4129999999999999,0.6554981566215007,-0.22433938787775623,0.17631783871480528,1.0247232243746134,-0.021892993379542786
0.36300000000000016,0.225,0.4119999999999998,0.6570689961837676,-0.2268741831172463,0.16818331598182312,1.0199579274840018,-0.02093743324907721
0.36400000000000016,0.225,0.4109999999999999,0.6586193393926186,-0.22941729118505774,0.16008283899973277,1.0152343984084153,-0.01972878483728946
0.36500000000000016,0.225,0.4099999999999998,0.6601492677478071,-0.23196854597406352,0.15201688718486858,1.01055288018666,-0.018269853524911145
0.36600000000000016,0.225,0.4089999999999999,0.6616588646135918,-0.23452778082966827,0.14398593361523382,1.005913608701569,-0.016563477098796242
0.36700000000000016,0.225,0.4079999999999998,0.6631482152045448,-0.23709482858402173,0.13599044498746266,1.0013168126942007,-0.014612524645348277
0.36800000000000016,0.225,0.4069999999999999,0.6646174065731895,-0.23966952159007604,0.1280308815682402,0.9967627137806563,-0.012419895436920736
0.36900000000000016,0.225,0.4059999999999998,0.6660665275970139,-0.24225169175530664,0.12010769715629668,0.9922515264734095,-0.009988517823793397
0.37000000000000016,0.225,0.4049999999999999,0.6674956689625365,-0.24484117057559915,0.11222133903835232,0.9877834582010666,-0.007321348119540397
0.37100000000000016,0.225,0.4039999999999998,0.6689049231518794,-0.24743778916916415,0.1043722479529479,0.9833587093281876,-0.0044213694957576655
0.37200000000000016,0.225,0.4029999999999999,0.6702943844250353,-0.2500413783102314,0.09656085805785937,0.9789774731778913,-0.0012915908764195017
0.34600000000000014,0.226,0.42799999999999994,0.6251521545278037,-0.18406899204609795,0.3052904187453286,1.0969275091008037,-0.0022060134566553036
0.34700000000000014,0.226,0.4269999999999998,0.6270495860389119,-0.1864320110344561,0.2967181039522675,1.091568715147391,-0.005492990012908289
0.34800000000000014,0.226,0.42599999999999993,0.6289256292207508,-0.18880576501948326,0.28817170761856686,1.0862469482275192,-0.008491130037487027
0.34900000000000014,0.226,0.4249999999999998,0.6307803358277595,-0.19119010253818577,0.27965179522353767,1.080962559677754,-0.011202586944577125
0.35000000000000014,0.226,0.42399999999999993,0.6326137595279375,-0.1935848710585389,0.27115892695002136,1.0757158937322224,-0.013629562303574483
0.35100000000000015,0.226,0.4229999999999998,0.6344259559058787,-0.1959899170128594,0.262693657606214,1.070507287509197,-0.015774304843262255
0.35200000000000015,0.226,0.42199999999999993,0.636216982463461,-0.19840508583141947,0.25425653654662594,1.0653370709978167,-0.01763910944319777
0.35300000000000015,0.226,0.4209999999999998,0.6379868986188818,-0.20083022197573616,0.24584810759276332,1.0602055670525368,-0.019226316106788627
0.35400000000000015,0.226,0.41999999999999993,0.6397357657068765,-0.20326516897283914,0.23746890896214,1.0551130913773428,-0.02053830894279199
0.35500000000000015,0.226,0.4189999999999998,0.6414636469749242,-0.20570976944879452,0.2291194731928485,1.0500599525231102,-0.021577515119293872
0.35600000000000015,0.226,0.4179999999999999,0.6431706075811262,-0.20816386516245436,0.22080032707271857,1.0450464518844926,-0.022346403815821203
0.35700000000000015,0.226,0.4169999999999998,0.6448567145898471,-0.2106272970395169,0.2125119915758458,1.0400728836952358,-0.02284748517408075
0.35800000000000015,0.226,0.4159999999999999,0.6465220369642312,-0.21309990520645666,0.20425498179269527,1.0351395350276142,-0.023083309230836013
0.35900000000000015,0.226,0.4149999999999998,0.6481666455668458,-0.21558152902447167,0.19602980687112698,1.0302466857937957,-0.023056464858770026
0.36000000000000015,0.226,0.4139999999999999,0.6497906131436385,-0.21807200712315283,0.18783696995066337,1.0253946087526693,-0.022769578678821206
0.36100000000000015,0.226,0.4129999999999998,0.6513940143230265,-0.2205711774350519,0.17967696810850134,1.0205835695071024,-0.022225313997593782
0.36200000000000015,0.226,0.4119999999999999,0.6529769256042264,-0.22307887722889078,0.17155029230282043,1.0158138265200025,-0.02142636971464007
0.36300000000000016,0.226,0.4109999999999998,0.6545394253490667,-0.22559494314388454,0.163457427314869,1.011085631117759,-0.02037547923812344
0.36400000000000016,0.226,0.4099999999999999,0.6560815937716787,-0.22811921122345644,0.15539885170370554,1.0063992275026266,-0.01907540939987025
0.36500000000000016,0.226,0.4089999999999998,0.6576035129265247,-0.23065151694911926,0.14737503775065938,1.0017548527641866,-0.01752895935843536
0.36600000000000016,0.226,0.4079999999999999,0.6591052666988195,-0.23319169527403882,0.13938645141563133,0.997152736895616,-0.01573895950892007
0.36700000000000016,0.226,0.4069999999999998,0.6605869407901324,-0.2357395806569063,0.13143355229225695,0.992593102807073,-0.013708270389277827
0.36800000000000016,0.226,0.4059999999999999,0.6620486227062731,-0.23829500709516754,0.12351679356295672,0.9880761663474033,-0.011439781581159422
0.36900000000000016,0.226,0.4049999999999998,0.663490401744263,-0.24085780815879687,0.11563662196097041,0.9836021363199094,-0.008936410620597787
0.37000000000000016,0.226,0.4039999999999999,0.6649123689768136,-0.24342781702342467,0.10779347773137883,0.9791712145061174,-0.00620110190063991
0.37100000000000016,0.226,0.4029999999999998,0.6663146172386912,-0.2460048665036204,0.09998779459274916,0.9747835956879373,-0.003236825577601285
0.37200000000000016,0.226,0.4019999999999999,0.6676972411092988,-0.2485887890860906,0.09221999970821987,0.9704394676709319,-4.6576484448848654e-05
0.34500000000000014,0.227,0.4279999999999998,0.6208948574238962,-0.18076303992855455,0.3084922332815177,1.0928806122760821,-0.00028542274587600724
0.34600000000000014,0.227,0.42699999999999994,0.6228028335529168,-0.1830987056527485,0.29993112353637674,1.0875208684534157,-0.0037051500561594564
0.34700000000000014,0.227,0.4259999999999998,0.6246895207229178,-0.18544512442577546,0.29139572017399057,1.0821979205408396,-0.006837726435261121
0.34800000000000014,0.227,0.42499999999999993,0.6265549698825875,-0.1878021470691659,0.2828865868221233,1.0769121202932026,-0.00968527060308172
0.34900000000000014,0.227,0.4239999999999998,0.6283992338588394,-0.19016962332864534,0.2744042818818393,1.071663812411721,-0.012249949101283436
0.35000000000000014,0.227,0.42299999999999993,0.6302223673593317,-0.19254740190650246,0.2659493584482971,1.066453334537115,-0.014533975306818742
0.35100000000000015,0.227,0.4219999999999998,0.6320244269748176,-0.1949353304949356,0.25752236422649355,1.061281017232362,-0.016539608441781567
0.35200000000000015,0.227,0.42099999999999993,0.6338054711799992,-0.19733325580920225,0.24912384145792424,1.0561471839717658,-0.01826915257446779
0.35300000000000015,0.227,0.4199999999999998,0.6355655603325449,-0.19974102362075663,0.2407543268441259,1.0510521511333561,-0.019724955604606825
0.35400000000000015,0.227,0.41899999999999993,0.6373047566726944,-0.2021584787905571,0.23241435147035727,1.045996227991928,-0.02090940824028531
0.35500000000000015,0.227,0.4179999999999998,0.6390231243202558,-0.20458546530253716,0.22410444074363528,1.0409797167126764,-0.021824942975879363
0.35600000000000015,0.227,0.4169999999999999,0.6407207292718601,-0.20702182629692523,0.21582511431601004,1.0360029123494925,-0.02247403304715334
0.35700000000000015,0.227,0.4159999999999998,0.6423976393964959,-0.20946740410380413,0.2075768860221845,1.031066102842482,-0.022859191390609046
0.35800000000000015,0.227,0.4149999999999999,0.6440539244286607,-0.2119220402764888,0.19936026382000632,1.0261695690201038,-0.02298296959364521
0.35900000000000015,0.227,0.4139999999999998,0.6456896559680084,-0.21438557562501676,0.19117574972080154,1.0213135846018608,-0.02284795683542326
0.36000000000000015,0.227,0.4129999999999999,0.6473049074644058,-0.21685785024976628,0.18302383973931338,1.016498416201235,-0.02245677882788988
0.36100000000000015,0.227,0.4119999999999998,0.6488997542161722,-0.21933870357478621,0.17490502383073503,1.01172432333402,-0.02181209674745005
0.36200000000000015,0.227,0.4109999999999999,0.6504742733586889,-0.22182797438133506,0.16681978583898335,1.0069915584255054,-0.020916606166145546
0.36300000000000016,0.227,0.4099999999999998,0.6520285438566024,-0.22432550084125297,0.15876860344504956,1.0023003668211174,-0.01977303597982351
0.36400000000000016,0.227,0.4089999999999999,0.6535626464928824,-0.2268311205504178,0.15075194811502027,0.9976509867972355,-0.018384147330949646
0.36500000000000016,0.227,0.4079999999999998,0.6550766638578165,-0.2293446705619434,0.14277028505738998,0.9930436495762294,-0.016752732534497536
0.36600000000000016,0.227,0.4069999999999999,0.6565706803385701,-0.2318659874194114,0.13482407316974437,0.9884785793419095,-0.014881613992828058
0.36700000000000016,0.227,0.4059999999999998,0.658044782105466,-0.23439490719013759,0.12691376500280044,0.983955993255346,-0.012773643122747702
0.36800000000000016,0.227,0.4049999999999999,0.6594990570999696,-0.23693126549811508,0.11903980671716084,0.9794761014751348,-0.01043169927352533
0.36900000000000016,0.227,0.4039999999999998,0.6609335950213993,-0.2394748975570828,0.11120263804266299,0.9750391071766258,-0.007858688647079143
0.37000000000000016,0.227,0.4029999999999999,0.6623484873117808,-0.24202563820324474,0.10340269224411655,0.9706452065755526,-0.005057543220459079
0.37100000000000016,0.227,0.4019999999999998,0.6637438271424164,-0.2445833219280021,0.09564039608542978,0.9662945889516678,-0.002031219668978873
0.34500000000000014,0.228,0.4269999999999998,0.6185727536072185,-0.17981582555315506,0.30313203028781666,1.0835254558513832,-0.001850729787080202
0.34600000000000014,0.228,0.42599999999999993,0.6204699681048861,-0.18213517955344793,0.29460760129368185,1.0782014117019232,-0.005115558980313822
0.34700000000000014,0.228,0.4249999999999998,0.6223460416917814,-0.1844651562202721,0.28610923064198246,1.072914285383789,-0.008096993482040321
0.34800000000000014,0.228,0.42399999999999993,0.6242010263959836,-0.18680560754919845,0.27763747493548796,1.067664422053973,-0.010797165446482265
0.34900000000000014,0.228,0.4229999999999998,0.6260349760913881,-0.1891563844854652,0.2691928855389696,1.0624521598566716,-0.013218253545423414
0.35000000000000014,0.228,0.42199999999999993,0.6278479464995577,-0.19151733695657855,0.2607760084940832,1.057277829909083,-0.01536248199069315
0.35100000000000015,0.228,0.4209999999999998,0.6296399951925238,-0.1938883139048304,0.2523873844450079,1.0521417562918758,-0.017232119551517294
0.35200000000000015,0.228,0.41999999999999993,0.6314111815930025,-0.19626916332017422,0.24402754855938058,1.0470442560378752,-0.018829478558794133
0.35300000000000015,0.228,0.4189999999999998,0.6331615669738123,-0.19865973227295297,0.2356970304604486,1.041985639125929,-0.02015691390417193
0.35400000000000015,0.228,0.4179999999999999,0.6348912144572503,-0.20105986694688882,0.22739635415042792,1.0369662084740308,-0.021216822025176524
0.35500000000000015,0.228,0.4169999999999998,0.6366001890117159,-0.20346941267189184,0.21912603794613722,1.0319862599376015,-0.022011639885867434
0.35600000000000015,0.228,0.4159999999999999,0.6382885574494775,-0.20588821395718832,0.2108865944116708,1.0270460823059275,-0.02254384395121814
0.35700000000000015,0.228,0.4149999999999998,0.6399563884218727,-0.20831611452428214,0.20267853029374938,1.0221459573031846,-0.02281594915146054
0.35800000000000015,0.228,0.4139999999999999,0.6416037524123175,-0.2107529573399303,0.19450234646238634,1.0172861595913476,-0.022830507842184017
0.35900000000000015,0.228,0.4129999999999998,0.6432307217362877,-0.21319858464931063,0.1863585378477619,1.0124669567725477,-0.022590108762079064
0.36000000000000015,0.228,0.4119999999999999,0.644837370526173,-0.21565283800899782,0.1782475933888958,1.0076886093957003,-0.02209737598120623
0.36100000000000015,0.228,0.4109999999999998,0.6464237747295205,-0.21811555831991974,0.17016999597253954,1.002951370964961,-0.021354967845974626
0.36200000000000015,0.228,0.4099999999999999,0.6479900120977778,-0.22058658586045182,0.16212622238446076,0.9982554879478462,-0.020365575924487386
0.36300000000000016,0.228,0.4089999999999998,0.6495361621785943,-0.22306576031932335,0.1541167432602628,0.993601199787021,-0.01913192394866585
0.36400000000000016,0.228,0.4079999999999999,0.6510623063046779,-0.22555292082857867,0.14614202303195806,0.9889887389125197,-0.017656766747559963
0.36500000000000016,0.228,0.4069999999999998,0.6525685275829639,-0.2280479059962102,0.1382025198884026,0.9844183307589479,-0.01594288918785991
0.36600000000000016,0.228,0.4059999999999999,0.6540549108846313,-0.23055055393915316,0.1302986857282822,0.979890193779023,-0.013993105109928114
0.36700000000000016,0.228,0.4049999999999998,0.6555215428308478,-0.2330607023157554,0.12243096611824517,0.9754045394642092,-0.011810256259719584
0.36800000000000016,0.228,0.4039999999999999,0.6569685117813736,-0.23557818835850156,0.11459980025759345,0.9709615723627284,-0.009397211230473684
0.36900000000000016,0.228,0.4029999999999998,0.6583959078209735,-0.23810284890633945,0.10680562093442512,0.9665614901027356,-0.006756864391731232
0.37000000000000016,0.228,0.4019999999999999,0.6598038227446799,-0.2406345204372279,0.09904885449636934,0.9622044834130795,-0.0038921348336778128
0.37100000000000016,0.228,0.4009999999999998,0.6611923500445519,-0.24317303910004953,0.09132992081698717,0.9578907361516205,-0.0008059653047954585
0.34500000000000014,0.229,0.4259999999999998,0.6162668190891973,-0.17887515850181748,0.2978074538764051,1.0742566394025295,-0.0033267465500204096
0.34600000000000014,0.229,0.42499999999999993,0.6181534019645111,-0.1811783551251967,0.28931982819775487,1.0689682717297087,-0.006439915510482869
0.34700000000000014,0.229,0.4239999999999998,0.6200189908202699,-0.18349204592666657,0.28085860624100234,1.0637169385275045,-0.009273412301482375
0.34800000000000014,0.229,0.42299999999999993,0.6218636387385628,-0.18581608406740824,0.2724243376246904,1.0585029784286568,-0.01182938152330859
0.34900000000000014,0.229,0.4219999999999998,0.62368740061466,-0.1881503216836524,0.26401756671081217,1.053326723088486,-0.014110013011329636
0.35000000000000014,0.229,0.42099999999999993,0.6254903331591307,-0.19049460991872802,0.2556388325271448,1.0481884971746172,-0.016117540867286895
0.35100000000000015,0.229,0.4199999999999998,0.627272494900697,-0.19284879895518564,0.24728866869692656,1.0430886183589214,-0.01785424248589107
0.35200000000000015,0.229,0.41899999999999993,0.6290339461861345,-0.19521273804742337,0.23896760335842157,1.038027397305549,-0.019322437566343637
0.35300000000000015,0.229,0.4179999999999998,0.63077474917944,-0.1975862755539168,0.23067615909658334,1.0330051376675429,-0.02052448711661653
0.35400000000000015,0.229,0.4169999999999999,0.6324949678617166,-0.19996925896969445,0.22241485287616322,1.028022136082716,-0.021462792453077112
0.35500000000000015,0.229,0.4159999999999998,0.634194668027145,-0.20236153495888284,0.21418419597091326,1.0230786821711566,-0.022139794185672884
0.35600000000000015,0.229,0.4149999999999999,0.6358739172811747,-0.2047629493873302,0.2059846939043929,1.0181750585340863,-0.02255797120676095
0.35700000000000015,0.229,0.4139999999999998,0.637532785035461,-0.20717334735525722,0.19781684638390606,1.0133115407545892,-0.02271983966464189
0.35800000000000015,0.229,0.4129999999999999,0.6391713425006442,-0.20959257322953312,0.18968114724012156,1.0084883974052754,-0.02262795192931777
0.35900000000000015,0.229,0.4119999999999998,0.6407896626870908,-0.21202047067670252,0.18157808437591888,1.0037058900478848,-0.022284895574033764
0.36000000000000015,0.229,0.4109999999999999,0.6423878203888005,-0.21445688269524857,0.17350813970401563,0.9989642732446089,-0.021693292321468938
0.36100000000000015,0.229,0.4099999999999998,0.6439658921825588,-0.21690165164836545,0.16547178909931493,0.9942637945642514,-0.020855797014391803
0.36200000000000015,0.229,0.4089999999999999,0.6455239564160742,-0.2193546192963013,0.1574695023435929,0.9896046945952597,-0.019775096563494174
0.36300000000000016,0.229,0.4079999999999998,0.6470620932004665,-0.22181562682903347,0.14950174307998051,0.9849872069556913,-0.018453908906794325
0.36400000000000016,0.229,0.4069999999999999,0.6485803843996684,-0.22428451489867857,0.14156896876721603,0.980411558307599,-0.01689498196152961
0.36500000000000016,0.229,0.4059999999999998,0.650078913618943,-0.22676112365156859,0.13367163063280582,0.9758779683763592,-0.015101092569704044
0.36600000000000016,0.229,0.4049999999999999,0.6515577661954417,-0.229245292760921,0.125810173633484,0.9713866499633707,-0.013075045455401987
0.36700000000000016,0.229,0.4039999999999998,0.6530170291839577,-0.23173686145885705,0.11798503641383275,0.9669378089674125,-0.010819672170749875
0.36800000000000016,0.229,0.4029999999999999,0.6544567913453878,-0.2342356685683759,0.11019665126977504,0.9625316444068429,-0.008337830047850561
0.36900000000000016,0.229,0.4019999999999998,0.6558771431338121,-0.23674155253560153,0.10244544411289891,0.9581683484388683,-0.00563240115316388
0.37000000000000016,0.229,0.4009999999999999,0.6572781766813925,-0.2392543514613431,0.094731834436918,0.953848106387123,-0.0027062912381306675
0.34400000000000014,0.23,0.42599999999999993,0.612079921381865,-0.17566430298412358,0.30099538128491166,1.0703628348853504,-0.0014733466101749249
0.34500000000000014,0.23,0.4249999999999998,0.6139769013719149,-0.17794098256559235,0.29251848147568144,1.065073309661329,-0.004716134477901313
0.34600000000000014,0.23,0.42399999999999993,0.615852980751986,-0.1802281743481639,0.28406777640762804,1.0598205912577334,-0.007680827754173863
0.34700000000000014,0.23,0.4229999999999998,0.617708211854927,-0.18252573368244843,0.2756438139346835,1.0546050187779892,-0.010369537594258127
0.34800000000000014,0.23,0.42199999999999993,0.6195426487912915,-0.1848335148872687,0.26724713672281086,1.0494269243970553,-0.012784420083050085
0.34900000000000014,0.23,0.4209999999999998,0.6213563474531162,-0.18715137128096881,0.25887828217247816,1.0442866333543812,-0.014927675281237701
0.35000000000000014,0.23,0.41999999999999993,0.6231493655157889,-0.18947915521325404,0.25053778234064006,1.0391844639424686,-0.01680154626472935
0.35100000000000015,0.23,0.4189999999999998,0.6249217624403234,-0.19181671809729942,0.24222616386555534,1.0341207274949582,-0.018408318158173675
0.35200000000000015,0.23,0.4179999999999999,0.6266735994739498,-0.1941639104416641,0.23394394789910125,1.0290957283806108,-0.01975031715923245
0.35300000000000015,0.23,0.4169999999999998,0.6284049396488524,-0.19652058188219407,0.2256916500350975,1.0241097640002466,-0.020829909548431752
0.35400000000000015,0.23,0.4159999999999999,0.6301158477818947,-0.19888658121381508,0.2174697802429292,1.0191631247877049,-0.0216495006937078
0.35500000000000015,0.23,0.4149999999999998,0.6318063904708113,-0.20126175642320343,0.20927884280210185,1.0142560942012593,-0.02221153405475859
0.35600000000000015,0.23,0.4139999999999999,0.6334766360920439,-0.203645954720721,0.20111933624058545,1.0093889487275083,-0.02251849017510374
0.35700000000000015,0.23,0.4129999999999998,0.6351266547960261,-0.20603902257241863,0.19299175327543758,1.0045619578863003,-0.022572885668231374
0.35800000000000015,0.23,0.4119999999999999,0.6367565184999184,-0.20844080573205448,0.18489658075354282,0.999775384237243,-0.0223772721962677
0.35900000000000015,0.23,0.4109999999999998,0.6383663008879945,-0.21085114927380239,0.17683429959780736,0.995029483378954,-0.021934235460322776
0.36000000000000015,0.23,0.4099999999999999,0.6399560773958186,-0.21326989762416246,0.16880538474952053,0.9903245039604799,-0.021246394162353965
0.36100000000000015,0.23,0.4089999999999998,0.6415259252093651,-0.215696894593831,0.16081030512195624,0.9856606876944819,-0.020316398983281872
0.36200000000000015,0.23,0.4079999999999999,0.6430759232535735,-0.21813198340985535,0.15284952355140138,0.981038269367919,-0.019146931550961657
0.36300000000000016,0.23,0.4069999999999998,0.6446061521842442,-0.22057500674797906,0.14492349674521104,0.9764574768515233,-0.017740703406634736
0.36400000000000016,0.23,0.4059999999999999,0.6461166943779451,-0.22302580676440234,0.1370326752433798,0.9719185311176418,-0.01610045497399648
0.36500000000000016,0.23,0.4049999999999998,0.6476076339205322,-0.2254842251276561,0.1291775033723749,0.9674216462573683,-0.014228954520394632
0.36600000000000016,0.23,0.4039999999999999,0.6490790565975386,-0.22795010305027952,0.12135841920423467,0.9629670295006754,-0.012128997121256938
0.36700000000000016,0.23,0.4029999999999998,0.6505310498806108,-0.23042328132070927,0.11357585452389563,0.9585548812344532,-0.009803403630897892
0.36800000000000016,0.23,0.4019999999999999,0.6519637029153452,-0.23290360033516244,0.1058302347854081,0.9541853950211041,-0.007255019644080249
0.36900000000000016,0.23,0.4009999999999998,0.6533771065089501,-0.23539090012867414,0.09812197908357323,0.9498587576275235,-0.004486714465561495
0.37000000000000016,0.23,0.3999999999999999,0.6547713531152263,-0.23788502040637116,0.09045150012129985,0.945575149051139,-0.0015013800778331948
0.34400000000000014,0.231,0.42499999999999993,0.6098163905353421,-0.17475229069722034,0.29570529293365083,1.0612286427915734,-0.002927687758748798
0.34500000000000014,0.231,0.4239999999999998,0.6117028497404966,-0.1770132421073142,0.28726508651726224,1.0559746229581237,-0.006021488756700111
0.34600000000000014,0.231,0.42299999999999993,0.613568551901723,-0.1792845797990306,0.27885141417623033,1.0507575227196768,-0.008840838262941908
0.34700000000000014,0.231,0.4219999999999998,0.615413550387377,-0.1815661602474634,0.27046481686629603,1.045577674759219,-0.011387859225193475
0.34800000000000014,0.231,0.42099999999999993,0.6172379003118896,-0.18385783892043997,0.2621058303396817,1.0404354048697224,-0.013664718274828569
0.34900000000000014,0.231,0.4199999999999998,0.6190416585395522,-0.18615947030971228,0.2537749850712683,1.0353310319448732,-0.015673624784694973
0.35000000000000014,0.231,0.41899999999999993,0.6208248836865581,-0.18847090796231333,0.245472806186338,1.03026486797065,-0.017416829917426824
0.35100000000000015,0.231,0.4179999999999998,0.6225876361228792,-0.19079200451229705,0.23719981338276516,1.0252372180146008,-0.01889662566338396
0.35200000000000015,0.231,0.4169999999999999,0.6243299779730551,-0.19312261171194015,0.2289565208690436,1.0202483802256859,-0.02011534387256017
0.35300000000000015,0.231,0.4159999999999998,0.6260519731146541,-0.1954625804635398,0.22074343729136722,1.0152986458283633,-0.02107535527475543
0.35400000000000015,0.231,0.4149999999999999,0.6277536871778582,-0.1978117608511742,0.21256106566792682,1.0103882991198425,-0.021779068496705745
0.35500000000000015,0.231,0.4139999999999998,0.6294351875421651,-0.2001700021721928,0.20440990333273015,1.0055176174734064,-0.022228929073534243
0.35600000000000015,0.231,0.4129999999999999,0.6310965433335969,-0.20253715296901478,0.1962904418674945,1.0006868713395998,-0.022427418447904163
0.35700000000000015,0.231,0.4119999999999998,0.6327378254201875,-0.2049130610609064,0.18820316704703016,0.9958963242497558,-0.022377052971710665
0.35800000000000015,0.231,0.4109999999999999,0.634359106404945,-0.20729757357582165,0.18014855878468494,0.9911462328205252,-0.02208038290109865
0.35900000000000015,0.231,0.4099999999999998,0.6359604606257008,-0.20969053698183296,0.17212709107331076,0.9864368467654617,-0.021539991383546758
0.36000000000000015,0.231,0.4089999999999999,0.6375419641401874,-0.21209179711913825,0.16413923194048113,0.9817684089004384,-0.020758493447764675
0.36100000000000015,0.231,0.4079999999999998,0.6391036947243101,-0.2145011992315566,0.15618544339257198,0.9771411551571426,-0.019738534984997516
0.36200000000000015,0.231,0.4069999999999999,0.6406457318610427,-0.21691858799819902,0.14826618137128306,0.9725553145953872,-0.018482791732887693
0.36300000000000016,0.231,0.4059999999999998,0.6421681567327253,-0.21934380756519356,0.1403818957077982,0.968011109415785,-0.01699396825785872
0.36400000000000016,0.231,0.4049999999999999,0.643671052210412,-0.22177670157694687,0.1325330300780827,0.9635087549791368,-0.015274796930486736
0.36500000000000016,0.231,0.4039999999999998,0.6451545028432422,-0.22421711320774762,0.12472002196799481,0.9590484598221758,-0.013328036911590013
0.36600000000000016,0.231,0.4029999999999999,0.6466185948482245,-0.22666488519307357,0.1169433026254283,0.9546304256775932,-0.011156473123906635
0.36700000000000016,0.231,0.4019999999999998,0.6480634160968961,-0.22911985986086703,0.10920329703078571,0.9502548474948832,-0.008762915237788688
0.36800000000000016,0.231,0.4009999999999999,0.6494890561039326,-0.2315818791625915,0.10150042386281656,0.9459219134640975,-0.0061501966530905505
0.36900000000000016,0.231,0.3999999999999998,0.6508956060139637,-0.234050784704459,0.09383509546011015,0.941631805037715,-0.003321173478248035
0.37000000000000016,0.231,0.3989999999999999,0.6522831585873776,-0.23652641777792915,0.08620771779834832,0.9373846969612201,-0.00027872351948426966
0.34300000000000014,0.232,0.4249999999999998,0.6056717200133476,-0.1716115447811673,0.29888036550515323,1.0574335277422158,-0.001076553993942131
0.34400000000000014,0.232,0.42399999999999993,0.607568451253264,-0.17384651163498258,0.29045063813022204,1.0521782893578944,-0.004297412824949387
0.34500000000000014,0.232,0.4229999999999998,0.6094445152382332,-0.17609188205363155,0.28204723853997415,1.04695974509615,-0.007245339892508557
0.34600000000000014,0.232,0.42199999999999993,0.611299964637222,-0.17834751464280293,0.27367070595809506,1.0417782281310761,-0.009922425611986224
0.34700000000000014,0.232,0.4209999999999998,0.6131348538292902,-0.18061326699447464,0.2653215744750687,1.0366340647919439,-0.012330803794249667
0.34800000000000014,0.232,0.41999999999999993,0.6149492389085801,-0.18288899571717918,0.25700037296783296,1.0315275745602437,-0.014472650709799723
0.34900000000000014,0.232,0.4189999999999998,0.6167431776878614,-0.18517455646737452,0.24870762502575944,1.0264590700537468,-0.016350184159622555
0.35000000000000014,0.232,0.4179999999999999,0.6185167297006382,-0.18746980398016003,0.24044384888255116,1.0214288570234222,-0.017965662529216997
0.35100000000000015,0.232,0.4169999999999998,0.6202699562028594,-0.18977459210046163,0.23220955733892396,1.0164372343464707,-0.019321383831574696
0.35200000000000015,0.232,0.4159999999999999,0.622002920173539,-0.1920887738142505,0.22400525770110719,1.011484494021751,-0.020419684751723344
0.35300000000000015,0.232,0.4149999999999998,0.6237156863133907,-0.19441220127972594,0.2158314517129045,1.0065709211683416,-0.02126293967577897
0.35400000000000015,0.232,0.4139999999999999,0.6254083210443738,-0.19674472585863365,0.20768863549180888,1.0016967940246384,-0.02185355971733921
0.35500000000000015,0.232,0.4129999999999998,0.6270808925059558,-0.19908619814738673,0.19957729946895503,0.9968623839523982,-0.022193991734831497
0.35600000000000015,0.232,0.4119999999999999,0.6287334705528406,-0.20143646800858672,0.19149792833023457,0.992067955437347,-0.02228671734892604
0.35700000000000015,0.232,0.4109999999999998,0.6303661267500742,-0.20379538460217012,0.1834510009583002,0.987313766096806,-0.022134251948594974
0.35800000000000015,0.232,0.4099999999999999,0.6319789343663129,-0.2061627964168599,0.1754369903837154,0.982600066684889,-0.021739143701497668
0.35900000000000015,0.232,0.4089999999999998,0.6335719683733784,-0.20853855130138996,0.16745636372375003,0.9779271011023253,-0.021103972551827194
0.36000000000000015,0.232,0.4079999999999999,0.6351453054315791,-0.21092249649575823,0.1595095821418811,0.9732951064072266,-0.02023134922157309
0.36100000000000015,0.232,0.4069999999999998,0.636699023887957,-0.2133144786626495,0.1515971007929136,0.9687043128249281,-0.0191239142075163
0.36200000000000015,0.232,0.4059999999999999,0.6382332037651851,-0.21571434391829974,0.14371936878051245,0.9641549437660943,-0.017784336774141374
0.36300000000000016,0.232,0.4049999999999998,0.6397479267542061,-0.21812193786389286,0.13587682911657578,0.959647215838859,-0.016215313953967775
0.36400000000000016,0.232,0.4039999999999999,0.6412432762031486,-0.22053710561658513,0.12806991867177533,0.9551813388665614,-0.014419569532842208
0.36500000000000016,0.232,0.4029999999999998,0.6427193371070284,-0.22295969184036288,0.12029906814550805,0.9507575159081525,-0.012399853050507878
0.36600000000000016,0.232,0.4019999999999999,0.6441761960980089,-0.22538954077708234,0.11256470202434223,0.9463759432767881,-0.010158938792984365
0.36700000000000016,0.232,0.4009999999999998,0.6456139414315172,-0.22782649627715856,0.10486723854601258,0.9420368105631575,-0.007699624784562584
0.36800000000000016,0.232,0.3999999999999999,0.6470326629752724,-0.23027040183039962,0.09720708967068468,0.9377403006572037,-0.005024731790319953
0.36900000000000016,0.232,0.3989999999999998,0.6484324521964365,-0.2327211005962433,0.08958466104648048,0.933486589777182,-0.0021371023092107977
0.34300000000000014,0.233,0.4239999999999998,0.6034496386634147,-0.17072725823804866,0.2936245332922775,1.048430858948863,-0.0025105596749421533
0.34400000000000014,0.233,0.42299999999999993,0.6053359581108356,-0.17294691298973255,0.2852313877012281,1.0432109535162286,-0.005585040361546945
0.34500000000000014,0.233,0.4219999999999998,0.6072017506431178,-0.17517684788898488,0.2768649033068227,1.038027851240026,-0.008390155253973797
0.34600000000000014,0.233,0.42099999999999993,0.6090470699466887,-0.17741692262655354,0.2685256125198335,1.0328818789732839,-0.010928005936106322
0.34700000000000014,0.233,0.4199999999999998,0.6108719713871047,-0.17966699590317786,0.2602140426006925,1.0277733567656306,-0.013200736173017674
0.34800000000000014,0.233,0.41899999999999993,0.6126765120145767,-0.18192692546003514,0.2519307155906689,1.0227025978536877,-0.015210530996885768
0.34900000000000014,0.233,0.4179999999999998,0.6144607505671542,-0.18419656810935617,0.2436761482356897,1.017669908652286,-0.016959615776762332
0.35000000000000014,0.233,0.4169999999999999,0.6162247474724032,-0.18647577976505395,0.2354508519150722,1.012675588748585,-0.018450255280245048
0.35100000000000015,0.233,0.4159999999999998,0.617968564849849,-0.18876441547327671,0.2272553325777002,1.0077199309001128,-0.01968475273081194
0.35200000000000015,0.233,0.4149999999999999,0.6196922665108301,-0.19106232944353146,0.2190900906721077,1.0028032210273505,-0.020665448856670293
0.35300000000000015,0.233,0.4139999999999998,0.6213959179572798,-0.19336937507916396,0.21095562108315805,0.9979257382180254,-0.021394720927559285
0.35400000000000015,0.233,0.4129999999999999,0.6230795863815437,-0.19568540500851841,0.20285241307426777,0.9930877547240876,-0.02187498179736916
0.35500000000000015,0.233,0.4119999999999998,0.6247433406621792,-0.1980102711154692,0.1947809502229448,0.988289535969593,-0.02210867892459978
0.35600000000000015,0.233,0.4109999999999999,0.6263872513619668,-0.20034382457075936,0.18674171036781026,0.9835313405494057,-0.022098293406363212
0.35700000000000015,0.233,0.4099999999999998,0.6280113907229836,-0.20268591586240906,0.1787351655518331,0.9788134202424261,-0.021846338991810585
0.35800000000000015,0.233,0.4089999999999999,0.6296158326594121,-0.20503639482721162,0.1707617819689136,0.9741360200116885,-0.021355361103457926
0.35900000000000015,0.233,0.4079999999999998,0.6312006527581383,-0.20739511068099048,0.16282201991820955,0.9694993780226058,-0.020627935853394383
0.36000000000000015,0.233,0.4069999999999999,0.6327659282629385,-0.20976191204989456,0.15491633374949698,0.964903725648561,-0.01966666904804361
0.36100000000000015,0.233,0.4059999999999998,0.6343117380737306,-0.21213664700098975,0.14704517182289345,0.9603492874870473,-0.018474195205331237
0.36200000000000015,0.233,0.4049999999999999,0.6358381627349561,-0.21451916307309254,0.13920897646041036,0.95583628137355,-0.017053176557956642
0.36300000000000016,0.233,0.4039999999999998,0.6373452844281777,-0.21690930730748445,0.13140818390581138,0.9513649183978415,-0.015406302063734653
0.36400000000000016,0.233,0.4029999999999999,0.6388331869619811,-0.21930692627840748,0.1236432242882153,0.9469354029237319,-0.013536286414659607
0.36500000000000016,0.233,0.4019999999999998,0.6403019557605939,-0.22171186612372493,0.1159145215788303,0.9425479326072652,-0.011445869040326406
0.36600000000000016,0.233,0.4009999999999999,0.6417516778548467,-0.22412397257534505,0.10822249355873113,0.9382026984183187,-0.009137813120445912
0.36700000000000016,0.233,0.3999999999999998,0.6431824418685267,-0.22654309098958458,0.10056755178589154,0.9338998846632305,-0.006614904594232071
0.36800000000000016,0.233,0.3989999999999999,0.6445943380071405,-0.22896906637707293,0.09295010156329646,0.9296396690131379,-0.003879951170089768
0.36900000000000016,0.233,0.3979999999999998,0.6459874580453787,-0.23140174343361253,0.08537054190832344,0.9254222225207324,-0.000935781344436934
0.34200000000000014,0.234,0.42399999999999993,0.5993462652358129,-0.16765476984326597,0.2967868745325642,1.0447316127320174,-0.0006628328047223742
0.34300000000000014,0.234,0.4229999999999998,0.6012427366406042,-0.16984895780141732,0.28840396282200453,1.0395104281000545,-0.0038618806672688355
0.34400000000000014,0.234,0.42199999999999993,0.6031187673644621,-0.17205344248190052,0.2800475087102695,1.0343258233326504,-0.00679302661157527
0.34500000000000014,0.234,0.4209999999999998,0.6049744104439072,-0.17426808564946547,0.271718042906832,1.029178125788834,-0.009458340582732094
0.34600000000000014,0.234,0.41999999999999993,0.6068097205586314,-0.17649274807246915,0.26341609104219865,1.0240676560706399,-0.011859934430438007
0.34700000000000014,0.234,0.4189999999999998,0.608624754037324,-0.17872728955276582,0.25514217358801855,1.0189947280145897,-0.013999961001849581
0.34800000000000014,0.234,0.4179999999999999,0.6104195688628286,-0.1809715689556365,0.24689680578610051,1.0139596486858102,-0.015880613229444313
0.34900000000000014,0.234,0.4169999999999998,0.6121942246755575,-0.18322544424051082,0.23868049757879295,1.008962718363672,-0.017504123218146678
0.35000000000000014,0.234,0.4159999999999999,0.6139487827750061,-0.18548877249079043,0.23049375353814577,1.0040042305436994,-0.01887276130830598
0.35100000000000015,0.234,0.4149999999999998,0.6156833061218651,-0.18776140994436513,0.22233707280010032,0.9990844719320162,-0.01998883514281613
0.35200000000000015,0.234,0.4139999999999999,0.6173978593380731,-0.19004321202378863,0.21421094900003337,0.9942037224472695,-0.02085468872105481
0.35300000000000015,0.234,0.4129999999999998,0.6190925087056489,-0.19233403336708013,0.2061158702124239,0.9893622552160717,-0.02147270145479163
0.35400000000000015,0.234,0.4119999999999999,0.620767322166231,-0.19463372785807112,0.19805231889140074,0.9845603365771919,-0.021845287212861636
0.35500000000000015,0.234,0.4109999999999998,0.6224223693169889,-0.19694214865678497,0.19002077180978064,0.9797982260872399,-0.021974893356284386
0.35600000000000015,0.234,0.4099999999999999,0.6240577214085842,-0.1992591482297979,0.1820217000073117,0.9750761765283693,-0.02186399977650627
0.35700000000000015,0.234,0.4089999999999998,0.6256734513403527,-0.2015845783811136,0.17405556873700476,0.9703944339106885,-0.021515117930678423
0.35800000000000015,0.234,0.4079999999999999,0.6272696336530761,-0.203918290282441,0.16612283741256703,0.9657532374844117,-0.02093078986550584
0.35900000000000015,0.234,0.4069999999999998,0.6288463445294942,-0.20626013450375213,0.15822395956322385,0.9611528197495505,-0.02011358725172928
0.36000000000000015,0.234,0.4059999999999999,0.6304036617786605,-0.20860996104339102,0.15035938278212438,0.9565934064727188,-0.01906611039517417
0.36100000000000015,0.234,0.4049999999999998,0.631941664835078,-0.2109676193588054,0.1425295486858502,0.9520752166967584,-0.017790987270579803
0.36200000000000015,0.234,0.4039999999999999,0.633460434747528,-0.21333295839689626,0.13473489287249424,0.9475984627564062,-0.016290872541805584
0.36300000000000016,0.234,0.4029999999999998,0.634960054171316,-0.21570582662403676,0.12697584487772595,0.9431633502989385,-0.014568446578610367
0.36400000000000016,0.234,0.4019999999999999,0.6364406073583435,-0.21808607205616667,0.1192528281411699,0.9387700783043235,-0.012626414481111223
0.36500000000000016,0.234,0.4009999999999998,0.6379021801460454,-0.22047354228929816,0.11156625996756171,0.934418839100705,-0.010467505102434271
0.36600000000000016,0.234,0.3999999999999999,0.6393448599481384,-0.22286808452935708,0.10391655149221518,0.9301098183886954,-0.00809447007092634
0.36700000000000016,0.234,0.3989999999999998,0.6407687357413715,-0.22526954562174006,0.09630410765307953,0.9258431952692676,-0.005510082814943376
0.36800000000000016,0.234,0.3979999999999999,0.6421738980541754,-0.2276777720815743,0.08872932715751973,0.9216191422630085,-0.002717137591150512
0.34200000000000014,0.23500000000000001,0.42299999999999993,0.5971647068103367,-0.16679731408222606,0.29156506555796985,1.0358574612398441,-0.002077746472162051
0.34300000000000014,0.23500000000000001,0.4219999999999998,0.5990508736056747,-0.16897659334632004,0.2832186224569973,1.0306714359329365,-0.005132962156382176
0.34400000000000014,0.23500000000000001,0.42099999999999993,0.600916736929125,-0.17116604835361462,0.274898964564711,1.0255220958954407,-0.007923766981253771
0.34500000000000014,0.23500000000000001,0.4199999999999998,0.6027623508169004,-0.1733655419155535,0.2666066158597614,1.020409762269124,-0.010452241454454503
0.34600000000000014,0.23500000000000001,0.41899999999999993,0.6045877709182131,-0.17557493587066988,0.2583420952253589,1.0153347494743314,-0.012720506814567212
0.34700000000000014,0.23500000000000001,0.4179999999999998,0.6063930545019305,-0.1777940911139787,0.2501059163853695,1.0102973652051666,-0.014730724139205814
0.34800000000000014,0.23500000000000001,0.4169999999999999,0.6081782604608569,-0.18002286762691536,0.24189858782328952,1.0052979104195774,-0.016485093436062526
0.34900000000000014,0.23500000000000001,0.4159999999999998,0.6099434493152243,-0.18226112450707108,0.23372061271690583,1.0003366793356192,-0.017985852731302654
0.35000000000000014,0.23500000000000001,0.4149999999999999,0.6116886832143659,-0.18450871999818821,0.22557248887256218,0.995413959426694,-0.019235277150500496
0.35100000000000015,0.23500000000000001,0.4139999999999998,0.6134140259385437,-0.18676551152005907,0.21745470865784927,0.9905300314208897,-0.020235677988753697
0.35200000000000015,0.23500000000000001,0.4129999999999999,0.6151195428991733,-0.18903135569850527,0.2093677589420343,0.9856851693015798,-0.020989401778474442
0.35300000000000015,0.23500000000000001,0.4119999999999998,0.6168053011374554,-0.19130610839550236,0.20131212103507026,0.9808796403082444,-0.02149882934960784
0.35400000000000015,0.23500000000000001,0.4109999999999999,0.6184713693235793,-0.1935896247392976,0.19328827062562715,0.97611370493954,-0.021766374882852352
0.35500000000000015,0.23500000000000001,0.4099999999999998,0.6201178177534974,-0.1958817591543766,0.18529667773402814,0.971387616960416,-0.021794484965143246
0.35600000000000015,0.23500000000000001,0.4089999999999999,0.6217447183460236,-0.19818236539170944,0.17733780665021184,0.9667016234070805,-0.021585637631963375
0.35700000000000015,0.23500000000000001,0.4079999999999998,0.6233521446383801,-0.20049129655871273,0.16941211588673696,0.9620559645975204,-0.021142341412633395
0.35800000000000015,0.23500000000000001,0.4069999999999999,0.624940171779214,-0.20280840514941728,0.16152005813077122,0.9574508741406025,-0.020467134371707663
0.35900000000000015,0.23500000000000001,0.4059999999999998,0.6265088765284623,-0.20513354307443868,0.15366208019175082,0.9528865789491519,-0.019562583146281287
0.36000000000000015,0.23500000000000001,0.4049999999999999,0.628058337242642,-0.2074665616910213,0.14583862296295458,0.9483632992531169,-0.018431281982977887
0.36100000000000015,0.23500000000000001,0.4039999999999998,0.6295886338733421,-0.20980731183303672,0.13805012137365197,0.9438812486143549,-0.01707585177377878
0.36200000000000015,0.23500000000000001,0.4029999999999999,0.6310998479562997,-0.2121556438408445,0.13029700435116487,0.939440633944041,-0.015498939091080743
0.36300000000000016,0.23500000000000001,0.4019999999999998,0.6325920626039131,-0.21451140759110116,0.12257969478103484,0.9350416555213935,-0.013703215222319737
0.36400000000000016,0.23500000000000001,0.4009999999999999,0.6340653624950677,-0.2168744525264887,0.11489860947076047,0.930684507013959,-0.01169137520498513
0.36500000000000016,0.23500000000000001,0.3999999999999998,0.6355198338645908,-0.2192446276854985,0.1072541591178467,0.9263693754976186,-0.00946613686591169
0.36600000000000016,0.23500000000000001,0.3989999999999999,0.636955564493742,-0.22162178173184988,0.09964674827226956,0.9220964414814585,-0.007030239854217982
0.36700000000000016,0.23500000000000001,0.3979999999999998,0.6383726436971447,-0.224005762984027,0.09207677531086404,0.9178658789312946,-0.004386444684823881
0.36800000000000016,0.23500000000000001,0.3969999999999999,0.6397711623116479,-0.22639641944459316,0.08454463240674143,0.9136778552959431,-0.0015375317789893123
0.34100000000000014,0.23600000000000002,0.4229999999999998,0.5931017244530465,-0.1637912915819511,0.2947147980619793,1.0322513573514132,-0.00023446961677178746
0.34200000000000014,0.23600000000000002,0.42199999999999993,0.5949979280040235,-0.1659456075924062,0.2863783453403843,1.0270639925931289,-0.0034118299057550594
0.34300000000000014,0.23600000000000002,0.4209999999999998,0.5968739108273615,-0.16811011524287717,0.2780684769234537,1.021913091988013,-0.006326189282335387
0.34400000000000014,0.23600000000000002,0.41999999999999993,0.5987297263561747,-0.17028467936401506,0.26978571512112076,1.0167989771987278,-0.008979597485512664
0.34500000000000014,0.23600000000000002,0.4189999999999998,0.6005654296028804,-0.17246916380713545,0.26153057721550643,1.0117219632156482,-0.011374144716956358
0.34600000000000014,0.23600000000000002,0.4179999999999999,0.6023810771637378,-0.17466343147351548,0.2533035753883287,1.0066823583462314,-0.013511960761537462
0.34700000000000014,0.23600000000000002,0.4169999999999998,0.6041767272247246,-0.17686734434371307,0.24510521664852777,1.0016804642074553,-0.015395214098426285
0.34800000000000014,0.23600000000000002,0.4159999999999999,0.6059524395663081,-0.1790807635066955,0.2369360027617807,0.9967165757241435,-0.017026111000037453
0.34900000000000014,0.23600000000000002,0.4149999999999998,0.6077082755667107,-0.18130354918972702,0.22879643018467805,0.9917909811188892,-0.01840689463340542
0.35000000000000014,0.23600000000000002,0.4139999999999999,0.6094442982035257,-0.1835355607875713,0.2206869900007653,0.9869039619149612,-0.019539844144096458
0.35100000000000015,0.23600000000000002,0.4129999999999998,0.611160572055361,-0.18577665689227893,0.21260816785311284,0.982055792933069,-0.020427273737051388
0.35200000000000015,0.23600000000000002,0.4119999999999999,0.6128571633021875,-0.188026695322813,0.20456044388890868,0.9772467422929371,-0.02107153175574117
0.35300000000000015,0.23600000000000002,0.4109999999999998,0.6145341397238254,-0.19028553315459737,0.19654429269848736,0.9724770714181379,-0.021474999748580387
0.35400000000000015,0.23600000000000002,0.4099999999999999,0.6161915706994809,-0.19255302674942626,0.18856018326004442,0.9677470350377904,-0.021640091538467868
0.35500000000000015,0.23600000000000002,0.4089999999999998,0.6178295272037586,-0.19482903178493363,0.18060857888366502,0.9630568811963394,-0.021569252279110412
0.35600000000000015,0.23600000000000002,0.4079999999999999,0.6194480818045683,-0.1971134032844027,0.17268993716226616,0.9584068512601677,-0.02126495751724157
0.35700000000000015,0.23600000000000002,0.4069999999999998,0.6210473086581724,-0.19940599564653405,0.1648047099190954,0.9537971799263754,-0.020729712245616122
0.35800000000000015,0.23600000000000002,0.4059999999999999,0.6226272835024919,-0.20170666267506135,0.15695334316494142,0.9492280952349967,-0.019966049957644838
0.35900000000000015,0.23600000000000002,0.4049999999999998,0.6241880836569155,-0.20401525760821565,0.14913627704640978,0.9446998185843785,-0.018976531695201748
0.36000000000000015,0.23600000000000002,0.4039999999999999,0.6257297880075595,-0.20633163314858577,0.14135394580775107,0.9402125647422797,-0.017763745099260028
0.36100000000000015,0.23600000000000002,0.4029999999999998,0.6272524770059613,-0.20865564149260668,0.13360677774680255,0.9357665418629072,-0.016330303459521037
0.36200000000000015,0.23600000000000002,0.4019999999999999,0.6287562326580646,-0.21098713435980243,0.12589519517642855,0.9313619515078259,-0.014678844759189957
0.36300000000000016,0.23600000000000002,0.4009999999999998,0.6302411385171001,-0.21332596302248522,0.11821961439009283,0.9269989886614947,-0.012812030729330667
0.36400000000000016,0.23600000000000002,0.3999999999999999,0.6317072796730747,-0.21567197833500368,0.11058044562159787,0.9226778417531966,-0.010732545892283188
0.36500000000000016,0.23600000000000002,0.3989999999999998,0.6331547427425647,-0.21802503076279267,0.10297809301782508,0.9183986926817517,-0.008443096615510737
0.36600000000000016,0.23600000000000002,0.3979999999999999,0.634583615859363,-0.2203849704117852,0.09541295460335146,0.9141617168358165,-0.005946410163042426
0.36700000000000016,0.23600000000000002,0.3969999999999998,0.6359939886614906,-0.2227516470572102,0.0878854222557809,0.909967083122047,-0.0032452337508814266
0.36800000000000016,0.23600000000000002,0.3959999999999999,0.6373859522800062,-0.22512491017259248,0.08039588167445624,0.9058149539905964,-0.0003423336014892753
0.34100000000000014,0.23700000000000002,0.4219999999999998,0.5909597890177214,-0.16295980427412832,0.28952677865102705,1.023502808660747,-0.001631444882454175
0.34200000000000014,0.23700000000000002,0.42099999999999993,0.5928457933677135,-0.16509960279319089,0.2812266799145005,1.0183504285586715,-0.004667458025937182
0.34300000000000014,0.23700000000000002,0.4199999999999998,0.594711711160222,-0.16724947434871015,0.27295348740294584,1.0132346145013884,-0.007443888538040594
0.34400000000000014,0.23700000000000002,0.41899999999999993,0.5965575968107788,-0.16940928478137496,0.264707716777917,1.0081556820316786,-0.009962796144319636
0.34500000000000014,0.23700000000000002,0.4179999999999998,0.5983835062850409,-0.1715788989754288,0.25648987866078016,1.003113940055722,-0.012226279895628217
0.34600000000000014,0.23700000000000002,0.4169999999999999,0.6001894971035924,-0.17375818088758224,0.24830047856750864,0.9981096908345907,-0.014236477298710387
0.34700000000000014,0.23700000000000002,0.4159999999999998,0.6019756283474362,-0.17594699357587085,0.24014001683357034,0.9931432299797959,-0.01599556342969044
0.34800000000000014,0.23700000000000002,0.4149999999999999,0.6037419606629243,-0.17814519922870528,0.2320089885488724,0.988214846448851,-0.017505750046998808
0.34900000000000014,0.23700000000000002,0.4139999999999998,0.6054885562647366,-0.18035265919409724,0.22390788349040697,0.9833248225410661,-0.01876928469443065
0.35000000000000014,0.23700000000000002,0.4129999999999999,0.6072154789373925,-0.18256923400888034,0.21583718605937505,0.97847343389611,-0.01978844979784003
0.35100000000000015,0.23700000000000002,0.4119999999999998,0.6089227940373163,-0.1847947834276827,0.20779737522238328,0.9736609494986055,-0.020565561754941397
0.35200000000000015,0.23700000000000002,0.4109999999999999,0.610610568492601,-0.1870291664524904,0.1997889244496598,0.9688876316763412,-0.021102970021472017
0.35300000000000015,0.23700000000000002,0.4099999999999998,0.6122788708016815,-0.18927224136177032,0.19181230165890537,0.9641537361070242,-0.021403056189311112
0.35400000000000015,0.23700000000000002,0.4089999999999999,0.6139277710329762,-0.1915238657399066,0.18386796916340184,0.9594595118224095,-0.02146823306670652
0.35500000000000015,0.23700000000000002,0.4079999999999998,0.6155573408206845,-0.1937838965063197,0.17595638361464588,0.954805201218672,-0.021300943743414888
0.35600000000000015,0.23700000000000002,0.4069999999999999,0.6171676533629538,-0.19605218994501258,0.16807799595851872,0.9501910400623296,-0.020903660668224286
0.35700000000000015,0.23700000000000002,0.4059999999999998,0.618758783416829,-0.19832860173370426,0.16023325138271605,0.9456172575033914,-0.02027888470972082
0.35800000000000015,0.23700000000000002,0.4049999999999999,0.6203308072911526,-0.20061298697320962,0.15242258926966779,0.9410840760863165,-0.019429144219532346
0.35900000000000015,0.23700000000000002,0.4039999999999998,0.6218838028473198,-0.2029052002165613,0.1446464431589359,0.9365917117656071,-0.018356994103388397
0.36000000000000015,0.23700000000000002,0.4029999999999999,0.6234178494838,-0.20520509549825167,0.13690524069963017,0.932140373920706,-0.01706501487321889
0.36100000000000015,0.23700000000000002,0.4019999999999998,0.6249330281352986,-0.20751252636338252,0.12919940361365423,0.9277302653729487,-0.015555811715293147
0.36200000000000015,0.23700000000000002,0.4009999999999999,0.6264294212617089,-0.20982734589671104,0.1215293476571641,0.9233615824045623,-0.013832013548880182
0.36300000000000016,0.23700000000000002,0.3999999999999998,0.6279071128408195,-0.21214940675165783,0.11389548258448952,0.9190345147786781,-0.011896272088885385
0.36400000000000016,0.23700000000000002,0.3989999999999999,0.6293661883585163,-0.21447856117919073,0.10629821211739184,0.9147492457613429,-0.009751260910849477
0.36500000000000016,0.23700000000000002,0.3979999999999998,0.6308067347979621,-0.21681466105659275,0.09873793391009451,0.9105059521452549,-0.007399674511893481
0.36600000000000016,0.23700000000000002,0.3969999999999999,0.6322288406308672,-0.2191575579162044,0.09121503952202582,0.9063048042739407,-0.0048442273806296315
0.36700000000000016,0.23700000000000002,0.3959999999999998,0.6336325958042557,-0.221507102974057,0.08372991438992589,0.9021459660673519,-0.002087653065066586
0.34100000000000014,0.23800000000000002,0.4209999999999998,0.5888322455727018,-0.16213383922044158,0.28437367397741703,1.0148334316781267,-0.0029493715774943363
0.34200000000000014,0.23800000000000002,0.41999999999999993,0.5907081689896974,-0.1642592525675545,0.276110031788612,1.0097159994019824,-0.005846947845194211
0.34300000000000014,0.23800000000000002,0.4189999999999998,0.5925641390239976,-0.1663946220058618,0.26787361164040063,1.004635230306169,-0.008488329146518342
0.34400000000000014,0.23800000000000002,0.4179999999999999,0.5944002110506119,-0.16853981437968527,0.25966492257958107,0.9995914338781797,-0.010875584353412071
0.34500000000000014,0.23800000000000002,0.4169999999999998,0.5962164419661995,-0.17069469559918543,0.2514844686075073,0.9945849130077028,-0.013010820547580404
0.34600000000000014,0.23800000000000002,0.4159999999999999,0.5980128901935002,-0.1728591306690166,0.24333274861228654,0.9896159639782062,-0.014896182156058979
0.34700000000000014,0.23800000000000002,0.4149999999999998,0.5997896156867984,-0.17503298371694467,0.2352102562963256,0.9846848764622622,-0.016533850074080314
0.34800000000000014,0.23800000000000002,0.4139999999999999,0.6015466799367493,-0.17721611802248696,0.22711748011268332,0.9797919335193984,-0.01792604078467394
0.34900000000000014,0.23800000000000002,0.4129999999999998,0.603284145973544,-0.1794083960458028,0.21905490320308302,0.9749374115928988,-0.019075005473004142
0.35000000000000014,0.23800000000000002,0.4119999999999999,0.6050020783680921,-0.18160967945640208,0.2110230033326128,0.9701215805118579,-0.019983029126940888
0.35100000000000015,0.23800000000000002,0.4109999999999998,0.606700543234103,-0.18381982916215198,0.20302225283350314,0.9653447034911583,-0.020652429641390774
0.35200000000000015,0.23800000000000002,0.4099999999999999,0.6083796082277954,-0.186038705337918,0.19505311854470894,0.9606070371389434,-0.021085556907366576
0.35300000000000015,0.23800000000000002,0.4089999999999998,0.6100393425467903,-0.18826616745478197,0.18711606176085516,0.9559088314576869,-0.021284791908309064
0.35400000000000015,0.23800000000000002,0.4079999999999999,0.6116798169294216,-0.19050207430891003,0.17921153817738983,0.9512503298522226,-0.02125254580487862
0.35500000000000015,0.23800000000000002,0.4069999999999998,0.6133011036508177,-0.19274628405030808,0.17133999783879403,0.9466317691409295,-0.02099125901438066
0.35600000000000015,0.23800000000000002,0.4059999999999999,0.6149032765207209,-0.1949986542119242,0.16350188509144623,0.9420533795634914,-0.020503400294883345
0.35700000000000015,0.23800000000000002,0.4049999999999998,0.6164864108788295,-0.19725904173850026,0.15569763853776533,0.9375153847935485,-0.01979146582289061
0.35800000000000015,0.23800000000000002,0.4039999999999999,0.6180505835877173,-0.19952730301548385,0.1479276909903648,0.9330180019516644,-0.018857978267611805
0.35900000000000015,0.23800000000000002,0.4029999999999998,0.6195958730332746,-0.20180329389771295,0.14019246943146088,0.9285614416224015,-0.017705485870090465
0.36000000000000015,0.23800000000000002,0.4019999999999999,0.621122359109609,-0.204086869738462,0.13249239497090373,0.9241459078673694,-0.01633656151330795
0.36100000000000015,0.23800000000000002,0.4009999999999998,0.6226301232180615,-0.20637788541794208,0.12482788280843199,0.919771598246387,-0.014753801798802563
0.36200000000000015,0.23800000000000002,0.3999999999999999,0.6241192482564928,-0.20867619537195195,0.11719934219999303,0.9154387038371149,-0.012959826121769935
0.36300000000000016,0.23800000000000002,0.3989999999999998,0.6255898186119586,-0.21098165362068677,0.10960717642163609,0.9111474092531279,-0.010957275747734932
0.36400000000000016,0.23800000000000002,0.3979999999999999,0.6270419201506792,-0.21329411379693425,0.1020517827360835,0.906897892670307,-0.00874881288545415
0.36500000000000016,0.23800000000000002,0.3969999999999998,0.6284756402079291,-0.21561342917472026,0.09453355236703206,0.9026903258475625,-0.0063371197712521615
0.36600000000000016,0.23800000000000002,0.3959999999999999,0.6298910675788172,-0.21793945269735396,0.08705287046567772,0.898524874155332,-0.0037248977443054415
0.36700000000000016,0.23800000000000002,0.3949999999999998,0.631288292505697,-0.22027203700581677,0.07961011609084838,0.8944016965996299,-0.000914866336505657
0.34000000000000014,0.23900000000000002,0.42099999999999993,0.5848331282417816,-0.15921216424909815,0.28750956007306416,1.0113614387583032,-0.0011736775340762673
0.34100000000000014,0.23900000000000002,0.4199999999999998,0.5867189633718557,-0.16131335125374208,0.27925544787599127,1.0062424684723117,-0.004190557279191015
0.34200000000000014,0.23900000000000002,0.41899999999999993,0.5885849224756353,-0.1634245102546061,0.2710283600476196,1.001159943771752,-0.006952559826074012
0.34300000000000014,0.23900000000000002,0.4179999999999998,0.590431060382347,-0.1655455100330007,0.26282880403515235,0.9961141747147678,-0.00946172440699955
0.34400000000000014,0.23900000000000002,0.4169999999999999,0.592257433404417,-0.16767621843049416,0.2546572823116522,0.9911054647972012,-0.011720128229319116
0.34500000000000014,0.23900000000000002,0.4159999999999998,0.5940640993473529,-0.16981650237613816,0.24651429229417607,0.9861341109596945,-0.013729885606802217
0.34600000000000014,0.23900000000000002,0.4149999999999999,0.5958511175141505,-0.17196622791506866,0.23840032627880187,0.9812004035760858,-0.015493147107105448
0.34700000000000014,0.23900000000000002,0.4139999999999998,0.5976185487112774,-0.1741252602368506,0.23031587137908502,0.9763046264490159,-0.01701209868984821
0.34800000000000014,0.23900000000000002,0.4129999999999999,0.5993664552527674,-0.17629346370406251,0.22226140945391656,0.9714470568047537,-0.018288960830223272
0.34900000000000014,0.23900000000000002,0.4119999999999998,0.6010949009634353,-0.1784707018801426,0.2142374170490015,0.9666279653017434,-0.019325987634342817
0.35000000000000014,0.23900000000000002,0.4109999999999999,0.6028039511805028,-0.18065683755822015,0.2062443653404773,0.9618476160265885,-0.020125465960342925
0.35100000000000015,0.23900000000000002,0.4099999999999998,0.6044936727548785,-0.18285173278961123,0.19828272006903916,0.9571062664974581,-0.02068971452157546
0.35200000000000015,0.23900000000000002,0.4089999999999999,0.6061641340516356,-0.185055248912445,0.19035294149285034,0.952404167667661,-0.021021082998275598
0.35300000000000015,0.23900000000000002,0.4079999999999998,0.6078154049482609,-0.1872672465799946,0.18245548432889033,0.9477415639353736,-0.02112195113103081
0.35400000000000015,0.23900000000000002,0.4069999999999999,0.6094475568341423,-0.18948758578926722,0.17459079770250355,0.9431186931512511,-0.02099472781952838
0.35500000000000015,0.23900000000000002,0.4059999999999998,0.6110606626069746,-0.19171612590964723,0.1667593251016359,0.9385357866268822,-0.02064185021931822
0.35600000000000015,0.23900000000000002,0.4049999999999999,0.6126547966701993,-0.19395272571160246,0.1589615043256886,0.9339930691438459,-0.02006578283238837
0.35700000000000015,0.23900000000000002,0.4039999999999998,0.6142300349284301,-0.19619724339491731,0.1511977674421085,0.929490758970617,-0.019269016594825966
0.35800000000000015,0.23900000000000002,0.4029999999999999,0.6157864547807228,-0.19844953661713377,0.14346854074631865,0.9250290678775218,-0.01825406796603672
0.35900000000000015,0.23900000000000002,0.4019999999999998,0.617324135120566,-0.2007094625222654,0.13577424471610103,0.9206082011489545,-0.017023478018628815
0.36000000000000015,0.23900000000000002,0.4009999999999999,0.6188431563213709,-0.20297687776917037,0.12811529397804577,0.9162283576011396,-0.015579811524363926
0.36100000000000015,0.23900000000000002,0.3999999999999998,0.6203436002351752,-0.2052516385596704,0.12049209726643759,0.9118897296039012,-0.013925656039824055
0.36200000000000015,0.23900000000000002,0.3989999999999999,0.6218255501821506,-0.2075336006667001,0.11290505739289843,0.9075925031024149,-0.012063620995581975
0.36300000000000016,0.23900000000000002,0.3979999999999998,0.6232890909431413,-0.20982261946297298,0.10535457120892625,0.9033368576326043,-0.009996336786065
0.36400000000000016,0.23900000000000002,0.3969999999999999,0.6247343087502547,-0.21211854994858204,0.09784102958071926,0.8991229663508207,-0.007726453860713342
0.36500000000000016,0.23900000000000002,0.3959999999999998,0.6261612912762788,-0.21442124677916855,0.09036481735740988,0.8949509960561166,-0.005256641815358357
0.36600000000000016,0.23900000000000002,0.3949999999999999,0.6275701276259441,-0.21673056429387147,0.08292631334380784,0.8908211072154288,-0.0025895884884322012
0.34000000000000014,0.24,0.41999999999999993,0.5827439575841583,-0.158411118953136,0.2823898357871887,1.0028133694180343,-0.002476448713705004
0.34100000000000014,0.24,0.4189999999999998,0.5846198131394266,-0.16049829563971377,0.27417206076338385,0.9977291693057206,-0.005357253706074566
0.34200000000000014,0.24,0.4179999999999999,0.586475922928118,-0.16259532964584997,0.26598162044336227,0.9926815086079007,-0.007986499185448054
0.34300000000000014,0.24,0.4169999999999998,0.5883123427227896,-0.16470209072166989,0.2578190157437854,0.9876706914203345,-0.0103662330087885
0.34400000000000014,0.24,0.4159999999999999,0.5901291297509925,-0.1668184476988254,0.24968474259513065,0.9826970153225744,-0.012498539913059353
0.34500000000000014,0.24,0.4149999999999998,0.5919263427057114,-0.16894426851841807,0.24157929187200786,0.9777607713701554,-0.014385540675237257
0.34600000000000014,0.24,0.4139999999999999,0.593704041749192,-0.17107942025887,0.23350314932190966,0.9728622440907385,-0.016029391255577508
0.34700000000000014,0.24,0.4129999999999998,0.5954622885188742,-0.17322376916377147,0.22545679550591685,0.9680017114834555,-0.017432281941699074
0.34800000000000014,0.24,0.4119999999999999,0.5972011461316528,-0.1753771806701158,0.21744070573172358,0.9631794450149724,-0.01859643648307141
0.34900000000000014,0.24,0.4109999999999998,0.5989206791869383,-0.17753951943611723,0.20945534999523607,0.958395709624454,-0.019524111217858936
0.35000000000000014,0.24,0.4099999999999999,0.6006209537681301,-0.17971064936947748,0.2015011929241476,0.9536507637239682,-0.020217594199036515
0.35100000000000015,0.24,0.4089999999999998,0.6023020374441072,-0.18189043365560922,0.19357869371733322,0.9489448592017938,-0.02067920431079706
0.35200000000000015,0.24,0.4079999999999999,0.6039639992693827,-0.18407873478566125,0.18568830609494186,0.944278241430593,-0.020911290384039063
0.35300000000000015,0.24,0.4069999999999998,0.6056069097827111,-0.18627541458477354,0.17783047824666556,0.9396511492739716,-0.020916230307530134
0.35400000000000015,0.24,0.4059999999999999,0.6072308410062437,-0.18848033424031943,0.17000565277812318,0.9350638150948912,-0.020696430133649538
0.35500000000000015,0.24,0.4049999999999998,0.6088358664420651,-0.19069335432998433,0.1622142666683923,0.9305164647679081,-0.02025432318542489
0.35600000000000015,0.24,0.4039999999999999,0.6104220610697242,-0.19291433484999748,0.15445675122145533,0.9260093176904849,-0.019592369158496492
0.35700000000000015,0.24,0.4029999999999998,0.6119895013415839,-0.19514313524325083,0.14673353202281963,0.9215425867971067,-0.01871305322196172
0.35800000000000015,0.24,0.4019999999999999,0.6135382651762585,-0.19737961442737784,0.13904502890266196,0.9171164785749198,-0.01761888512108095
0.35900000000000015,0.24,0.4009999999999998,0.6150684319584665,-0.19962363082291432,0.1313916558893844,0.9127311930791363,-0.016312398275914533
0.36000000000000015,0.24,0.3999999999999999,0.6165800825247884,-0.20187504238101453,0.12377382118006522,0.9083869239551775,-0.014796148879962834
0.36100000000000015,0.24,0.3989999999999998,0.6180732991622877,-0.204133706611748,0.11619192709898686,0.9040838584535411,-0.013072715002217211
0.36200000000000015,0.24,0.3979999999999999,0.6195481655980896,-0.20639948061165425,0.10864637006856742,0.8998221774551174,-0.0111446956875422
0.36300000000000016,0.24,0.3969999999999998,0.6210047669922826,-0.20867222109169653,0.10113754057699001,0.8956020554914362,-0.009014710060720924
0.36400000000000016,0.24,0.3959999999999999,0.6224431899281645,-0.2109517844047837,0.09366582314861922,0.8914236607708179,-0.006685396429040966
0.36500000000000016,0.24,0.3949999999999998,0.623863522402071,-0.21323802657353408,0.08623159631761677,0.8872871552014144,-0.004159411391013584
0.36600000000000016,0.24,0.3939999999999999,0.6252658538147349,-0.215530803317443,0.07883523260187678,0.883192694421867,-0.0014394289440229635
0.33900000000000013,0.241,0.4199999999999998,0.578783014641831,-0.15555191530506435,0.28551329616796606,0.9994280608576083,-0.0007063053500834804
0.34000000000000014,0.241,0.41899999999999993,0.5806686767136172,-0.15761533539261546,0.277304813079928,0.9943422646975544,-0.0037041270828133688
0.34100000000000014,0.241,0.4179999999999998,0.5825346670511041,-0.15968862807208012,0.26912346973903567,0.989292792530055,-0.0064516580153483605
0.34200000000000014,0.241,0.4169999999999999,0.5843810409271145,-0.16177166498055146,0.2609697654920876,0.984279949027866,-0.008950917192783042
0.34300000000000014,0.241,0.4159999999999998,0.5862078550357254,-0.16386431683038985,0.2528441947615281,0.9793040323961395,-0.01120396030114118
0.34400000000000014,0.241,0.4149999999999999,0.5880151674983983,-0.16596645343713795,0.24474724697720532,0.9743653343575397,-0.01321287884515382
0.34500000000000014,0.241,0.4139999999999998,0.5898030378740343,-0.16807794374675425,0.23667940650392588,0.9694641401516232,-0.014979799306894331
0.34600000000000014,0.241,0.4129999999999999,0.5915715271635452,-0.17019865586356758,0.22864115258470302,0.964600728525804,-0.016506882311088628
0.34700000000000014,0.241,0.4119999999999998,0.593320697814767,-0.1723284570773217,0.22063295926828363,0.9597753717433031,-0.017796321760357864
0.34800000000000014,0.241,0.4109999999999999,0.5950506137274091,-0.17446721389119116,0.21265529535541391,0.9549883355784563,-0.01885034398814789
0.34900000000000014,0.241,0.4099999999999998,0.5967613402556571,-0.1766147920494041,0.20470862433571851,0.9502398793205786,-0.019671206891618775
0.35000000000000014,0.241,0.4089999999999999,0.598452944209536,-0.17877105656541412,0.196793404331915,0.945530255771819,-0.02026119906878264
0.35100000000000015,0.241,0.4079999999999998,0.600125493856918,-0.18093587174905987,0.18891008804887366,0.9408597112622046,-0.02062263894246537
0.35200000000000015,0.241,0.4069999999999999,0.6017790589230521,-0.1831091012346574,0.18105912271626148,0.9362284856524609,-0.020757873884010528
0.35300000000000015,0.241,0.4059999999999998,0.6034137105893825,-0.18529060800901595,0.17324095004167123,0.9316368123398912,-0.020669279338398544
0.35400000000000015,0.241,0.4049999999999999,0.6050295214930304,-0.1874802544391646,0.16545600616315603,0.9270849182700515,-0.02035925794262143
0.35500000000000015,0.241,0.4039999999999998,0.6066265657227673,-0.18967790230006076,0.15770472160001486,0.9225730239499698,-0.019830238637310205
0.35600000000000015,0.241,0.4029999999999999,0.6082049188170443,-0.19188341280228757,0.14998752121256057,0.9181013434626821,-0.019084675783937008
0.35700000000000015,0.241,0.4019999999999998,0.6097646577592115,-0.19409664661998427,0.14230482415788875,0.9136700844795483,-0.01812504827750093
0.35800000000000015,0.241,0.4009999999999999,0.6113058609707009,-0.19631746391878177,0.13465704385034066,0.9092794482735869,-0.016953858659845694
0.35900000000000015,0.241,0.3999999999999998,0.6128286083116078,-0.1985457243830586,0.12704458792611376,0.9049296297429681,-0.01557363223370574
0.36000000000000015,0.241,0.3989999999999999,0.6143329810658913,-0.20078128724344435,0.11946785820628188,0.9006208174315147,-0.013986916168588298
0.36100000000000015,0.241,0.3979999999999998,0.6158190619403306,-0.2030240113050359,0.11192725066064008,0.8963531935402098,-0.012196278621371182
0.36200000000000015,0.241,0.3969999999999999,0.6172869350542685,-0.20527375497421377,0.10442315538104008,0.8921269339580078,-0.010204307847880054
0.36300000000000016,0.241,0.3959999999999998,0.6187366859323001,-0.2075303762862877,0.09695595654644767,0.8879422082816278,-0.008013611317750594
0.36400000000000016,0.241,0.3949999999999999,0.6201684014949311,-0.20979373293265804,0.08952603239888882,0.883799179841948,-0.005626814834597954
0.36500000000000016,0.241,0.3939999999999998,0.6215821700484311,-0.2120636822880802,0.08213375521725544,0.879698005729018,-0.0030465616569882725
0.36600000000000016,0.241,0.3929999999999999,0.6229780812761629,-0.21434008143770297,0.07477949129077165,0.8756388368199027,-0.00027551162060254764
0.33900000000000013,0.242,0.4189999999999998,0.576731378609142,-0.1547749976481352,0.28042671682282533,0.9909985984625591,-0.001994848301828861
0.34000000000000014,0.242,0.4179999999999999,0.5786071608145156,-0.15682477109428583,0.27225445039417023,0.9859473941721287,-0.004858901738030635
0.34100000000000014,0.242,0.4169999999999998,0.5804633987149542,-0.1588843046674013,0.26410962867727256,0.9809326044984349,-0.007475914052564231
0.34200000000000014,0.242,0.4159999999999999,0.5823001485104602,-0.16095347093949228,0.25599274456580917,0.9759545282485989,-0.009847912405756692
0.34300000000000014,0.242,0.4149999999999998,0.5841174677951873,-0.16303214157921153,0.24790428602400924,0.971013457798049,-0.01197695954834399
0.34400000000000014,0.242,0.4139999999999999,0.5859154155633592,-0.16512018737928358,0.2398447360180253,0.9661096790796513,-0.013865153002228875
0.34500000000000014,0.242,0.4129999999999998,0.5876940522193635,-0.16721747828368305,0.23181457244725792,0.9612434715801299,-0.015514624231396823
0.34600000000000014,0.242,0.4119999999999999,0.5894534395820126,-0.16932388341493557,0.2238142680854706,0.9564151083374312,-0.01692753780785189
0.34700000000000014,0.242,0.4109999999999998,0.5911936408897399,-0.17143927110123094,0.21584429051533738,0.9516248559436692,-0.018106090563995286
0.34800000000000014,0.242,0.4099999999999999,0.5929147208050377,-0.17356350890370592,0.20790510206930055,0.946872974547758,-0.019052510743927775
0.34900000000000014,0.242,0.4089999999999998,0.5946167454175795,-0.17569646364417868,0.19999715977666824,0.9421597178535246,-0.019769057156949446
0.35000000000000014,0.242,0.4079999999999999,0.5962997822452112,-0.17783800143237208,0.1921209153041207,0.9374853331277899,-0.020258018313122697
0.35100000000000015,0.242,0.4069999999999998,0.5979639002357695,-0.17998798769334923,0.1842768149040006,0.9328500612071023,-0.02052171156232599
0.35200000000000015,0.242,0.4059999999999999,0.5996091697670517,-0.18214628719484133,0.17646529936519698,0.9282541365077743,-0.020562482228376602
0.35300000000000015,0.242,0.4049999999999998,0.6012356626453019,-0.18431276407511824,0.16868680396289884,0.9236977870296131,-0.020382702743154985
0.35400000000000015,0.242,0.4039999999999999,0.6028434521048351,-0.18648728187016872,0.1609417584147234,0.9191812343712822,-0.01998477177541444
0.35500000000000015,0.242,0.4029999999999998,0.604432612804004,-0.1886697035412129,0.15323058683253282,0.9147046937420333,-0.019371113354945138
0.35600000000000015,0.242,0.4019999999999999,0.6060032208231523,-0.19085989150191027,0.14555370768236991,0.9102683739788918,-0.018544175998945908
0.35700000000000015,0.242,0.4009999999999998,0.6075553536601299,-0.1930577076460729,0.13791153374526202,0.9058724775576901,-0.017506431840745004
0.35800000000000015,0.242,0.3999999999999999,0.6090890902233357,-0.19526301337502866,0.1303044720764628,0.9015172006100174,-0.016260375751244338
0.35900000000000015,0.242,0.3989999999999998,0.6106045108323509,-0.197475669624442,0.12273292397169322,0.8972027329482827,-0.014808524465090428
0.36000000000000015,0.242,0.3979999999999999,0.6121016972031063,-0.1996955368920149,0.11519728492994731,0.8929292580791443,-0.013153415702768165
0.36100000000000015,0.242,0.3969999999999998,0.6135807324472886,-0.20192247526446105,0.10769794462408293,0.8886969532274717,-0.011297607301188298
0.36200000000000015,0.242,0.3959999999999999,0.6150417010617193,-0.2041563444445172,0.10023528686939383,0.8845059893599881,-0.009243676338319282
0.36300000000000016,0.242,0.3949999999999998,0.616484688921595,-0.20639700377795703,0.09280968959618448,0.8803565312090451,-0.006994218264685895
0.36400000000000016,0.242,0.3939999999999999,0.6179097832707723,-0.20864431228058522,0.08542152482077765,0.8762487372967622,-0.0045518460335178396
0.36500000000000016,0.242,0.3929999999999998,0.6193170727119687,-0.21089812866478513,0.07807115862380579,0.8721827599649375,-0.001919189235892696
0.33800000000000013,0.243,0.41899999999999993,0.5728077839335406,-0.15197666123651288,0.2835378723595019,0.9876975496055234,-0.0002310390418538144
0.33900000000000013,0.243,0.4179999999999998,0.5746932719697964,-0.15400313521397868,0.27537466141909733,0.9826446917328476,-0.0032098839814261038
0.34000000000000014,0.243,0.4169999999999999,0.5765592864597573,-0.15603938398566652,0.267238702957141,0.9776280352142787,-0.005942909118725859
0.34100000000000014,0.243,0.4159999999999998,0.5784058831526424,-0.1580852819612313,0.2591304883175174,0.9726478794541419,-0.00843211359391366
0.34200000000000014,0.243,0.4149999999999999,0.5802331191546249,-0.16014070264152083,0.25105050398145345,0.9677045174625987,-0.010679531917655083
0.34300000000000014,0.243,0.4139999999999998,0.5820410529388014,-0.1622055186454035,0.24299923148977026,0.9627982358477662,-0.012687233160159683
0.34400000000000014,0.243,0.4129999999999999,0.5838297443515924,-0.1642796017361405,0.23497714738512634,0.9579293148182709,-0.01445732013473841
0.34500000000000014,0.243,0.4119999999999998,0.585599254622551,-0.16636282284879284,0.2269847231417055,0.9530980281721191,-0.015991928581186643
0.34600000000000014,0.243,0.4109999999999999,0.5873496463683086,-0.16845505211655443,0.21902242510402958,0.9483046433054827,-0.017293226328458366
0.34700000000000014,0.243,0.4099999999999998,0.5890809835982063,-0.17055615889820325,0.21109071443089078,0.9435494212062976,-0.018363412469319662
0.34800000000000014,0.243,0.4089999999999999,0.5907933317183928,-0.17266601180482832,0.20319004703317906,0.9388326164616738,-0.019204716514003392
0.34900000000000014,0.243,0.4079999999999998,0.5924867575347936,-0.1747844787269337,0.1953208735208868,0.9341544772615419,-0.019819397548074394
0.35000000000000014,0.243,0.4069999999999999,0.5941613292544173,-0.17691142686172082,0.18748363915033844,0.9295152454016888,-0.020209743385946236
0.35100000000000015,0.243,0.4059999999999998,0.5958171164868871,-0.17904672273997174,0.17967878376995838,0.9249151562947081,-0.020378069714310137
0.35200000000000015,0.243,0.4049999999999999,0.5974541902445721,-0.181190232253176,0.17190674177526352,0.9203544389788578,-0.020326719239923435
0.35300000000000015,0.243,0.4039999999999998,0.5990726229409704,-0.18334182068084526,0.16416794205846344,0.9158333161257532,-0.020058060830800653
0.35400000000000015,0.243,0.4029999999999999,0.6006724883901744,-0.1855013527173497,0.15646280796376283,0.9113520040564316,-0.019574488654311523
0.35500000000000015,0.243,0.4019999999999998,0.6022538618034027,-0.18766869249932253,0.14879175724844393,0.9069107127503623,-0.018878421321050318
0.35600000000000015,0.243,0.4009999999999999,0.6038168197864477,-0.18984370363223396,0.14115520203653245,0.9025096458674456,-0.01797230101403305
0.35700000000000015,0.243,0.3999999999999998,0.6053614403353922,-0.19202624921799066,0.13355354878343983,0.8981490007562901,-0.01685859263332261
0.35800000000000015,0.243,0.3989999999999999,0.6068878028299163,-0.1942161918814707,0.12598719823950044,0.8938289684783991,-0.015539782927856766
0.35900000000000015,0.243,0.3979999999999998,0.6083959880336113,-0.19641339379755252,0.11845654541262703,0.8895497338259362,-0.014018379635056658
0.36000000000000015,0.243,0.3969999999999999,0.6098860780796039,-0.19861771671810077,0.11096197953753742,0.8853114753406592,-0.012296910616655068
0.36100000000000015,0.243,0.3959999999999998,0.6113581564697795,-0.20082902199837513,0.10350388404439692,0.8811143653411044,-0.010377922998047975
0.36200000000000015,0.243,0.3949999999999999,0.6128123080643539,-0.2030471706242017,0.09608263653009358,0.876958569939613,-0.008263982311523352
0.36300000000000016,0.243,0.3939999999999998,0.6142486190750297,-0.20527202323818583,0.0886986087298544,0.8728442490724718,-0.005957671635783715
0.36400000000000016,0.243,0.3929999999999999,0.6156671770557479,-0.20750344016631095,0.08135216649436601,0.868771556524765,-0.0034615907438575733
0.36500000000000016,0.243,0.3919999999999998,0.6170680708927547,-0.20974128144441606,0.07404366976605808,0.8647406399567624,-0.0007783552515550976
0.33800000000000013,0.244,0.4179999999999999,0.5707928679409007,-0.15122310744655076,0.27848420237244753,0.9793840737286387,-0.0015062123830648089
0.33900000000000013,0.244,0.4169999999999998,0.5726685741997203,-0.1532362876753844,0.2703570865342423,0.9743656288922621,-0.0043535414002968675
0.34000000000000014,0.244,0.4159999999999999,0.5745249315928085,-0.15525913239011202,0.2622575228708768,0.9693834729268122,-0.006958234190432094
0.34100000000000014,0.244,0.4149999999999998,0.5763619967811011,-0.15729151690285303,0.25418599635526967,0.9644378994625631,-0.009322297526702217
0.34200000000000014,0.244,0.4139999999999999,0.5781798277558113,-0.15933331563785416,0.24614298708870777,0.9595291957701916,-0.01144777253043014
0.34300000000000014,0.244,0.4129999999999998,0.5799784838486108,-0.16138440215761332,0.23812897022981472,0.9546576427606603,-0.013336733864746153
0.34400000000000014,0.244,0.4119999999999999,0.5817580257377402,-0.163444649189466,0.23014441593497037,0.9498235149804828,-0.014991288930123636
0.34500000000000014,0.244,0.4109999999999998,0.5835185154579517,-0.1655139286523479,0.22218978929309913,0.9450270806071337,-0.016413577053132566
0.34600000000000014,0.244,0.4099999999999999,0.5852600164042623,-0.16759211168299742,0.21426555026386226,0.9402686014560367,-0.01760576865809743
0.34700000000000014,0.244,0.4089999999999998,0.5869825933375079,-0.16967906866278462,0.20637215362285904,0.9355483329799341,-0.018570064446167683
0.34800000000000014,0.244,0.4079999999999999,0.5886863123885749,-0.17177466924446771,0.19851004890379567,0.9308665242717999,-0.019308694564161677
0.34900000000000014,0.244,0.4069999999999998,0.5903712410610533,-0.17387878237887516,0.19067968034262725,0.9262234180710136,-0.019823917767146967
0.35000000000000014,0.244,0.4059999999999999,0.5920374482328316,-0.17599127634162476,0.18288148683112865,0.9216192507708628,-0.02011802058243964
0.35100000000000015,0.244,0.4049999999999998,0.5936850041574286,-0.1781120187598055,0.17511590186131992,0.9170542524283168,-0.020193316462575356
0.35200000000000015,0.244,0.4039999999999999,0.5953139804640522,-0.18024087663900606,0.16738335348097913,0.9125286467702323,-0.02005214494501202
0.35300000000000015,0.244,0.4029999999999998,0.5969244501563005,-0.18237771638983674,0.15968426424933105,0.9080426512085932,-0.019696870802722144
0.35400000000000015,0.244,0.4019999999999999,0.5985164876113812,-0.18452240385465607,0.15201905118995165,0.9035964768538579,-0.019129883192905872
0.35500000000000015,0.244,0.4009999999999998,0.6000901685766574,-0.18667480433459915,0.1443881257531705,0.8991903285251504,-0.018353594811636356
0.35600000000000015,0.244,0.3999999999999999,0.6016455701672825,-0.1888347826159166,0.13679189377339512,0.8948244047714012,-0.01737044103744527
0.35700000000000015,0.244,0.3989999999999998,0.603182770861879,-0.19100220299687784,0.12923075543401152,0.8904988978851678,-0.01618287908372515
0.35800000000000015,0.244,0.3979999999999999,0.604701850495943,-0.19317692931416258,0.12170510523284596,0.8862139939244511,-0.014793387145239922
0.35900000000000015,0.244,0.3969999999999998,0.6062028902621192,-0.19535882496955376,0.11421533194506583,0.8819698727307955,-0.01320446354930313
0.36000000000000015,0.244,0.3959999999999999,0.6076859726960646,-0.1975477529564087,0.10676181859578003,0.8777667079509592,-0.011418625904719815
0.36100000000000015,0.244,0.3949999999999998,0.6091511816755426,-0.19974357588588992,0.0993449424273937,0.8736046670621457,-0.009438410253379631
0.36200000000000015,0.244,0.3939999999999999,0.6105986024102844,-0.20194615601346635,0.09196507487487665,0.869483911393696,-0.007266370226451352
0.36300000000000016,0.244,0.3929999999999998,0.6120283214351558,-0.20415535526496292,0.08462258153754014,0.8654045961549713,-0.004905076198047781
0.36400000000000016,0.244,0.3919999999999999,0.6134404266009904,-0.2063710352627764,0.0773178221571258,0.8613668704608849,-0.0023571144463037166
0.33800000000000013,0.245,0.4169999999999999,0.5687911316222665,-0.1504744108130671,0.2734648781648586,0.9711447833486421,-0.0027094046221475265
0.33900000000000013,0.245,0.4159999999999998,0.5706571661033382,-0.15247441507959483,0.2653739456268003,0.9661607056869955,-0.005427898724040675
0.34000000000000014,0.245,0.4149999999999999,0.5725039755100427,-0.15448397502271977,0.2573108592017627,0.9612130000244069,-0.007906911645090137
0.34100000000000014,0.245,0.4139999999999998,0.5743316173941752,-0.15650296685157475,0.24927609752626287,0.956301954280145,-0.010148457051389254
0.34200000000000014,0.245,0.4129999999999999,0.5761401506113764,-0.15853126590766048,0.24127013435660238,0.9514278500537875,-0.012154581948276483
0.34300000000000014,0.245,0.4119999999999998,0.5779296353318549,-0.16056874669103519,0.23329343850985046,0.9465909626202771,-0.013927365893013965
0.34400000000000014,0.245,0.4109999999999999,0.5797001330458503,-0.16261528288665042,0.22534647379637,0.9417915609256334,-0.015468920191603286
0.34500000000000014,0.245,0.4099999999999998,0.581451706573635,-0.16467074739012796,0.21742969895848835,0.9370299075943744,-0.016781387088073807
0.34600000000000014,0.245,0.4089999999999999,0.5831844200695312,-0.16673501233418137,0.20954356761525708,0.932306258928927,-0.01786693895494705
0.34700000000000014,0.245,0.4079999999999998,0.584898339026898,-0.1688079491151597,0.20168852820100913,0.9276208649096266,-0.018727777475232077
0.34800000000000014,0.245,0.4069999999999999,0.5865935302827933,-0.17088942841942215,0.1938650239164602,0.9229739691996676,-0.019366132824496937
0.34900000000000014,0.245,0.4059999999999998,0.5882700620203839,-0.1729793202493449,0.18607349267098486,0.9183658091576308,-0.01978426283649644
0.35000000000000014,0.245,0.4049999999999999,0.5899280037702768,-0.17507749395004527,0.17831436703400091,0.9137966158407026,-0.01998445217798181
0.35100000000000015,0.245,0.4039999999999998,0.5915674264124905,-0.17718381823574605,0.17058807419076366,0.9092666140151884,-0.019969011518994703
0.35200000000000015,0.245,0.4029999999999999,0.5931884021759827,-0.1792981612163491,0.16289503589123436,0.9047760221654015,-0.019740276695607545
0.35300000000000015,0.245,0.4019999999999998,0.5947910046373804,-0.18142039042361097,0.15523566840761946,0.9003250525098269,-0.01930060787139974
0.35400000000000015,0.245,0.4009999999999999,0.5963753087205748,-0.18355037283748618,0.14761038249397337,0.8959139110158639,-0.018652388700795622
0.35500000000000015,0.245,0.3999999999999998,0.5979413906929674,-0.18568797491282854,0.1400195833451621,0.891542797410455,-0.017798025491517086
0.35600000000000015,0.245,0.3989999999999999,0.5994893281633501,-0.18783306260552937,0.13246367055865127,0.8872119051998769,-0.016739946363465347
0.35700000000000015,0.245,0.3979999999999998,0.6010192000773654,-0.18998550139877107,0.12494303809697993,0.8829214216885377,-0.015480600407247455
0.35800000000000015,0.245,0.3969999999999999,0.6025310867112993,-0.192145156329293,0.11745807425928945,0.8786715279981913,-0.014022456848636067
0.35900000000000015,0.245,0.3959999999999998,0.6040250696721714,-0.19431189201368557,0.11000916164227736,0.874462399087321,-0.012368004209002956
0.36000000000000015,0.245,0.3949999999999999,0.6055012318838529,-0.1964855726742628,0.10259667711630367,0.8702942037767151,-0.010519749466839326
0.36100000000000015,0.245,0.3939999999999998,0.6069596575861393,-0.19866606216527435,0.09522099179292585,0.8661671047705639,-0.0084802172240237
0.36200000000000015,0.245,0.3929999999999999,0.6084004323246415,-0.2008532239987301,0.08788247100049335,0.8620812586829966,-0.006251948871838067
0.36300000000000016,0.245,0.3919999999999998,0.6098236429442403,-0.2030469213703075,0.08058147425985873,0.8580368160634678,-0.0038375017618643634
0.36400000000000016,0.245,0.3909999999999999,0.6112293775798092,-0.2052470171850453,0.073318355260777,0.8540339214248909,-0.0012394483769336273
0.33700000000000013,0.246,0.4169999999999998,0.5649268280495748,-0.1477531586146837,0.27656217716985604,0.9679649063443647,-0.0010120483652427958
0.33800000000000013,0.246,0.4159999999999999,0.566802458583651,-0.14973053304515477,0.26847985454974216,0.9629789847012488,-0.003842687087866392
0.33900000000000013,0.246,0.4149999999999998,0.5686589297970928,-0.15171747784431927,0.2604251891333645,0.9580292253275478,-0.006434984408301675
0.34000000000000014,0.246,0.4139999999999999,0.5704962988433575,-0.15371387098623907,0.25239865806846623,0.9531159167711629,-0.008790927030524559
0.34100000000000014,0.246,0.4129999999999998,0.5723146241446945,-0.15571958957148924,0.24440073369131554,0.9482393413045944,-0.01091253479377921
0.34200000000000014,0.246,0.4119999999999999,0.5741139654014953,-0.15773450985318493,0.23643188345765428,0.943399774915761,-0.012801859894827239
0.34300000000000014,0.246,0.4109999999999998,0.5758943836023648,-0.1597585072626593,0.22849256987597763,0.9385974873078172,-0.014460986098412038
0.34400000000000014,0.246,0.4099999999999999,0.5776559410301899,-0.161791456435535,0.22058325045270682,0.9338327418953146,-0.0158920279495966
0.34500000000000014,0.246,0.4089999999999998,0.5793987012716845,-0.163833231237347,0.21270437762607336,0.9291057958103105,-0.017097129968586283
0.34600000000000014,0.246,0.4079999999999999,0.5811227292214639,-0.16588370478942732,0.20485639871417063,0.9244168999064716,-0.018078465847799638
0.34700000000000014,0.246,0.4069999999999998,0.5828280910871232,-0.1679427494952774,0.19703975585712302,0.9197662987577793,-0.01883823764577955
0.34800000000000014,0.246,0.4059999999999999,0.5845148543934492,-0.17001023706648202,0.18925488596325174,0.9151542306666801,-0.019378674972058613
0.34900000000000014,0.246,0.4049999999999998,0.5861830879853452,-0.17208603854867227,0.18150222066123622,0.9105809276732778,-0.019702034171318883
0.35000000000000014,0.246,0.4039999999999999,0.5878328620289367,-0.1741700243475584,0.17378218624958744,0.9060466155650984,-0.01981059750147726
0.35100000000000015,0.246,0.4029999999999998,0.5894642480132548,-0.17626206425517618,0.16609520364971675,0.9015515138852038,-0.019706672313303197
0.35200000000000015,0.246,0.4019999999999999,0.5910773187501857,-0.17836202747617047,0.15844168836255607,0.8970958359413175,-0.019392590228513223
0.35300000000000015,0.246,0.4009999999999998,0.5926721483730046,-0.18046978265335628,0.15082205042434427,0.8926797888269637,-0.018870706306907792
0.35400000000000015,0.246,0.3999999999999999,0.5942488123360713,-0.1825851978940544,0.14323669436884925,0.8883035734320561,-0.01814339822488939
0.35500000000000015,0.246,0.3989999999999998,0.5958073874111278,-0.18470814079618064,0.13568601918792506,0.8839673844582563,-0.01721306544674503
0.35600000000000015,0.246,0.3979999999999999,0.5973479516849028,-0.18683847847417873,0.12817041829020917,0.8796714104374314,-0.01608212839297625
0.35700000000000015,0.246,0.3969999999999998,0.5988705845552756,-0.18897607758483526,0.12069027947432778,0.8754158337524512,-0.014753027617176118
0.35800000000000015,0.246,0.3959999999999999,0.6003753667244711,-0.19112080435330503,0.11324598489228399,0.8712008306555158,-0.013228222976116602
0.35900000000000015,0.246,0.3949999999999998,0.6018623801996461,-0.1932725245987669,0.10583791101809789,0.867026571292149,-0.011510192805168323
0.36000000000000015,0.246,0.3939999999999999,0.6033317082788366,-0.1954311037603473,0.09846642862141569,0.8628932197217153,-0.009601433092779263
0.36100000000000015,0.246,0.3929999999999998,0.6047834355501931,-0.19759640692256478,0.09113190273769582,0.858800933944772,-0.00750445665730147
0.36200000000000015,0.246,0.3919999999999999,0.6062176478820678,-0.19976829884111985,0.08383469264640052,0.8547498659256996,-0.005221792329670946
0.36300000000000016,0.246,0.3909999999999998,0.6076344324164861,-0.20194664396807466,0.0765751518468163,0.8507401616235656,-0.0027559841339351923
0.36400000000000016,0.246,0.3899999999999999,0.6090338775599542,-0.20413130647753078,0.06935362803537648,0.8467719610160562,-0.0001095904738918907
0.33700000000000013,0.247,0.4159999999999998,0.5629606805454838,-0.14702689927162974,0.271575348170272,0.9598377266702925,-0.0022041356995998462
0.33800000000000013,0.247,0.4149999999999999,0.5648267337027959,-0.1489914362021537,0.26352908332306024,0.9548859912838212,-0.004908081996698427
0.33900000000000013,0.247,0.4139999999999998,0.5666737486919904,-0.1509654367539097,0.25551076454313404,0.9499704983724985,-0.007376778342676388
0.34000000000000014,0.247,0.4129999999999999,0.5685017835425743,-0.15294877976686946,0.24752086272002166,0.9450915308646395,-0.009612217891383584
0.34100000000000014,0.247,0.4119999999999998,0.570310897527144,-0.15494134322773637,0.23955984392481225,0.9402493654451941,-0.011616425958995008
0.34200000000000014,0.247,0.4109999999999999,0.5721011511709723,-0.15694300429527616,0.23162816934807517,0.9354442725546382,-0.013391459250782223
0.34300000000000014,0.247,0.4099999999999998,0.5738726062619303,-0.1589536393259562,0.2237262952335124,0.9306765163856545,-0.01493940508154179
0.34400000000000014,0.247,0.4089999999999999,0.5756253258563709,-0.16097312389932217,0.21585467282263388,0.9259463548868528,-0.016262380589126227
0.34500000000000014,0.247,0.4079999999999998,0.5773593742887464,-0.16300133284364768,0.20801374829244962,0.9212540397644771,-0.017362531943224624
0.34600000000000014,0.247,0.4069999999999999,0.579074817175374,-0.1650381402617404,0.2002039627007975,0.9165998164839938,-0.01824203355039805
0.34700000000000014,0.247,0.4059999999999998,0.580771721419904,-0.16708341955638534,0.19242575193687816,0.9119839242796393,-0.018903087254090914
0.34800000000000014,0.247,0.4049999999999999,0.5824501552172605,-0.16913704345629427,0.18467954666500894,0.9074065961578616,-0.019347921530291023
0.34900000000000014,0.247,0.4039999999999998,0.5841101880563926,-0.1711988840417171,0.1769657722759229,0.9028680589079779,-0.019578790679038574
0.35000000000000014,0.247,0.4029999999999999,0.5857518907217893,-0.1732688127702744,0.1692848488441691,0.8983685331109821,-0.019597974018205733
0.35100000000000015,0.247,0.4019999999999998,0.5873753352947029,-0.17534670050263843,0.16163719107555244,0.8939082331522036,-0.019407775065533567
0.35200000000000015,0.247,0.4009999999999999,0.5889805951535032,-0.17743241752839348,0.15402320827128205,0.8894873672325565,-0.01901052073083921
0.35300000000000015,0.247,0.3999999999999998,0.5905677449720278,-0.1795258335916767,0.1464433042819876,0.8851061373843184,-0.018408560495757023
0.35400000000000015,0.247,0.3989999999999999,0.5921368607191599,-0.18162681791690066,0.13889787746936388,0.8807647394866679,-0.017604265598857263
0.35500000000000015,0.247,0.3979999999999998,0.5936880196554272,-0.18373523923446095,0.1313873206719859,0.8764633632823625,-0.01660002822083731
0.35600000000000015,0.247,0.3969999999999999,0.5952213003307943,-0.18585096580636762,0.12391202116737549,0.8722021923962907,-0.015398260666505056
0.35700000000000015,0.247,0.3959999999999998,0.5967367825803365,-0.18797386545175837,0.11647236063873166,0.8679814043563283,-0.014001394547813628
0.35800000000000015,0.247,0.3949999999999999,0.5982345475179065,-0.19010380557251794,0.1090687151455077,0.8638011706131522,-0.01241187997005147
0.35900000000000015,0.247,0.3939999999999998,0.5997146775367072,-0.192240653178715,0.10170145509237098,0.8596616565630439,-0.010632184719813809
0.36000000000000015,0.247,0.3929999999999999,0.6011772562953538,-0.19438427491382088,0.0943709452042721,0.855563021573913,-0.00866479344949922
0.36100000000000015,0.247,0.3919999999999998,0.6026223687171339,-0.19653453708020538,0.0870775444972581,0.8515054190075713,-0.006512206869526069
0.36200000000000015,0.247,0.3909999999999999,0.6040501009801847,-0.19869130566423135,0.0798216062577592,0.8474889962475811,-0.004176940941271051
0.36300000000000016,0.247,0.3899999999999998,0.605460540510989,-0.20085444636138672,0.07260347801867893,0.8435138947264165,-0.0016615260721956765
0.33600000000000013,0.248,0.4159999999999999,0.5591317030936103,-0.14436293652560375,0.27466052559334636,0.9567363578608871,-0.0005137385966795527
0.33700000000000013,0.248,0.4149999999999998,0.5610072608789607,-0.14630527073319452,0.2666226395212372,0.9517827233861242,-0.0033277277373265635
0.33800000000000013,0.248,0.4139999999999999,0.5628638431128098,-0.14825708268989646,0.25861251334488683,0.9468651237990761,-0.005907563533766702
0.33900000000000013,0.248,0.4129999999999998,0.5647015074775159,-0.15021825295523436,0.2506306164895471,0.9419838426726806,-0.008255212934295847
0.34000000000000014,0.248,0.4119999999999999,0.5665203128587007,-0.1521886612301702,0.24267741362229517,0.9371391573734418,-0.010372674850467695
0.34100000000000014,0.248,0.4109999999999998,0.5683203193597761,-0.1541681863818627,0.23475336458787827,0.9323313390634238,-0.012261979396524153
0.34200000000000014,0.248,0.4099999999999999,0.5701015883116441,-0.15615670646883373,0.22685892435148178,0.9275606526981576,-0.013925187127077243
0.34300000000000014,0.248,0.4089999999999998,0.5718641822823018,-0.15815409876627126,0.2189945429298272,0.9228273570251552,-0.015364388261610684
0.34400000000000014,0.248,0.4079999999999999,0.5736081650828095,-0.16016023979112365,0.2111606653398086,0.9181317045884695,-0.01658170190759979
0.34500000000000014,0.248,0.4069999999999998,0.5753336017769896,-0.16217500532753432,0.20335773153994194,0.9134739417300527,-0.0175792752799684
0.34600000000000014,0.248,0.4059999999999999,0.5770405586849369,-0.16419827045210414,0.1955861763736222,0.908854308596188,-0.018359282909389527
0.34700000000000014,0.248,0.4049999999999998,0.5787291033884481,-0.16622990955927427,0.18784642952117692,0.9042730391440068,-0.018923925854131954
0.34800000000000014,0.248,0.4039999999999999,0.5803993047350471,-0.16826979638682513,0.18013891544682684,0.8997303611480707,-0.019275430904466567
0.34900000000000014,0.248,0.4029999999999998,0.5820512328407561,-0.17031780404119715,0.17246405335196474,0.8952264962115144,-0.019416049784458184
0.35000000000000014,0.248,0.4019999999999999,0.5836849590914659,-0.17237380502295144,0.16482225713181084,0.8907616597765127,-0.019348058353512304
0.35100000000000015,0.248,0.4009999999999998,0.5853005561443504,-0.17443767125232515,0.1572139353271799,0.886336061134764,-0.019073755802714296
0.35200000000000015,0.248,0.3999999999999999,0.5868980979278903,-0.176509274094385,0.14963949108483876,0.8819499034453311,-0.018595463849850627
0.35300000000000015,0.248,0.3989999999999998,0.588477659640771,-0.1785884843847232,0.14209932212083043,0.8776033837453535,-0.017915525939623547
0.35400000000000015,0.248,0.3979999999999999,0.5900393177510442,-0.1806751724545742,0.13459382067679898,0.8732966929704465,-0.0170363064322175
0.35500000000000015,0.248,0.3969999999999998,0.5915831499929363,-0.18276920815632242,0.1271233734896946,0.8690300159700708,-0.015960189802953606
0.35600000000000015,0.248,0.3959999999999999,0.5931092353646406,-0.18487046088872397,0.11968836175453766,0.8648035315278154,-0.014689579834707825
0.35700000000000015,0.248,0.3949999999999998,0.5946176541241656,-0.1869787996220723,0.11228916109414526,0.8606174123830126,-0.013226898814046081
0.35800000000000015,0.248,0.3939999999999999,0.5961084877829819,-0.18909409292354912,0.10492614152969013,0.8564718252501052,-0.011574586729079586
0.35900000000000015,0.248,0.3929999999999998,0.5975818191066613,-0.19121620898212371,0.09759966745112761,0.8523669308447743,-0.009735100468279648
0.36000000000000015,0.248,0.3919999999999999,0.5990377321009509,-0.19334501563361878,0.0903100975922266,0.8483028839077797,-0.0077109130180893284
0.36100000000000015,0.248,0.3909999999999998,0.6004763120112813,-0.19548038038576365,0.08305778500511736,0.8442798332290979,-0.0055045126689908935
0.36200000000000015,0.248,0.3899999999999999,0.6018976453129673,-0.1976221704429295,0.07584307703965083,0.8402979216763933,-0.0031184022204265582
0.36300000000000016,0.248,0.3889999999999998,0.6033018197048425,-0.19977025273084734,0.06866631532119737,0.8363572862235005,-0.0005550981890173196
0.33600000000000013,0.249,0.4149999999999999,0.557200384549277,-0.14365841169373125,0.26970595605829867,0.9487188565022092,-0.0016954032063388746
0.33700000000000013,0.249,0.4139999999999998,0.5590664578489845,-0.14558823696919243,0.26170400144771494,0.9437992271488576,-0.0043847929410738284
0.33800000000000013,0.249,0.4129999999999999,0.5609136741863674,-0.14752743525765202,0.2537300906242987,0.9389157100564114,-0.0068430589480796
0.33900000000000013,0.249,0.4119999999999998,0.5627420921050136,-0.14947588795498046,0.2457846868270769,0.9340685832607349,-0.00907217420283643
0.34000000000000014,0.249,0.4109999999999999,0.5645517713271616,-0.15143347561780665,0.2378682485379501,0.9292581186304458,-0.011074142697584388
0.34100000000000014,0.249,0.4099999999999998,0.5663427727678982,-0.15340007798818758,0.22998122941493868,0.9244845818667344,-0.01285099868769618
0.34200000000000014,0.249,0.4089999999999999,0.5681151585445546,-0.15537557401857532,0.22212407823273247,0.9197482325009794,-0.014404805934986484
0.34300000000000014,0.249,0.4079999999999998,0.5698689919868408,-0.15735984189662022,0.2142972388252952,0.9150493238978816,-0.015737656943506567
0.34400000000000014,0.249,0.4069999999999999,0.57160433764223,-0.15935275906995136,0.20650115002708846,0.9103881032613108,-0.016851672184693703
0.34500000000000014,0.249,0.4059999999999998,0.5733212612856067,-0.1613542022714217,0.19873624561624606,0.9057648116348416,-0.01774899932650255
0.34600000000000014,0.249,0.4049999999999999,0.5750198299232514,-0.16336404754430384,0.1910029542675036,0.9011796839054192,-0.018431812458566746
0.34700000000000014,0.249,0.4039999999999998,0.5767001117975991,-0.16538217026688296,0.18330169949535174,0.8966329488186358,-0.01890231130026787
0.34800000000000014,0.249,0.4029999999999999,0.5783621763918376,-0.16740844517787082,0.1756328996119771,0.8921248289825259,-0.0191627204237437
0.34900000000000014,0.249,0.4019999999999998,0.5800060944322455,-0.16944274640147103,0.16799696767520833,0.8876555408786929,-0.01921528846122028
0.35000000000000014,0.249,0.4009999999999999,0.5816319378894914,-0.17148494747258305,0.16039431144562663,0.8832252948727524,-0.01906228731618495
0.35100000000000015,0.249,0.3999999999999998,0.5832397799805807,-0.17353492136170978,0.15282533334783557,0.878834295230669,-0.01870601137244024
0.35200000000000015,0.249,0.3989999999999999,0.5848296951685172,-0.17559254050001086,0.14529043042631404,0.8744827401339046,-0.018148776697865535
0.35300000000000015,0.249,0.3979999999999998,0.5864017591611357,-0.177657676804729,0.137789994308803,0.870170821690047,-0.01739292025481791
0.35400000000000015,0.249,0.3969999999999999,0.5879560489105634,-0.17973020170385057,0.1303244111680253,0.8658987259558942,-0.016440799101533884
0.35500000000000015,0.249,0.3959999999999998,0.5894926426100092,-0.1818099861612541,0.12289406169171496,0.8616666329538641,-0.015294789602187178
0.35600000000000015,0.249,0.3949999999999999,0.5910116196914689,-0.18389690070165599,0.11549932104472758,0.8574747166920847,-0.013957286629924195
0.35700000000000015,0.249,0.3939999999999998,0.5925130608217934,-0.1859908154355324,0.10814055884240069,0.8533231451853297,-0.012430702777294217
0.35800000000000015,0.249,0.3929999999999999,0.5939970478962595,-0.18809160008379264,0.10081813912025225,0.8492120804798352,-0.010717467561759023
0.35900000000000015,0.249,0.3919999999999998,0.595463664039394,-0.1901991240026764,0.09353242030750329,0.8451416786751355,-0.008820026640903547
0.36000000000000015,0.249,0.3909999999999999,0.5969129935911233,-0.19231325620842316,0.08628375520285847,0.8411120899492739,-0.006740841021671405
0.36100000000000015,0.249,0.3899999999999998,0.5983451221063781,-0.19443386540168175,0.07907249095061156,0.8371234585876093,-0.004482386277123586
0.36200000000000015,0.249,0.3889999999999999,0.5997601363452844,-0.1965608199922309,0.07189896901957882,0.8331759230071497,-0.0020471517653602375
0.33500000000000013,0.25,0.4149999999999998,0.5534059774975308,-0.14105029877709216,0.27277913186322766,0.9456938347139641,-1.2549278395640462e-05
0.33600000000000013,0.25,0.4139999999999999,0.555281468195425,-0.1429583372244105,0.2647853264156206,0.940772251734166,-0.002809935749887138
0.33700000000000013,0.25,0.4129999999999998,0.5571381614563969,-0.14487576227249915,0.2568193813312897,0.9358865755645317,-0.005377253357461781
0.33800000000000013,0.25,0.4119999999999999,0.5589761155200066,-0.14680245699322114,0.24888175840038235,0.9310370848933605,-0.007716449604837777
0.33900000000000013,0.25,0.4109999999999998,0.5607953897718326,-0.14873830361390264,0.24097291471524274,0.9262240522810054,-0.009829502823328534
0.34000000000000014,0.25,0.4099999999999999,0.5625960447513698,-0.15068318354172333,0.23309330260636046,0.9214477441578534,-0.011718421429001452
0.34100000000000014,0.25,0.4089999999999998,0.5643781421666199,-0.1526369773881211,0.22524336958541874,0.9167084208250121,-0.013385243181434706
0.34200000000000014,0.25,0.4079999999999999,0.5661417449029603,-0.15459956499334734,0.21742355827945262,0.9120063364551259,-0.014832034427690016
0.34300000000000014,0.25,0.4069999999999998,0.5678869170332788,-0.15657082545121692,0.20963430637619077,0.9073417390925984,-0.016060889349529622
0.34400000000000014,0.25,0.4059999999999999,0.5696137238234587,-0.15855063713354592,0.20187604656918526,0.9027148706613856,-0.01707392919744069
0.34500000000000014,0.25,0.4049999999999998,0.5713222317419558,-0.16053887771501218,0.19414920650212725,0.8981259669679728,-0.017873301526770052
0.34600000000000014,0.25,0.4039999999999999,0.5730125084636636,-0.16253542419788486,0.18645420872171312,0.8935752577086228,-0.018461179428771818
0.34700000000000014,0.25,0.4029999999999998,0.5746846228748251,-0.16454015293669055,0.17879147062514839,0.8890629664794862,-0.018839760754140567
0.34800000000000014,0.25,0.4019999999999999,0.5763386450771698,-0.16655293966314408,0.17116140441242983,0.8845893107841727,-0.019011267338239282
0.34900000000000014,0.25,0.4009999999999998,0.5779746463909046,-0.16857365951085507,0.1635644170462013,0.8801545020464933,-0.01897794422491894
0.35000000000000014,0.25,0.3999999999999999,0.5795926993556192,-0.17060218704008898,0.15600091020384593,0.8757587456236798,-0.018742058882027554
0.35100000000000015,0.25,0.3989999999999998,0.5811928777321702,-0.17263839626259408,0.14847128023915435,0.8714022408198167,-0.018305900422429716
0.35200000000000015,0.25,0.3979999999999999,0.5827752565024958,-0.17468216066649098,0.14097591814158936,0.8670851808994822,-0.01767177882104068
0.35300000000000015,0.25,0.3969999999999998,0.5843399118686116,-0.17673335324071707,0.13351520950302434,0.8628077531090732,-0.016842024131302424
0.35400000000000015,0.25,0.3959999999999999,0.585886921251967,-0.1787918465000075,0.12608953447862936,0.8585701386908003,-0.015818985702247934
0.35500000000000015,0.25,0.3949999999999998,0.5874163632901452,-0.1808575125094153,0.11869926775623478,0.8543725129043209,-0.014605031395500526
0.35600000000000015,0.25,0.3939999999999999,0.588928317834857,-0.1829302229089494,0.11134477852324823,0.8502150450471135,-0.013202546802729434
0.35700000000000015,0.25,0.3929999999999998,0.590422865948005,-0.18500984893810626,0.10402643044028893,0.8460978984768257,-0.01161393446669956
0.35800000000000015,0.25,0.3919999999999999,0.5919000898953091,-0.18709626146039893,0.09674458161182539,0.8420212306339507,-0.009841613100092558
0.35900000000000015,0.25,0.3909999999999998,0.5933600731471794,-0.18918933098771276,0.08949958456077851,0.8379851930671564,-0.007888016811064553
0.36000000000000015,0.25,0.3899999999999999,0.5948029003649405,-0.19128892770462577,0.08229178620504096,0.8339899314591365,-0.005755594324586548
0.36100000000000015,0.25,0.3889999999999998,0.5962286574005573,-0.19339492149268975,0.07512152783544944,0.8300355856529559,-0.003446808213768353
0.36200000000000015,0.25,0.3879999999999999,0.5976374312869953,-0.19550718195449462,0.0679891450967147,0.8261222896812273,-0.0009641341299835363
0.33500000000000013,0.251,0.4139999999999998,0.5515087489866087,-0.14036683037079645,0.26785658641065474,0.9377836499115066,-0.0011844210290801183
0.33600000000000013,0.251,0.4129999999999999,0.5533748466068652,-0.14226267890045793,0.2598985854113497,0.9328958907935354,-0.0038592530316918505
0.33700000000000013,0.251,0.4119999999999998,0.5552222628886436,-0.14416781125736536,0.2519687237874383,0.9280441131097942,-0.006306985652664493
0.33800000000000013,0.251,0.4109999999999999,0.5570510569185085,-0.1460821113209393,0.24406745721890394,0.9232285900973014,-0.008529572016176074
0.33900000000000013,0.251,0.4099999999999998,0.5588612889050222,-0.14800546214503235,0.23619523668915446,0.9184495889024283,-0.01052899515550984
0.34000000000000014,0.251,0.4089999999999999,0.5606530201863682,-0.14993774598209855,0.22835250841886381,0.9137073705790639,-0.012307267275522116
0.34100000000000014,0.251,0.4079999999999998,0.5624263132446223,-0.15187884430734977,0.2205397138066042,0.9090021900899063,-0.013866429016205384
0.34200000000000014,0.251,0.4069999999999999,0.5641812317151133,-0.1538286378429892,0.2127572893739473,0.9043342963090407,-0.015208548709603378
0.34300000000000014,0.251,0.4059999999999998,0.5659178403959426,-0.15578700658270017,0.20500566670287892,0.8997039320227436,-0.016335721629033795
0.34400000000000014,0.251,0.4049999999999999,0.5676362052538868,-0.15775382981571145,0.19728527239009064,0.8951113339396639,-0.017250069235324267
0.34500000000000014,0.251,0.4039999999999998,0.5693363934336033,-0.15972898615155784,0.18959652798731016,0.8905567326915463,-0.017953738420086046
0.34600000000000014,0.251,0.4029999999999999,0.5710184732614345,-0.1617123535442412,0.18193984995512644,0.8860403528458605,-0.018448900742013857
0.34700000000000014,0.251,0.4019999999999998,0.5726825142507094,-0.16370380931689477,0.1743156496185328,0.8815624129119565,-0.018737751667429456
0.34800000000000014,0.251,0.4009999999999999,0.5743285871054927,-0.16570323018611627,0.16672433311453339,0.8771231253542195,-0.018822509797557327
0.34900000000000014,0.251,0.3999999999999998,0.5759567637236244,-0.16771049228647772,0.15916630135425494,0.8727226966038301,-0.0187054161039011
0.35000000000000014,0.251,0.3989999999999999,0.5775671171978145,-0.1697254711951367,0.15164194997928993,0.8683613270702871,-0.01838873315738168
0.35100000000000015,0.251,0.3979999999999998,0.5791597218173063,-0.17174804195610807,0.14415166932104143,0.8640392111594114,-0.01787474435455441
0.35200000000000015,0.251,0.3969999999999999,0.5807346530680192,-0.17377807910485665,0.13669584436602314,0.8597565372873461,-0.01716575314887228
0.35300000000000015,0.251,0.3959999999999998,0.5822919876311847,-0.17581545669254128,0.12927485471792058,0.8555134879007873,-0.016264082274800085
0.35400000000000015,0.251,0.3949999999999999,0.5838318033830258,-0.17786004831068475,0.12188907456414409,0.8513102394915257,-0.015172072979044396
0.35500000000000015,0.251,0.3939999999999998,0.5853541793914652,-0.17991172711511305,0.11453887264581153,0.8471469626225506,-0.013892084246225622
0.35600000000000015,0.251,0.3929999999999999,0.5868591959141758,-0.18197036585057327,0.10722461222594376,0.8430238219444728,-0.012426492030521444
0.35700000000000015,0.251,0.3919999999999998,0.5883469343945507,-0.1840358368747419,0.09994665106204931,0.8389409762213615,-0.010777688485030773
0.35800000000000015,0.251,0.3909999999999999,0.5898174774555998,-0.18610801218247833,0.09270534138081317,0.8348985783531545,-0.008948081195167344
0.35900000000000015,0.251,0.3899999999999998,0.5912709089008179,-0.1881867634297591,0.08550102985293002,0.830896775402797,-0.00694009241491212
0.36000000000000015,0.251,0.3889999999999999,0.592707313700556,-0.1902719619578197,0.07833405757131229,0.8269357086203691,-0.0047561583021295956
0.36100000000000015,0.251,0.3879999999999998,0.5941267779917441,-0.19236347881691035,0.07120476002909941,0.8230155134725928,-0.002398728160061446
0.33500000000000013,0.252,0.4129999999999998,0.5496236064772012,-0.13968763917122148,0.2629678002699789,0.9299431162190497,-0.002290475300770617
0.33600000000000013,0.252,0.4119999999999999,0.5514804135089011,-0.14157140280776298,0.25504567903200387,0.9250891276327948,-0.004845226973167638
0.33700000000000013,0.252,0.4109999999999998,0.5533186545048604,-0.1434643488559136,0.24715197074351694,0.920271191051498,-0.0071758221266864375
0.33800000000000013,0.252,0.4099999999999999,0.5551383893796833,-0.1453663619979831,0.23928712501055174,0.9154895743228744,-0.009284218853000126
0.33900000000000013,0.252,0.4089999999999998,0.5569396791461866,-0.1472773261094704,0.2314515867443688,0.9107445392391863,-0.011172404252592028
0.34000000000000014,0.252,0.4079999999999999,0.5587225859226764,-0.14919712428292764,0.22364579609182103,0.9060363415371829,-0.01284239370040971
0.34100000000000014,0.252,0.4069999999999998,0.560487172947377,-0.15112563885164076,0.21587018838159872,0.9013652309039051,-0.014296230116558506
0.34200000000000014,0.252,0.4059999999999999,0.5622335045875121,-0.15306275141389208,0.20812519406703991,0.8967314509749874,-0.015535983232367212
0.34300000000000014,0.252,0.4049999999999998,0.5639616463489735,-0.15500834285682466,0.20041123866844504,0.8921352393422586,-0.016563748845394646
0.34400000000000014,0.252,0.4039999999999999,0.5656716648819103,-0.15696229338059198,0.1927287427242167,0.8875768275586442,-0.017381648075470033
0.34500000000000014,0.252,0.4029999999999998,0.5673636279902416,-0.158924482522463,0.18507812173842492,0.8830564411458962,-0.017991826615903345
0.34600000000000014,0.252,0.4019999999999999,0.5690376046352703,-0.1608947891809823,0.1774597861331547,0.8785742996032759,-0.01839645398026836
0.34700000000000014,0.252,0.4009999999999998,0.5706936649408184,-0.1628730916400766,0.1698741412031021,0.8741306164188065,-0.018597722747553738
0.34800000000000014,0.252,0.3999999999999999,0.5723318801972203,-0.16485926759334238,0.1623215870686427,0.8697255990791406,-0.018597847804482898
0.34900000000000014,0.252,0.3989999999999998,0.5739523228642477,-0.16685319416806066,0.15480251863745242,0.8653594490851992,-0.018399065587325125
0.35000000000000014,0.252,0.3979999999999999,0.5755550665721975,-0.16885474794950786,0.14731732556188715,0.8610323619643142,-0.01800363332099429
0.35100000000000015,0.252,0.3969999999999998,0.5771401861236767,-0.17086380500504783,0.13986639220134522,0.856744527286946,-0.017413828258054903
0.35200000000000015,0.252,0.3959999999999999,0.57870775749357,-0.17288024090824128,0.1324500975857252,0.8524961286840417,-0.016631946916629434
0.35300000000000015,0.252,0.3949999999999998,0.5802578578279496,-0.17490393076289046,0.1250688153824666,0.8482873438661582,-0.0156603043191004
0.35400000000000015,0.252,0.3939999999999999,0.5817905654436994,-0.17693474922727442,0.11772291386289063,0.8441183446403998,-0.014501233232265542
0.35500000000000015,0.252,0.3929999999999998,0.5833059598251668,-0.17897257053798343,0.11041275587180348,0.839989296933962,-0.013157083404930575
0.35600000000000015,0.252,0.3919999999999999,0.5848041216224352,-0.18101726853381422,0.10313869879943414,0.8359003608170638,-0.01163022080953531
0.35700000000000015,0.252,0.3909999999999998,0.5862851326472629,-0.18306871667991848,0.09590109455376625,0.8318516905224853,-0.009923026885945069
0.35800000000000015,0.252,0.3899999999999999,0.5877490758671956,-0.18512678809127905,0.08870028953840947,0.8278434344751283,-0.008037897784694312
0.35900000000000015,0.252,0.3889999999999998,0.5891960354062509,-0.18719135555669267,0.08153662462502576,0.8238757353141833,-0.005977243615425877
0.36000000000000015,0.252,0.3879999999999999,0.5906260965316288,-0.1892622915622497,0.07441043513599047,0.819948729922517,-0.0037434876945950657
0.36100000000000015,0.252,0.3869999999999998,0.5920393456534251,-0.1913394683150121,0.06732205082224967,0.8160625494530135,-0.0013390658001899772
0.33400000000000013,0.253,0.4129999999999999,0.545884317406686,-0.13715010607427292,0.2660271239312937,0.9270277210291963,-0.0006722989382908773
0.33500000000000013,0.253,0.4119999999999998,0.5477504461804411,-0.1390126926831809,0.2581127207928006,0.9221715969034927,-0.0033325792239829455
0.33600000000000013,0.253,0.4109999999999999,0.5495980637631561,-0.14088447533237133,0.2502265505847359,0.9173513228400646,-0.005769685611750619
0.33700000000000013,0.253,0.4099999999999998,0.5514272298213718,-0.14276534031469884,0.2423690615185016,0.9125671673705626,-0.007985551704738775
0.33800000000000013,0.253,0.4089999999999999,0.5532380050794042,-0.14465517311070272,0.23454069716800227,0.9078193930143991,-0.009982139931461798
0.33900000000000013,0.253,0.4079999999999998,0.5550304513356829,-0.14655385841270094,0.22674189640492617,0.9031082562679642,-0.011761440841344117
0.34000000000000014,0.253,0.4069999999999999,0.5568046314708044,-0.14846128014801507,0.21897309334537568,0.8984340076122515,-0.013325472381306783
0.34100000000000014,0.253,0.4059999999999998,0.5585606094612207,-0.1503773215025225,0.21123471728591245,0.8937968915171534,-0.014676279168507556
0.34200000000000014,0.253,0.4049999999999999,0.560298450388419,-0.15230186494435488,0.20352719265059974,0.8891971464456195,-0.01581593176217455
0.34300000000000014,0.253,0.4039999999999998,0.5620182204489346,-0.15423479224797898,0.19585093894139308,0.8846350048537389,-0.016746525937093498
0.34400000000000014,0.253,0.4029999999999999,0.5637199869593946,-0.15617598451786494,0.18820637068202797,0.88011069320004,-0.017470181939745463
0.34500000000000014,0.253,0.4019999999999998,0.5654038183662048,-0.1581253222120225,0.18059389737059073,0.8756244319587588,-0.0179890437472576
0.34600000000000014,0.253,0.4009999999999999,0.5670697842492917,-0.1600826851661821,0.1730139234356217,0.8711764356241515,-0.018305278328411723
0.34700000000000014,0.253,0.3999999999999998,0.5687179553268751,-0.162047952617509,0.16546684818636775,0.86676691272424,-0.01842107489303607
0.34800000000000014,0.253,0.3989999999999999,0.5703484034599358,-0.16402100322857296,0.1579530657749642,0.8623960658317872,-0.018338644148890693
0.34900000000000014,0.253,0.3979999999999998,0.5719612016545899,-0.16600171511116218,0.1504729651505065,0.85806409157915,-0.018060217548199906
0.35000000000000014,0.253,0.3969999999999999,0.5735564240636336,-0.16798996585003592,0.14302693002482103,0.8537711806751619,-0.017588046539162627
0.35100000000000015,0.253,0.3959999999999998,0.5751341459881604,-0.1699856325269973,0.1356153388331281,0.8495175179180429,-0.016924401816037132
0.35200000000000015,0.253,0.3949999999999999,0.5766944438776109,-0.17198859174451303,0.1282385646996386,0.84530328221628,-0.016071572566464576
0.35300000000000015,0.253,0.3939999999999998,0.5782373953286691,-0.17399871964953048,0.1208969754050501,0.8411286466071107,-0.015031865721173251
0.35400000000000015,0.253,0.3929999999999999,0.5797630790849297,-0.17601589195720765,0.11359093335416248,0.8369937782769615,-0.01380760520351701
0.35500000000000015,0.253,0.3919999999999998,0.5812715750337387,-0.1780399839746848,0.1063207955487102,0.8328988385817518,-0.012401131182011152
0.35600000000000015,0.253,0.3909999999999999,0.5827629642043609,-0.18007087062459742,0.09908691355805095,0.8288439830714172,-0.010814799320961348
0.35700000000000015,0.253,0.3899999999999998,0.5842373287640886,-0.182108426468564,0.09188963349419525,0.8248293615149566,-0.009050980034409094
0.35800000000000015,0.253,0.3889999999999999,0.5856947520123126,-0.1841525257309006,0.0847292959890638,0.8208551179222812,-0.0071120577442383495
0.35900000000000015,0.253,0.3879999999999998,0.5871353183814767,-0.18620304232179752,0.07760623617103826,0.8169213905739244,-0.005000430139132199
0.36000000000000015,0.253,0.3869999999999999,0.5885591134237246,-0.18825984986070432,0.0705207836461506,0.8130283120475186,-0.0027185074343258134
0.36100000000000015,0.253,0.3859999999999998,0.5899662238108406,-0.19032282169959133,0.06347326247919115,0.8091760092458619,-0.00026871163960578287
0.33400000000000013,0.254,0.4119999999999999,0.544032239183928,-0.13649115073491946,0.26116994634731594,0.9192909979208742,-0.0017704100484956797
0.33500000000000013,0.254,0.4109999999999998,0.5458891654091251,-0.138341958694574,0.2532912926559198,0.9144684617189526,-0.004312556516954474
0.33600000000000013,0.254,0.4099999999999999,0.5477276933532218,-0.14020186315724104,0.24544114076908938,0.9096818435665172,-0.006634414068431238
0.33700000000000013,0.254,0.4089999999999998,0.5495478834971823,-0.14207075119127752,0.23761993289743438,0.9049314066874474,-0.008737920903912122
0.33800000000000013,0.254,0.4079999999999999,0.5513497973565878,-0.1439485090711609,0.22982810661670294,0.9002174083265206,-0.010625043176620441
0.33900000000000013,0.254,0.4069999999999998,0.5531334974977767,-0.1458350223009096,0.22206609480245637,0.8955400997470152,-0.012297774287300348
0.34000000000000014,0.254,0.4059999999999999,0.5548990475455252,-0.14773017563717777,0.21433432557269025,0.8908997262368308,-0.01375813416670034
0.34100000000000014,0.254,0.4049999999999998,0.5566465121971956,-0.14963385311276006,0.20663322223457123,0.886296527109914,-0.01500816856430108
0.34200000000000014,0.254,0.4039999999999999,0.5583759572315559,-0.15154593806003672,0.1989632032274307,0.8817307357111569,-0.01604994832453098
0.34300000000000014,0.254,0.4029999999999998,0.560087449518541,-0.1534663131343988,0.19132468207119988,0.8772025794238566,-0.016885568661446998
0.34400000000000014,0.254,0.4019999999999999,0.5617810570247926,-0.15539486033774552,0.18371806732053683,0.8727122796779035,-0.017517148430622978
0.34500000000000014,0.254,0.4009999999999998,0.5634568488229003,-0.1573314610420386,0.17614376251183336,0.8682600519588914,-0.017946829395754135
0.34600000000000014,0.254,0.3999999999999999,0.5651148950952606,-0.159275996012931,0.16860216612290077,0.863846105817707,-0.018176775496951972
0.34700000000000014,0.254,0.3989999999999998,0.5667552671389382,-0.16122834543325576,0.16109367152610307,0.8594706448839715,-0.01820917211127039
0.34800000000000014,0.254,0.3979999999999999,0.5683780373698171,-0.16318838892664034,0.15361866694684995,0.8551338668787845,-0.018046225315082334
0.34900000000000014,0.254,0.3969999999999998,0.5699832793254646,-0.16515600558100055,0.14617753542671422,0.8508359636306232,-0.01769016114559216
0.35000000000000014,0.254,0.3959999999999999,0.5715710676663315,-0.1671310739722223,0.1387706547846417,0.8465771210893452,-0.017143224860641196
0.35100000000000015,0.254,0.3949999999999998,0.5731414781774405,-0.16911347218760583,0.13139839757976757,0.8423575193449225,-0.01640768019651663
0.35200000000000015,0.254,0.3939999999999999,0.5746945877685348,-0.17110307784931808,0.1240611310792928,0.8381773326467628,-0.0154858086279734
0.35300000000000015,0.254,0.3929999999999998,0.5762304744730818,-0.17309976813798672,0.11675921722822842,0.8340367294215424,-0.014379908630166013
0.35400000000000015,0.254,0.3919999999999999,0.5777492174479014,-0.1751034198160104,0.10949301261692786,0.8299358722959478,-0.013092294937278912
0.35500000000000015,0.254,0.3909999999999998,0.5792508969699997,-0.1771139092509636,0.10226286845415726,0.8258749181183412,-0.011625297805153707
0.35600000000000015,0.254,0.3899999999999999,0.5807355944348848,-0.17913111243881683,0.0950691305403186,0.8218540179834725,-0.009981262274557326
0.35700000000000015,0.254,0.3889999999999998,0.5822033923528264,-0.18115490502732098,0.08791213924480391,0.8178733172549287,-0.008162547439201709
0.35800000000000015,0.254,0.3879999999999999,0.583654374342846,-0.18318516233898913,0.08079222948196013,0.8139329555935668,-0.006171525710682066
0.35900000000000015,0.254,0.3869999999999998,0.5850886251338618,-0.18522175939425817,0.0737097306905913,0.810033066983194,-0.004010582093045494
0.36000000000000015,0.254,0.3859999999999999,0.5865062305513863,-0.18726457093454893,0.06666496681529172,0.8061737797576011,-0.0016821134538613919
0.33300000000000013,0.255,0.4119999999999998,0.5403256702636925,-0.13400625546438005,0.26421745360875104,0.9164468160842805,-0.00016005001237709426
0.33400000000000013,0.255,0.4109999999999999,0.5421918396217508,-0.13583627555454425,0.2563462934968207,0.9116220923518826,-0.002805791411031766
0.33500000000000013,0.255,0.4099999999999998,0.5440396625641203,-0.13767540527325253,0.24850345793616238,0.9068330868357867,-0.005232188437901936
0.33600000000000013,0.255,0.4089999999999999,0.5458691993709006,-0.1395235332589508,0.24068938775421153,0.9020800634530896,-0.007441155499425284
0.33700000000000013,0.255,0.4079999999999998,0.5476805113195056,-0.14138054735110986,0.23290451920117614,0.8973632801801923,-0.009434634782760978
0.33800000000000013,0.255,0.4069999999999999,0.5494736606987521,-0.14324633461346417,0.22514928389039912,0.892682989047064,-0.011214595567284477
0.33900000000000013,0.255,0.4059999999999998,0.5512487108251867,-0.14512078135673231,0.2174241087392987,0.8880394361438055,-0.012783033523511261
0.34000000000000014,0.255,0.4049999999999999,0.5530057260505393,-0.14700377316173818,0.20972941591034228,0.8834328616225539,-0.014141970004984725
0.34100000000000014,0.255,0.4039999999999998,0.554744771775717,-0.1488951949025853,0.20206562275769,0.878863499701026,-0.015293451342553666
0.34200000000000014,0.255,0.4029999999999999,0.5564659144599309,-0.15079493076976325,0.1944331417777278,0.8743315786695116,-0.016239548131482165
0.34300000000000014,0.255,0.4019999999999998,0.5581692216300734,-0.15270286429325325,0.18683238055295245,0.8698373208999476,-0.016982354510155645
0.34400000000000014,0.255,0.4009999999999999,0.55985476188641,-0.15461887836595917,0.17926374171053297,0.8653809428513828,-0.017523987444829206
0.34500000000000014,0.255,0.3999999999999998,0.5615226049117635,-0.1565428552668316,0.17172762287018636,0.8609626550824773,-0.017866586002898935
0.34600000000000014,0.255,0.3989999999999999,0.5631728214751811,-0.15847467668406745,0.16422441660219156,0.8565826622642326,-0.018012310626791067
0.34700000000000014,0.255,0.3979999999999998,0.564805483437114,-0.16041422373866573,0.1567545103872471,0.852241163188361,-0.017963342411158045
0.34800000000000014,0.255,0.3969999999999999,0.5664206637534535,-0.16236137700741435,0.14931828657425664,0.8479383507863081,-0.017721882370007783
0.34900000000000014,0.255,0.3959999999999998,0.5680184364782301,-0.164316016546224,0.14191612234191509,0.8436744121436618,-0.01729015070757922
0.35000000000000014,0.255,0.3949999999999999,0.5695988767649655,-0.16627802191352128,0.13454838966339389,0.8394495285147142,-0.01667038608975105
0.35100000000000015,0.255,0.3939999999999998,0.5711620608684767,-0.16824727219333138,0.1272154552717578,0.8352638753428404,-0.01586484491257277
0.35200000000000015,0.255,0.3929999999999999,0.5727080661450281,-0.17022364601849604,0.11991768062858155,0.8311176222794026,-0.01487580057315048
0.35300000000000015,0.255,0.3919999999999998,0.5742369710511688,-0.17220702159388307,0.11265542189162889,0.8270109332034318,-0.013705542739285287
0.35400000000000015,0.255,0.3909999999999999,0.5757488551435864,-0.17419727671936752,0.10542902988643042,0.8229439662452599,-0.012356376620955269
0.35500000000000015,0.255,0.3899999999999998,0.5772437990761166,-0.17619428881304122,0.09823885008218569,0.8189168738070218,-0.010830622246277018
0.35600000000000015,0.255,0.3889999999999999,0.5787218845979363,-0.1781979349339961,0.09108522256336765,0.8149298025898053,-0.009130613733128658
0.35700000000000015,0.255,0.3879999999999998,0.5801831945498646,-0.18020809180544747,0.08396848200775943,0.8109828936158053,-0.007258698568744677
0.35800000000000015,0.255,0.3869999999999999,0.5816278128586255,-0.18222463583742807,0.07688895766634277,0.8070762822568704,-0.0052172368886635595
0.35900000000000015,0.255,0.3859999999999998,0.5830558245379222,-0.18424744314951658,0.06984697334179751,0.8032100982623308,-0.0030086007607126944
0.36000000000000015,0.255,0.3849999999999999,0.5844673156752952,-0.1862763895935525,0.06284284737159283,0.7993844657868069,-0.0006351734685818775
0.33300000000000013,0.256,0.4109999999999998,0.5385059660259826,-0.13336691103492251,0.25939165028815303,0.9088117076526904,-0.0012507103070212577
0.33400000000000013,0.256,0.4099999999999999,0.5403630194891338,-0.13518544993789902,0.2515561088279744,0.9040203893631114,-0.003780220362488318
0.33500000000000013,0.256,0.4089999999999998,0.5422018371208134,-0.13701300076586076,0.24374915618103152,0.899264854768074,-0.006093214718670359
0.33600000000000013,0.256,0.4079999999999999,0.5440224800023449,-0.1388494529062437,0.23597122724912695,0.8945453625586374,-0.008191612025052322
0.33700000000000013,0.256,0.4069999999999998,0.5458250101897909,-0.14069469496554735,0.2282227523599063,0.8898621655176548,-0.01007735786380988
0.33800000000000013,0.256,0.4059999999999999,0.5476094907274446,-0.14254861479187386,0.2205041571992488,0.8852155105231969,-0.011752424056080152
0.33900000000000013,0.256,0.4049999999999998,0.5493759856647559,-0.1444110994977246,0.21281586276596287,0.8806056385500172,-0.013218807979867589
0.34000000000000014,0.256,0.4039999999999999,0.5511245600632576,-0.1462820354827997,0.2051582853054599,0.8760327846735685,-0.014478531863150276
0.34100000000000014,0.256,0.4029999999999998,0.5528552800107729,-0.14816130845682837,0.19753183626274523,0.8714971780758564,-0.015533642087754207
0.34200000000000014,0.256,0.4019999999999999,0.5545682126302294,-0.15004880346236352,0.18993692222958397,0.866999042054043,-0.01638620848104015
0.34300000000000014,0.256,0.4009999999999998,0.5562634260893434,-0.1519444048978899,0.18237394489570347,0.8625385940256864,-0.017038323609797804
0.34400000000000014,0.256,0.3999999999999999,0.5579409896058943,-0.15384799654057968,0.17484330100194537,0.8581160455418766,-0.017492102064593215
0.34500000000000014,0.256,0.3989999999999998,0.5596009734572613,-0.1557594615694662,0.16734538229591206,0.8537316022949513,-0.01774967974973607
0.34600000000000014,0.256,0.3979999999999999,0.5612434489838795,-0.15767868258815831,0.15988057548776421,0.8493854641354406,-0.01781321316178655
0.34700000000000014,0.256,0.3969999999999998,0.5628684885944137,-0.15960554164812837,0.15244926221139968,0.8450778250808364,-0.017684878676325053
0.34800000000000014,0.256,0.3959999999999999,0.5644761657698312,-0.16153992027153377,0.14505181898405112,0.8408088733333444,-0.017366871826316133
0.34900000000000014,0.256,0.3949999999999998,0.5660665550661677,-0.16348169947417332,0.13768861716998787,0.8365787912964258,-0.01686140658249885
0.35000000000000014,0.256,0.3939999999999999,0.567639732115906,-0.1654307597885369,0.13036002294645863,0.8323877555908017,-0.016170714634471117
0.35100000000000015,0.256,0.3929999999999998,0.5691957736296934,-0.167386981286629,0.12306639726853406,0.8282359370748609,-0.015297044668704768
0.35200000000000015,0.256,0.3919999999999999,0.5707347573965518,-0.16935024360291168,0.11580809583929857,0.8241235008638159,-0.014242661650379226
0.35300000000000015,0.256,0.3909999999999998,0.5722567622829547,-0.17132042595714825,0.10858546908171139,0.8200506063509722,-0.013009846105337258
0.35400000000000015,0.256,0.3899999999999999,0.5737618682325757,-0.17329740717715014,0.10139886210889701,0.8160174072308692,-0.011600893401387175
0.35500000000000015,0.256,0.3889999999999998,0.5752501562632599,-0.1752810657215535,0.09424861469975156,0.8120240515222378,-0.01001811303330069
0.35600000000000015,0.256,0.3879999999999999,0.5767217084655136,-0.17727127970245604,0.08713506127515847,0.8080706815932447,-0.008263827909541423
0.35700000000000015,0.256,0.3869999999999998,0.5781766079987066,-0.17926792690810298,0.08005853087453911,0.8041574341860657,-0.0063403736404265484
0.35800000000000015,0.256,0.3859999999999999,0.5796149390855877,-0.18127088482518483,0.07301934713930144,0.800284440447099,-0.004250097830055963
0.35900000000000015,0.256,0.3849999999999998,0.5810367870132117,-0.1832800306615261,0.06601782828919259,0.7964518259512609,-0.0019953593715211007
0.33300000000000013,0.257,0.4099999999999998,0.5366976455922623,-0.13273148879758204,0.25459918989938884,0.9012432514375737,-0.0022798193468916705
0.33400000000000013,0.257,0.4089999999999999,0.5385456805968375,-0.13453864355200848,0.24679933326168665,0.8964852801965841,-0.004695433144642686
0.33500000000000013,0.257,0.4079999999999998,0.5403755896161256,-0.13635471379417252,0.23902832448467898,0.8917631543043653,-0.006897334477704228
0.33600000000000013,0.257,0.4069999999999999,0.542187434514822,-0.13817958965652627,0.23128659257934206,0.887077127282598,-0.008887445645227698
0.33700000000000013,0.257,0.4059999999999998,0.5439812781098438,-0.1400131605080118,0.22357456198317652,0.8824274467828301,-0.01066771504041214
0.33800000000000013,0.257,0.4049999999999999,0.545757184184102,-0.14185531497664652,0.21589265250033732,0.877814354585511,-0.01224011647132578
0.33900000000000013,0.257,0.4039999999999998,0.5475152175026308,-0.14370594097170744,0.208241279244743,0.8732380866089356,-0.013606648473228525
0.34000000000000014,0.257,0.4029999999999999,0.5492554438201479,-0.1455649257063144,0.20062085258727724,0.8686988729133178,-0.014769333617214789
0.34100000000000014,0.257,0.4019999999999998,0.5509779298948411,-0.1474321557201464,0.19303177810367073,0.8641969377048957,-0.01573021781975345
0.34200000000000014,0.257,0.4009999999999999,0.5526827434971043,-0.1493075169020504,0.1854744565223861,0.8597324993440841,-0.01649136964276919
0.34300000000000014,0.257,0.3999999999999998,0.5543699534194887,-0.15119089451257867,0.17794928368241042,0.8553057703567768,-0.01705487959555202
0.34400000000000014,0.257,0.3989999999999999,0.5560396294818003,-0.15308217320662204,0.17045665048486142,0.8509169574456384,-0.017422859427883797
0.34500000000000014,0.257,0.3979999999999998,0.5576918425404515,-0.154981237056329,0.1629969428472792,0.8465662614982331,-0.01759744142728839
0.34600000000000014,0.257,0.3969999999999999,0.5593266644921656,-0.1568879695735957,0.15557054166493756,0.8422538776038594,-0.017580777709956308
0.34700000000000014,0.257,0.3959999999999998,0.5609441682790334,-0.15880225373291645,0.1481778227712964,0.8379799950656165,-0.017375039513948462
0.34800000000000014,0.257,0.3949999999999999,0.5625444278926445,-0.16072397199389962,0.1408191568997115,0.833744797419136,-0.01698241648770961
0.34900000000000014,0.257,0.3939999999999998,0.5641275183767896,-0.1626530063241953,0.13349490964706745,0.829548462445604,-0.016405115981908705
0.35000000000000014,0.257,0.3929999999999999,0.5656935158288977,-0.16458923822192936,0.12620544144146678,0.8253911621936648,-0.015645362337853685
0.35100000000000015,0.257,0.3919999999999998,0.5672424974018779,-0.1665325487383666,0.11895110750978928,0.8212730629982783,-0.014705396178199603
0.35200000000000015,0.257,0.3909999999999999,0.568774541304322,-0.16848281850068308,0.11173225784825364,0.8171943254985319,-0.013587473699777565
0.35300000000000015,0.257,0.3899999999999998,0.5702897267994925,-0.1704399277341895,0.1045492371933327,0.8131551046645135,-0.01229386596206565
0.35400000000000015,0.257,0.3889999999999999,0.5717881342053034,-0.17240375628514895,0.09740238499602094,0.8091555498152304,-0.010826858184449138
0.35500000000000015,0.257,0.3879999999999998,0.5732698448912965,-0.1743741836429249,0.09029203539760246,0.8051958046471311,-0.009188749038995005
0.35600000000000015,0.257,0.3869999999999999,0.5747349412772416,-0.17635108896252918,0.08321851720764938,0.8012760072565522,-0.007381849950621369
0.35700000000000015,0.257,0.3859999999999998,0.5761835068293306,-0.17833435108676926,0.07618215388038654,0.7973962901682401,-0.005408484394057229
0.35800000000000015,0.257,0.3849999999999999,0.5776156260547375,-0.18032384856855344,0.06918326349858947,0.7935567803613517,-0.0032709871991189465
0.35900000000000015,0.257,0.3839999999999998,0.5790313845028849,-0.18231945969295762,0.062222158754911126,0.7897575992987935,-0.0009717038582879173
0.33200000000000013,0.258,0.4099999999999999,0.5330434217469627,-0.1303130217170533,0.25763279826200713,0.8985011813008951,-0.0007322597215887738
0.33300000000000013,0.258,0.4089999999999998,0.5349006130612606,-0.13209995969195962,0.24984001472935996,0.8937408472628321,-0.003249109818909496
0.33400000000000013,0.258,0.4079999999999999,0.536739725785023,-0.13389582632289318,0.24207590526882633,0.8890161622264642,-0.005553125803446926
0.33500000000000013,0.258,0.4069999999999998,0.5385608216352652,-0.13570051325169208,0.23434089755425444,0.8843273804359905,-0.0076462071110026675
0.33600000000000013,0.258,0.4059999999999999,0.5403639632428471,-0.13751391135177968,0.22663541474700863,0.8796747503008082,-0.009530279116882812
0.33700000000000013,0.258,0.4049999999999998,0.5421492141682983,-0.13933591075025198,0.21895987543133424,0.8750585143972672,-0.011207292465004959
0.33800000000000013,0.258,0.4039999999999999,0.5439166389160498,-0.14116640085014867,0.21131469356564236,0.8704789094698171,-0.012679222400423296
0.33900000000000013,0.258,0.4029999999999998,0.5456663029501393,-0.14300527035248353,0.2037002784205214,0.8659361664390871,-0.013948068086382062
0.34000000000000014,0.258,0.4019999999999999,0.5473982727018986,-0.14485240727860837,0.19611703453038393,0.8614305104062353,-0.01501585192267925
0.34100000000000014,0.258,0.4009999999999998,0.5491126155836988,-0.14670769899254146,0.18856536164287202,0.856962160660198,-0.015884618861481264
0.34200000000000014,0.258,0.3999999999999999,0.5508093999977437,-0.1485710322232687,0.18104565466959838,0.8525313306874013,-0.01655643571610417
0.34300000000000014,0.258,0.3989999999999998,0.5524886953455995,-0.1504422930871641,0.17355830363852387,0.8481382281812371,-0.01703339046886057
0.34400000000000014,0.258,0.3979999999999999,0.5541505720336672,-0.15232136711040656,0.1661036936536357,0.8437830550533044,-0.017317591577519387
0.34500000000000014,0.258,0.3969999999999998,0.5557951014824021,-0.15420813925133103,0.1586822048485163,0.8394660074472796,-0.017411167277018566
0.34600000000000014,0.258,0.3959999999999999,0.55742235613005,-0.15610249392290146,0.15129421234943216,0.8351872757520683,-0.017316264882763277
0.34700000000000014,0.258,0.3949999999999998,0.559032409437588,-0.15800431501510334,0.1439400862350555,0.8309470446175575,-0.017035050090083492
0.34800000000000014,0.258,0.3939999999999999,0.5606253358929161,-0.15991348591740542,0.1366201915002758,0.8267454929702892,-0.01656970627516459
0.34900000000000014,0.258,0.3929999999999998,0.5622012110137551,-0.1618298895410254,0.12933488802388513,0.8225827940332531,-0.01592243379508515
0.35000000000000014,0.258,0.3919999999999999,0.5637601113488905,-0.16375340834150023,0.12208453053383066,0.8184591153415574,-0.015095449287890361
0.35100000000000015,0.258,0.3909999999999998,0.5653021144801195,-0.16568392434077917,0.11486946857714513,0.8143746187664298,-0.014090984971750806
0.35200000000000015,0.258,0.3899999999999999,0.566827299022444,-0.16762131914967826,0.10769004649087527,0.8103294605339335,-0.012911287947595253
0.35300000000000015,0.258,0.3889999999999998,0.568335744623322,-0.16956547399004998,0.10054660337744858,0.8063237912486422,-0.011558619502610966
0.35400000000000015,0.258,0.3879999999999999,0.5698275319624736,-0.17151626971695091,0.09343947307647076,0.8023577559175658,-0.010035254412969603
0.35500000000000015,0.258,0.3869999999999998,0.5713027427490526,-0.17347358684089434,0.08636898414359256,0.7984314939729715,-0.008343480252236454
0.35600000000000015,0.258,0.3859999999999999,0.5727614597201423,-0.1754373055496358,0.07933545982701323,0.7945451393023477,-0.006485596697347926
0.35700000000000015,0.258,0.3849999999999998,0.5742037666373128,-0.17740730573045696,0.07233921804917574,0.7906988202707381,-0.004463914843269523
0.35800000000000015,0.258,0.3839999999999999,0.5756297482811317,-0.17938346699180255,0.06538057138960236,0.7868926597526484,-0.002280756515665769
0.33200000000000013,0.259,0.4089999999999999,0.5312665171696307,-0.12969645534693133,0.25287129698023125,0.8910310713098037,-0.0017555090935911788
0.33300000000000013,0.259,0.4079999999999998,0.5331147735298554,-0.13147229490303924,0.24511406461873758,0.8863039009535756,-0.004160274623420265
0.33400000000000013,0.259,0.4069999999999999,0.5349450589104635,-0.13325696843434504,0.23738576093507405,0.8816124388956873,-0.006354955060933004
0.33500000000000013,0.259,0.4059999999999998,0.5367574357991112,-0.13505036830240055,0.2296868077829908,0.8769569342897535,-0.008341453167897805
0.33600000000000013,0.259,0.4049999999999999,0.5385519675754082,-0.1368523861175007,0.222017622506049,0.8723376304901654,-0.01012169683290541
0.33700000000000013,0.259,0.4039999999999998,0.5403287185268657,-0.13866291276052967,0.21437861787794915,0.8677547650548174,-0.011697638409207553
0.33800000000000013,0.259,0.4029999999999999,0.542087753862532,-0.1404818384047883,0.206770202045464,0.8632085697507584,-0.013071254045985026
0.33900000000000013,0.259,0.4019999999999998,0.5438291397292803,-0.14230905253802725,0.19919277847956732,0.8586992705585398,-0.014244543022942466
0.34000000000000014,0.259,0.4009999999999999,0.5455529432188864,-0.14414444398443382,0.19164674591805858,0.8542270876796916,-0.015219527068528416
0.34100000000000014,0.259,0.3999999999999998,0.547259232381987,-0.14598790092671202,0.1841324983210715,0.849792235544636,-0.01599824968652684
0.34200000000000014,0.259,0.3989999999999999,0.5489480762368831,-0.14783931092808145,0.1766504248238055,0.845394922823925,-0.01658277547301587
0.34300000000000014,0.259,0.3979999999999998,0.5506195447789588,-0.1496985609545188,0.16920090968869433,0.8410353524370096,-0.01697518943269423
0.34400000000000014,0.259,0.3969999999999999,0.5522737089861726,-0.15156553739681392,0.16178433226687647,0.8367137215658502,-0.017177596293328157
0.34500000000000014,0.259,0.3959999999999998,0.5539106408281915,-0.15344012609267133,0.15440106695188308,0.832430221669133,-0.01719211981594594
0.34600000000000014,0.259,0.3949999999999999,0.555530413270254,-0.1553222123489716,0.14705148314599142,0.8281850384950947,-0.017020902109233224
0.34700000000000014,0.259,0.3939999999999998,0.5571331002779958,-0.1572116809638042,0.13973594521919608,0.8239783520993493,-0.016666102936301913
0.34800000000000014,0.259,0.3929999999999999,0.55871877682186,-0.15910841624863,0.13245481247757027,0.819810336861514,-0.016129899027321648
0.34900000000000014,0.259,0.3919999999999998,0.5602875188796751,-0.16101230205046702,0.1252084391265253,0.8156811615023748,-0.01541448338753916
0.35000000000000014,0.259,0.3909999999999999,0.5618394034382544,-0.16292322177374374,0.11799717424257092,0.8115909891071296,-0.014522064607072394
0.35100000000000015,0.259,0.3899999999999998,0.5633745084952503,-0.1648410584025419,0.1108213617422651,0.8075399771429265,-0.013454866172884439
0.35200000000000015,0.259,0.3889999999999999,0.5648929130594347,-0.16676569452256393,0.10368134035496275,0.8035282774813423,-0.012215125780526158
0.35300000000000015,0.259,0.3879999999999998,0.5663946971498895,-0.168697012342963,0.09657744359751937,0.7995560364233197,-0.010805094646710527
0.35400000000000015,0.259,0.3869999999999999,0.5678799417959861,-0.17063489371835486,0.08950999974902914,0.7956233947214719,-0.009227036825199257
0.35500000000000015,0.259,0.3859999999999998,0.5693487290345938,-0.17257922017049318,0.08247933183029854,0.7917304876076956,-0.007483228523759683
0.35600000000000015,0.259,0.3849999999999999,0.5708011419087371,-0.1745298729102066,0.07548575758273932,0.7878774448167715,-0.005575957425563938
0.35700000000000015,0.259,0.3839999999999998,0.5722372644640277,-0.17648673285893784,0.0685295894480427,0.7840643906159119,-0.0035075220096313087
0.35800000000000015,0.259,0.3829999999999999,0.5736571817433763,-0.17844968067029673,0.06161113455369835,0.7802914438338064,-0.001280230877712056
0.3310000000000001,0.26,0.4089999999999998,0.5276432749518644,-0.12732764461866244,0.2558932770937616,0.8883554753529128,-0.0002158614662314262
0.33200000000000013,0.26,0.4079999999999999,0.5295006172493425,-0.12908363190120759,0.24814289822552701,0.883625892794495,-0.0027200353538407995
0.33300000000000013,0.26,0.4069999999999998,0.5313400330809912,-0.1308484658589239,0.24042127703046048,0.8789318242646154,-0.005014967738876205
0.33400000000000013,0.26,0.4059999999999999,0.5331615848345116,-0.13262204032530506,0.2327288340352839,0.8742735196465514,-0.007102539177941292
0.33500000000000013,0.26,0.4049999999999998,0.5349653357512693,-0.13440424837781298,0.22506598531256275,0.8696512230597457,-0.00898465520192536
0.33600000000000013,0.26,0.4039999999999999,0.536751349942845,-0.13619498235949973,0.21743314242621076,0.8650651728603649,-0.010663245669716867
0.33700000000000013,0.26,0.4029999999999998,0.5385196924070671,-0.1379941339005052,0.20983071237608908,0.8605156016469525,-0.012140264113037189
0.33800000000000013,0.26,0.4019999999999999,0.540270429041339,-0.13980159393977015,0.20225909753770882,0.856002736264577,-0.013417687073855405
0.33900000000000013,0.26,0.4009999999999998,0.5420036266591497,-0.1416172527466614,0.19471869561996275,0.8515267978129597,-0.014497513447339225
0.34000000000000014,0.26,0.3999999999999999,0.5437193529969647,-0.1434409999429368,0.18720989960619966,0.8470880016506473,-0.015381763808958823
0.34100000000000014,0.26,0.3989999999999998,0.5454176767281668,-0.1452727245242223,0.1797330977115503,0.8426865574099556,-0.016072479745137105
0.34200000000000014,0.26,0.3979999999999999,0.5470986674717938,-0.1471123148820702,0.17228867333629205,0.8383226690033146,-0.016571723181819667
0.34300000000000014,0.26,0.3969999999999998,0.5487623958020516,-0.14895965882581175,0.1648770050213228,0.8339965346350688,-0.016881575708978594
0.34400000000000014,0.26,0.3959999999999999,0.5504089332535843,-0.15081464360426738,0.15749846640721168,0.8297083468171996,-0.0170041379007098
0.34500000000000014,0.26,0.3949999999999998,0.5520383523308815,-0.15267715592778297,0.150153426194006,0.825458292380786,-0.016941528639559042
0.34600000000000014,0.26,0.3939999999999999,0.553650726511963,-0.15454708198994252,0.14284224810563192,0.8212465524942165,-0.01669588443531074
0.34700000000000014,0.26,0.3929999999999998,0.5552461302532151,-0.15642430748954475,0.13556529085010713,0.8170733026779914,-0.016269358743433382
0.34800000000000014,0.26,0.3919999999999999,0.5568246389938475,-0.15830871765244758,0.12832290808960686,0.8129387128227153,-0.015664121287175453
0.34900000000000014,0.26,0.3909999999999998,0.5583863291585581,-0.16020019725327958,0.12111544840591261,0.8088429472100435,-0.014882357374398816
0.35000000000000014,0.26,0.3899999999999999,0.5599312781591502,-0.16209863063733412,0.113943255273,0.8047861645312712,-0.013926267220149752
0.35100000000000015,0.26,0.3889999999999998,0.5614595643962706,-0.16400390174223628,0.10680666702468848,0.8007685179101603,-0.012798065264618005
0.35200000000000015,0.26,0.3879999999999999,0.5629712672599553,-0.1659158941197415,0.0997060168319816,0.7967901549240439,-0.01149997949871319
0.35300000000000015,0.26,0.3869999999999998,0.5644664671287422,-0.16783449095728864,0.0926416326767552,0.7928512176291286,-0.010034250785897543
0.35400000000000015,0.26,0.3859999999999999,0.5659452453698468,-0.16975957509962986,0.08561383732972011,0.7889518425847003,-0.008403132189620563
0.35500000000000015,0.26,0.3849999999999998,0.5674076843362343,-0.17169102907042647,0.07862294832771839,0.7850921608779593,-0.006608888300502942
0.35600000000000015,0.26,0.3839999999999999,0.5688538673654393,-0.17362873509349552,0.07166927795515952,0.7812722981541279,-0.00465379456694507
0.35700000000000015,0.26,0.3829999999999998,0.5702838787762577,-0.1755725751144249,0.06475313322732723,0.7774923746407423,-0.0025401366313749923
0.35800000000000015,0.26,0.3819999999999999,0.5716978038633055,-0.17752243082168923,0.057874815873193486,0.7737525051792763,-0.00027020966478179254
0.3310000000000001,0.261,0.4079999999999998,0.525897140700596,-0.12672935749642897,0.25116250245963073,0.8809816675956966,-0.0012336290152996365
0.33200000000000013,0.261,0.4069999999999999,0.5277456302501546,-0.12847452400738096,0.2434475408264677,0.876285065686999,-0.003627489659157282
0.33300000000000013,0.261,0.4059999999999998,0.52957629877155,-0.1302284442278698,0.23576158711267675,0.8716240348174981,-0.005814805059350614
0.33400000000000013,0.261,0.4049999999999999,0.5313892094106338,-0.13199101268686744,0.22810505609506804,0.8669988198536361,-0.0077974587902271825
0.33500000000000013,0.261,0.4039999999999998,0.5331844261458215,-0.13376212317387737,0.22047835810358582,0.8624096599374974,-0.009577358610120698
0.33600000000000013,0.261,0.4029999999999999,0.5349620138041303,-0.13554166876048593,0.21288189895978557,0.8578567884850543,-0.011156435819397292
0.33700000000000013,0.261,0.4019999999999998,0.5367220380772182,-0.13732954182165627,0.20531607992434575,0.8533404331920837,-0.012536644613402731
0.33800000000000013,0.261,0.4009999999999999,0.5384645655351394,-0.13912563405725825,0.19778129764692085,0.8488608160381292,-0.013719961432865926
0.33900000000000013,0.261,0.3999999999999998,0.5401896636419733,-0.140929836513293,0.19027794411009724,0.8444181532983439,-0.014708384303489613
0.34000000000000014,0.261,0.3989999999999999,0.5418974007634665,-0.1427420396034888,0.18280640658600916,0.84001265555052,-0.015503932177936566
0.34100000000000014,0.261,0.3979999999999998,0.5435878461804204,-0.1445621331309402,0.1753670675856546,0.8356445276833978,-0.01610864427386839
0.34200000000000014,0.261,0.3969999999999999,0.545261070097602,-0.1463900063095645,0.16796030481709173,0.8313139689099814,-0.016524579408756387
0.34300000000000014,0.261,0.3959999999999998,0.5469171436532563,-0.14822554778576255,0.16058649114251,0.827021172778821,-0.016753815333992964
0.34400000000000014,0.261,0.3949999999999999,0.5485561389243676,-0.1500686456599274,0.15324599453835433,0.8227663271893974,-0.016798448064374805
0.34500000000000014,0.261,0.3939999999999998,0.5501781289359883,-0.15191918750814606,0.1459391780551988,0.8185496144054497,-0.016660591209924497
0.34600000000000014,0.261,0.3929999999999999,0.5517831876648842,-0.1537770604037061,0.13866639978254408,0.8143712110728004,-0.016342375304022605
0.34700000000000014,0.261,0.3919999999999998,0.5533713900446643,-0.15564215093874453,0.13142801281488095,0.8102312882357564,-0.01584594713371361
0.34800000000000014,0.261,0.3909999999999999,0.5549428119699277,-0.1575143452457327,0.12422436521746043,0.8061300113571038,-0.015173469067207221
0.34900000000000014,0.261,0.3899999999999998,0.5564975302991795,-0.1593935290191479,0.11705579999655924,0.8020675403357521,-0.014327118385082167
0.35000000000000014,0.261,0.3889999999999999,0.5580356228562621,-0.161279587536844,0.10992265506959384,0.7980440295299255,-0.013309086608284865
0.35100000000000015,0.261,0.3879999999999998,0.5595571684324612,-0.16317240568158112,0.10282526323916982,0.7940596277781861,-0.012121578831115393
0.35200000000000015,0.261,0.3869999999999999,0.5610622467868474,-0.1650718679624268,0.09576395216741929,0.7901144784228944,-0.010766813053508212
0.35300000000000015,0.261,0.3859999999999998,0.5625509386455004,-0.16697785853611594,0.08873904435161863,0.7862087193345431,-0.009247019514750876
0.35400000000000015,0.261,0.3849999999999999,0.5640233257017112,-0.16889026122834824,0.08175085710274702,0.7823424829371703,-0.007564440030896118
0.35500000000000015,0.261,0.3839999999999998,0.5654794906133084,-0.1708089595550177,0.0747997025266069,0.7785158962348308,-0.0057213273342404045
0.35600000000000015,0.261,0.3829999999999999,0.5669195170013644,-0.17273383674336612,0.0678858875033733,0.7747290808391116,-0.003719944414310082
0.35700000000000015,0.261,0.3819999999999998,0.5683434894470146,-0.1746647757530415,0.06100971367257887,0.7709821529978849,-0.0015625638638302533
0.3310000000000001,0.262,0.4069999999999998,0.5241617358647572,-0.12613466905015666,0.24646464799419654,0.8736716997251596,-0.0021937323915456053
0.33200000000000013,0.262,0.4059999999999999,0.526001465380546,-0.1278691045207547,0.2387851612990566,0.8690080156656961,-0.004479485454098195
0.33300000000000013,0.262,0.4049999999999998,0.527823478620679,-0.12961220191761855,0.2311349277659399,0.8643799560427058,-0.006561365216529502
0.33400000000000013,0.262,0.4039999999999999,0.5296278394725189,-0.13136385646133988,0.22351435645867718,0.8597877607670098,-0.008441257726361284
0.33500000000000013,0.262,0.4029999999999998,0.5314146126348058,-0.1331239626497559,0.21592385199649564,0.8552316640561768,-0.01012107244226082
0.33600000000000013,0.262,0.4019999999999999,0.5331838636339542,-0.13489241427884752,0.20836381449995547,0.8507118944417527,-0.011602741596317509
0.33700000000000013,0.262,0.4009999999999998,0.5349356588395807,-0.1366691044639645,0.20083463953126945,0.8462286747728089,-0.012888219551521793
0.33800000000000013,0.262,0.3999999999999999,0.5366700654783468,-0.1384539256610173,0.19333671804820401,0.8417822222225515,-0.013979482159664297
0.33900000000000013,0.262,0.3989999999999998,0.5383871516497392,-0.1402467696874666,0.18587043635305223,0.8373727483007746,-0.014878526110886095
0.34000000000000014,0.262,0.3979999999999999,0.5400869863332975,-0.14204752774390916,0.1784361760434444,0.8330004588573902,-0.015587368282070538
0.34100000000000014,0.262,0.3969999999999998,0.5417696394023751,-0.1438560904351643,0.1710343139703566,0.8286655540970052,-0.01610804508367518
0.34200000000000014,0.262,0.3959999999999999,0.5434351816328057,-0.1456723477915303,0.16366522219351198,0.8243682285919272,-0.01644261180126949
0.34300000000000014,0.262,0.3949999999999998,0.5450836847123619,-0.14749618929032027,0.15632926793903917,0.8201086712918452,-0.016593141939169914
0.34400000000000014,0.262,0.3939999999999999,0.5467152212461298,-0.1493275038769718,0.1490268135628322,0.815887065542343,-0.016561726558481468
0.34500000000000014,0.262,0.3929999999999998,0.5483298647658338,-0.15116617998655632,0.1417582165116318,0.8117035890976608,-0.016350473618665
0.34600000000000014,0.262,0.3919999999999999,0.5499276897334685,-0.153012105564913,0.13452382928851192,0.8075584141409714,-0.015961507313625764
0.34700000000000014,0.262,0.3909999999999998,0.5515087715463249,-0.1548651680902318,0.1273239994181435,0.8034517072979742,-0.015396967412085794
0.34800000000000014,0.262,0.3899999999999999,0.5530731865413682,-0.15672525459408426,0.12015906941720511,0.7993836296606044,-0.01465900859520436
0.34900000000000014,0.262,0.3889999999999998,0.5546210119980162,-0.15859225168278654,0.11302937676298586,0.7953543368057655,-0.013749799795582482
0.35000000000000014,0.262,0.3879999999999999,0.5561523261397823,-0.16046604555869098,0.10593525386742358,0.7913639788158583,-0.012671523538834932
0.35100000000000015,0.262,0.3869999999999998,0.5576672081362644,-0.16234652204126063,0.09887702804963482,0.7874127003032386,-0.011426375283492302
0.35200000000000015,0.262,0.3859999999999999,0.5591657381035376,-0.16423356658818322,0.09185502151135926,0.7835006404342576,-0.010016562763645633
0.35300000000000015,0.262,0.3849999999999998,0.5606479971035734,-0.16612706431662452,0.0848695513157768,0.779627932951302,-0.008444305335961147
0.35400000000000015,0.262,0.3839999999999999,0.5621140671445057,-0.16802690002398848,0.07792092936710773,0.775794706202677,-0.006711833325864655
0.35500000000000015,0.262,0.3829999999999998,0.5635640311778056,-0.16993295820909413,0.07100946238920697,0.7720010831658645,-0.0048213873770686505
0.35600000000000015,0.262,0.3819999999999999,0.5649979730973017,-0.17184512309281172,0.06413545190987038,0.7682471814790276,-0.002775217804460897
0.35700000000000015,0.262,0.3809999999999998,0.566415977735965,-0.17376327863905616,0.057299194244955845,0.7645331134667259,-0.0005755839513579067
0.3300000000000001,0.263,0.4069999999999999,0.5205882346948135,-0.12382843470681248,0.24947269491549823,0.8710912702073923,-0.0007148753503732341
0.3310000000000001,0.263,0.4059999999999998,0.5224369717614404,-0.12554355327772698,0.2417996515780389,0.8664250053309884,-0.0030977825226489175
0.33200000000000013,0.263,0.4049999999999999,0.5242680327824595,-0.12726734652019947,0.23415569391846913,0.8617941740762378,-0.0052775992937306865
0.33300000000000013,0.263,0.4039999999999998,0.5260814815984388,-0.12899971107049105,0.22654122971206203,0.8571990171085625,-0.007256190391340955
0.33400000000000013,0.263,0.4029999999999999,0.5278773828220016,-0.13074054283739836,0.21895666234883263,0.8526397694349663,-0.009035443814856492
0.33500000000000013,0.263,0.4019999999999998,0.5296558018562197,-0.1324897370230879,0.21140239077769382,0.848116660406295,-0.01061727021230384
0.33600000000000013,0.263,0.4009999999999999,0.5314168049106436,-0.1342471881436458,0.20387880944999465,0.843629913727518,-0.012003602245846276
0.33700000000000013,0.263,0.3999999999999998,0.5331604590173192,-0.1360127900503385,0.19638630827150036,0.8391797474569885,-0.01319639396564902
0.33800000000000013,0.263,0.3989999999999999,0.5348868320440978,-0.13778643595033505,0.18892527254841537,0.8347663740182281,-0.014197620166953154
0.33900000000000013,0.263,0.3979999999999998,0.5365959927105265,-0.13956801842768876,0.18149608294069972,0.8303900002088761,-0.015009275751743323
0.34000000000000014,0.263,0.3969999999999999,0.5382880105951867,-0.1413574294643297,0.17409911541649434,0.8260508272113398,-0.015633375082295398
0.34100000000000014,0.263,0.3959999999999998,0.5399629561491968,-0.1431545604611226,0.16673474120733772,0.8217490506040389,-0.016071951336428608
0.34200000000000014,0.263,0.3949999999999999,0.5416209007049557,-0.1449593022589453,0.15940332676649613,0.8174848603738845,-0.01632705585908341
0.34300000000000014,0.263,0.3939999999999998,0.5432619164856561,-0.1467715451597201,0.15210523372901072,0.8132584409310534,-0.016400757512555125
0.34400000000000014,0.263,0.3929999999999999,0.5448860766106723,-0.1485911789474721,0.14484081887641095,0.8090699711245376,-0.016295142025739617
0.34500000000000014,0.263,0.3919999999999998,0.5464934551046428,-0.15041809290949923,0.13761043409484236,0.8049196242569301,-0.016012311341251445
0.34600000000000014,0.263,0.3909999999999999,0.5480841269013281,-0.15225217585722894,0.13041442634539194,0.8008075681055802,-0.015554382962913935
0.34700000000000014,0.263,0.3899999999999998,0.5496581678487579,-0.1540933161475537,0.12325313763214749,0.7967339649364532,-0.014923489306793804
0.34800000000000014,0.263,0.3889999999999999,0.5512156547133978,-0.15594140170352724,0.11612690496978083,0.792698971529533,-0.014121777045397833
0.34900000000000014,0.263,0.3879999999999998,0.552756665183081,-0.15779632003558186,0.10903606035526162,0.7887027391960285,-0.013151406458828216
0.35000000000000014,0.263,0.3869999999999999,0.5542812778686024,-0.159657958262426,0.10198093074152838,0.7847454138014474,-0.012014550784304322
0.35100000000000015,0.263,0.3859999999999998,0.5557895723059038,-0.16152620313179716,0.0949618380135652,0.7808271357912832,-0.010713395567555635
0.35200000000000015,0.263,0.3849999999999999,0.5572816289564645,-0.16340094104159367,0.08797909896392864,0.7769480402108256,-0.009250138017419626
0.35300000000000015,0.263,0.3839999999999998,0.5587575292067406,-0.16528205806038193,0.08103302527196506,0.7731082567351382,-0.007626986359283966
0.35400000000000015,0.263,0.3829999999999999,0.5602173553683721,-0.16716943994828276,0.07412392348251315,0.7693079096929106,-0.005846159193621574
0.35500000000000015,0.263,0.3819999999999998,0.5616611906757852,-0.16906297217759828,0.06725209499102326,0.7655471180943602,-0.003909884858077854
0.35600000000000015,0.263,0.3809999999999999,0.5630891192850302,-0.17096253995335137,0.06041783602472303,0.7618259956602443,-0.001820400789709846
0.3300000000000001,0.264,0.4059999999999999,0.5188827043226202,-0.12325133000348829,0.24480515363866848,0.8638745541066323,-0.001670866693302353
0.3310000000000001,0.264,0.4049999999999998,0.5207227606126252,-0.12495598438943421,0.2371674488472379,0.8592410235623447,-0.0039473537928542
0.33200000000000013,0.264,0.4039999999999999,0.5225452435197877,-0.12666922330794708,0.22955907077571042,0.8546429778870247,-0.00602337162196126
0.33300000000000013,0.264,0.4029999999999998,0.5243502176142694,-0.1283909440637409,0.22198042155525421,0.8500806528620931,-0.007900787101848383
0.33400000000000013,0.264,0.4019999999999999,0.5261377482178154,-0.13012104325000248,0.21443189893795944,0.8455542786494029,-0.009581489670592289
0.33500000000000013,0.264,0.4009999999999998,0.5279079014218387,-0.13185941676924956,0.20691389623770123,0.8410640797894875,-0.011067390667594587
0.33600000000000013,0.264,0.3999999999999999,0.5296607441036372,-0.13360595985377377,0.199426802279734,0.836610275210529,-0.012360422709869728
0.33700000000000013,0.264,0.3989999999999998,0.5313963439421515,-0.1353605670860956,0.19197100135004125,0.8321930782392607,-0.013462539063503115
0.33800000000000013,0.264,0.3979999999999999,0.533114769431209,-0.13712313241987664,0.18454687314231918,0.8278126966054072,-0.014375713013504557
0.33900000000000013,0.264,0.3969999999999998,0.5348160898956598,-0.13889354920055713,0.1771547927179287,0.8234693324533879,-0.015101937234837867
0.34000000000000014,0.264,0.3959999999999999,0.5365003754983058,-0.14067171018615035,0.1697951304543318,0.8191631823528966,-0.01564322315024967
0.34100000000000014,0.264,0.3949999999999998,0.5381676972536734,-0.14245750756793232,0.162468252007084,0.8148944373130741,-0.0160016002954885
0.34200000000000014,0.264,0.3939999999999999,0.5398181270366283,-0.14425083299141014,0.1551745182671925,0.8106632827931609,-0.016179115679552852
0.34300000000000014,0.264,0.3929999999999998,0.5414517375918946,-0.14605157757696574,0.1479142853226959,0.8064698987203669,-0.016177833142279746
0.34400000000000014,0.264,0.3919999999999999,0.5430686025392881,-0.14785963194076437,0.14068790442174287,0.802314459504192,-0.015999832711797946
0.34500000000000014,0.264,0.3909999999999998,0.5446687963831797,-0.1496748862155262,0.1334957219385338,0.7981971340542774,-0.015647209963368117
0.34600000000000014,0.264,0.3899999999999999,0.5462523945160425,-0.1514972300713838,0.1263380793389786,0.7941180857976848,-0.015122075375049476
0.34700000000000014,0.264,0.3889999999999998,0.5478194732237109,-0.15332655273654433,0.11921531315155676,0.7900774727003222,-0.014426553685333451
0.34800000000000014,0.264,0.3879999999999999,0.5493701096895487,-0.15516274301812452,0.11212775493553562,0.786075447286048,-0.013562783250374348
0.34900000000000014,0.264,0.3869999999999998,0.550904381997514,-0.1570056893228537,0.10507573125542749,0.7821121566585867,-0.01253291540371991
0.35000000000000014,0.264,0.3859999999999999,0.5524223691338007,-0.1588552796777069,0.09805956365573142,0.7781877425249687,-0.011339113815966972
0.35100000000000015,0.264,0.3849999999999998,0.5539241509889121,-0.16071140175055662,0.09107956863546596,0.7743023412189581,-0.009983553855896714
0.35200000000000015,0.264,0.3839999999999999,0.5554098083581757,-0.16257394287078442,0.0841360576259041,0.7704560837253032,-0.008468421954112612
0.35300000000000015,0.264,0.3829999999999998,0.5568794229413702,-0.16444279004972537,0.07722933697276517,0.7666490957067549,-0.0067959149698710725
0.35400000000000015,0.264,0.3819999999999999,0.5583330773429499,-0.16631783000113723,0.07035970791511165,0.7628814975305818,-0.004968239558564826
0.35500000000000015,0.264,0.3809999999999998,0.5597708550695409,-0.1681989491615429,0.06352746656855608,0.7591534042969417,-0.0029876115424878474
0.35600000000000015,0.264,0.3799999999999999,0.5611928405290727,-0.1700860337106109,0.05673290391080464,0.7554649258663974,-0.000856255286983118
0.3290000000000001,0.265,0.4059999999999998,0.5153385487599756,-0.12099198150175645,0.247801763899211,0.8613562193058963,-0.00019987740515850505
0.3300000000000001,0.265,0.4049999999999999,0.5171875501226569,-0.1226776607328609,0.24017028755882053,0.8567200611328557,-0.0025717901881277677
0.3310000000000001,0.265,0.4039999999999998,0.5190190155345875,-0.12437193680629821,0.2325679732590767,0.8521191990560416,-0.0047439848313605565
0.33200000000000013,0.265,0.4029999999999999,0.5208330095676351,-0.1260747084076394,0.2249952218450851,0.847553869618406,-0.0067183075566095846
0.33300000000000013,0.265,0.4019999999999998,0.5226295975056462,-0.1277858735066911,0.21745242984245966,0.8430243037715832,-0.008496626971048624
0.33400000000000013,0.265,0.4009999999999999,0.5244088453635325,-0.12950532937751924,0.20993998939953087,0.8385307268842169,-0.01008083345670166
0.33500000000000013,0.265,0.3999999999999998,0.5261708199056118,-0.13123297261910052,0.20245828823579043,0.834073358740694,-0.011472838565140475
0.33600000000000013,0.265,0.3989999999999999,0.527915588661497,-0.1329686991754014,0.19500770958749078,0.8296524135535189,-0.012674574396173713
0.33700000000000013,0.265,0.3979999999999998,0.5296432199418246,-0.13471240435584758,0.1875886321587854,0.8252680999703371,-0.013687992979866198
0.33800000000000013,0.265,0.3969999999999999,0.5313537828517118,-0.1364639828557951,0.18020143007467893,0.8209206210830589,-0.014515065653903841
0.33900000000000013,0.265,0.3959999999999998,0.5330473473064867,-0.13822332877700663,0.17284647283547386,0.8166101744388478,-0.015157782439437328
0.34000000000000014,0.265,0.3949999999999999,0.5347239840389505,-0.13999033564816596,0.16552412527282143,0.8123369520521266,-0.015618151410160597
0.34100000000000014,0.265,0.3939999999999998,0.5363837646128476,-0.14176489644544019,0.15823474750788463,0.8081011404173518,-0.01589819806401642
0.34200000000000014,0.265,0.3929999999999999,0.5380267614315606,-0.14354690361293418,0.15097869491157775,0.8039029205251195,-0.01599996468997196
0.34300000000000014,0.265,0.3919999999999998,0.5396530477476986,-0.14533624908336762,0.14375631806865197,0.7997424678755959,-0.015925509738067847
0.34400000000000014,0.265,0.3909999999999999,0.5412626976683508,-0.14713282429863367,0.13656796274209,0.7956199524952461,-0.015676907184742947
0.34500000000000014,0.265,0.3899999999999998,0.5428557861643539,-0.14893652023025045,0.1294139698367197,0.7915355389564185,-0.015256245897932175
0.34600000000000014,0.265,0.3889999999999999,0.5444323890740206,-0.15074722739987817,0.12229467536882814,0.7874893863965675,-0.014665629003023484
0.34700000000000014,0.265,0.3879999999999998,0.5459925831084534,-0.15256483590000663,0.11521041043861666,0.7834816485353601,-0.013907173252814306
0.34800000000000014,0.265,0.3869999999999999,0.5475364458556871,-0.15438923541428667,0.10816150119852926,0.7795124736984638,-0.012983008391496811
0.34900000000000014,0.265,0.3859999999999998,0.5490640557837513,-0.15622031523794783,0.10114826882813545,0.77558200484026,-0.011895276523648989
0.35000000000000014,0.265,0.3849999999999999,0.5505754922423685,-0.15805796429836866,0.09417102951010656,0.7716903795644081,-0.010646131485557882
0.35100000000000015,0.265,0.3839999999999998,0.5520708354651456,-0.15990207117520802,0.08723009440693835,0.7678377301518874,-0.009237738215153952
0.35200000000000015,0.265,0.3829999999999999,0.5535501665701922,-0.1617525241209653,0.08032576964035301,0.7640241835821243,-0.0076722721280061135
0.35300000000000015,0.265,0.3819999999999998,0.5550135675595887,-0.16360921108092263,0.07345835627093383,0.7602498615641478,-0.005951918490429538
0.35400000000000015,0.265,0.3809999999999999,0.5564611213198315,-0.16547201971356382,0.06662815028046012,0.7565148805599313,-0.00407887180065053
0.35500000000000015,0.265,0.3799999999999998,0.5578929116195376,-0.167340837410511,0.05983544255809109,0.7528193518152566,-0.0020553351706227435
0.3290000000000001,0.266,0.4049999999999998,0.5136622885980308,-0.12043192794052647,0.24316430579508166,0.8542308503254477,-0.001152039375804298
0.3300000000000001,0.266,0.4039999999999999,0.5155026872227856,-0.12210740239390164,0.23556803149415115,0.8496272434772124,-0.003419182558964798
0.3310000000000001,0.266,0.4029999999999998,0.5173256505273294,-0.12379138515697548,0.22800115615417735,0.8450589818878135,-0.005489179266229036
0.33200000000000013,0.266,0.4019999999999999,0.5191312438014745,-0.12548377556123622,0.22046407504553733,0.8405262972896237,-0.007363877642668673
0.33300000000000013,0.266,0.4009999999999998,0.5209195330270396,-0.12718447223812887,0.21295717912543416,0.8360294158597176,-0.00904514748673206
0.33400000000000013,0.266,0.3999999999999999,0.5226905848965311,-0.1288933731389922,0.20548085497477295,0.8315685582265039,-0.01053487964429882
0.33500000000000013,0.266,0.3989999999999998,0.5244444668318138,-0.13061037555522273,0.1980354847556801,0.8271439394744472,-0.011834985410671475
0.33600000000000013,0.266,0.3979999999999999,0.526181246999751,-0.13233537613825555,0.19062144615445506,0.822755769154702,-0.012947395916034596
0.33700000000000013,0.266,0.3969999999999998,0.5279009943279719,-0.13406827091986884,0.18323911233563592,0.818404251291688,-0.013874061516394379
0.33800000000000013,0.266,0.3959999999999999,0.5296037785181215,-0.13580895533228568,0.17588885189298817,0.8140895843955539,-0.014616951174995188
0.33900000000000013,0.266,0.3949999999999998,0.531289670061794,-0.1375573242285353,0.16857102880969832,0.8098119614716064,-0.015178051849881274
0.34000000000000014,0.266,0.3939999999999999,0.5329587402475019,-0.13931327190267018,0.16128600241043797,0.8055715700341299,-0.015559367867327215
0.34100000000000014,0.266,0.3929999999999998,0.5346110611743955,-0.14107669210997528,0.1540341273257312,0.8013685921218057,-0.015762920303485153
0.34200000000000014,0.266,0.3919999999999999,0.5362467057608908,-0.1428474780874583,0.1468157534521792,0.797203204309422,-0.01579074636190582
0.34300000000000014,0.266,0.3909999999999998,0.5378657477540381,-0.1446255225740044,0.1396312259138889,0.7930755777268911,-0.015644898747007654
0.34400000000000014,0.266,0.3899999999999999,0.5394682617350093,-0.14641071783070067,0.1324808850319986,0.7889858780762283,-0.015327445040921976
0.34500000000000014,0.266,0.3889999999999998,0.5410543231283264,-0.14820295566117653,0.12536506628858615,0.7849342656492184,-0.014840467078517543
0.34600000000000014,0.266,0.3879999999999999,0.5426240082056744,-0.15000212743186672,0.11828410029836835,0.7809208953472577,-0.014186060323109692
0.34700000000000014,0.266,0.3869999999999998,0.5441773940909704,-0.15180812409224853,0.11123831277765164,0.7769459167022851,-0.013366333241194295
0.34800000000000014,0.266,0.3859999999999999,0.5457145587648355,-0.15362083619503403,0.10422802451884,0.7730094738990042,-0.012383406680313909
0.34900000000000014,0.266,0.3849999999999998,0.5472355810676438,-0.1554401539163609,0.0972535513653753,0.7691117057975186,-0.011239413247439607
0.35000000000000014,0.266,0.3839999999999999,0.548740540701171,-0.15726596707600515,0.0903152041871236,0.7652527459559463,-0.009936496688333497
0.35100000000000015,0.266,0.3829999999999998,0.5502295182308866,-0.15909816515733502,0.08341328885894296,0.7614327226574622,-0.008476811268732523
0.35200000000000015,0.266,0.3819999999999999,0.551702595086581,-0.1609366373274527,0.07654810624028545,0.7576517589343071,-0.0068625211588070195
0.35300000000000015,0.266,0.3809999999999998,0.5531598535620343,-0.16278127245705085,0.06971995215792479,0.7539099725963946,-0.005095799819337013
0.35400000000000015,0.266,0.3799999999999999,0.5546013768154605,-0.1646319591404023,0.06292911738812342,0.7502074762575954,-0.0031788293913660795
0.35500000000000015,0.266,0.3789999999999998,0.5560272488672169,-0.16648858571508085,0.05617588764256228,0.7465443773660561,-0.0011138000881547316
0.3290000000000001,0.267,0.4039999999999998,0.5119961474250483,-0.11987517796923974,0.23855934054871478,0.8471666807965006,-0.0020500871775027962
0.3300000000000001,0.267,0.4029999999999999,0.5138280316076276,-0.12154053068208731,0.23099831814215363,0.8425955586493625,-0.004214545857530033
0.3310000000000001,0.267,0.4019999999999998,0.5156425804640884,-0.12321430427685018,0.22346692681597433,0.8380598275126225,-0.0061844064717087865
0.33200000000000013,0.267,0.4009999999999999,0.5174398599865208,-0.12489639872787762,0.2159655563020486,0.8335597143597614,-0.007961518596595399
0.33300000000000013,0.267,0.3999999999999998,0.519219936838916,-0.12658671332482707,0.20849459201932333,0.8290954406471711,-0.0095477527384875
0.33400000000000013,0.267,0.3989999999999999,0.520982878376535,-0.12828514669243027,0.20105441502687604,0.8246672223205899,-0.010944999742803191
0.33500000000000013,0.267,0.3979999999999998,0.5227287526635752,-0.12999159681059674,0.19364540196402996,0.8202752698175007,-0.012155170194905252
0.33600000000000013,0.267,0.3969999999999999,0.5244576284894141,-0.13170596103398607,0.18626792500741468,0.8159197880821508,-0.013180193817170088
0.33700000000000013,0.267,0.3959999999999998,0.526169575383985,-0.13342813611212243,0.17892235181950047,0.8116009765720918,-0.014022018864087465
0.33800000000000013,0.267,0.3949999999999999,0.5278646636312496,-0.13515801820941112,0.1716090455056746,0.8073190292686593,-0.014682611515615465
0.33900000000000013,0.267,0.3939999999999998,0.5295429642848697,-0.13689550292495675,0.16432836457142677,0.8030741346928738,-0.015163955266591866
0.34000000000000014,0.267,0.3929999999999999,0.5312045491753701,-0.13864048531281103,0.15708066287928335,0.7988664759149113,-0.015468050313444073
0.34100000000000014,0.267,0.3919999999999998,0.5328494909236988,-0.14039285990195666,0.1498662896118223,0.7946962305700154,-0.015596912942588637
0.34200000000000014,0.267,0.3909999999999999,0.5344778629497869,-0.14215252071620973,0.14268558923190391,0.7905635708770479,-0.015552574912164857
0.34300000000000014,0.267,0.3899999999999998,0.5360897394821265,-0.14391936129457203,0.13553890144905356,0.7864686636501266,-0.015337082840937766
0.34400000000000014,0.267,0.3889999999999999,0.5376851955631837,-0.14569327471096263,0.12842656118843104,0.7824116703223873,-0.014952497589574218
0.34500000000000014,0.267,0.3879999999999998,0.5392643070585201,-0.14747415359451813,0.1213488985538773,0.7783927469604734,-0.014400893645498306
0.34600000000000014,0.267,0.3869999999999999,0.5408271506607649,-0.14926189014944205,0.11430623880300952,0.7744120442877397,-0.013684358507717674
0.34700000000000014,0.267,0.3859999999999998,0.5423738038947336,-0.15105637617514353,0.10729890231756528,0.77046970770301,-0.01280499207253396
0.34800000000000014,0.267,0.3849999999999999,0.5439043451218287,-0.15285750308598248,0.10032720457716042,0.7665658773065406,-0.01176490601820171
0.34900000000000014,0.267,0.3839999999999998,0.5454188535431403,-0.15466516193137214,0.09339145613544086,0.7627006879202359,-0.010566223194502802
0.35000000000000014,0.267,0.3829999999999999,0.5469174092012127,-0.15647924341563924,0.08649196259763339,0.7588742691122737,-0.0092110770118886
0.35100000000000015,0.267,0.3819999999999998,0.5484000929823922,-0.158299637917712,0.07962902460011059,0.7550867452246405,-0.007701610832644298
0.35200000000000015,0.267,0.3809999999999999,0.5498669866174772,-0.1601262355109521,0.07280293779032901,0.7513382353982639,-0.006039977364724017
0.35300000000000015,0.267,0.3799999999999998,0.5513181726814752,-0.1619589259828864,0.06601399281084748,0.7476288535997433,-0.004228338059353298
0.35400000000000015,0.267,0.3789999999999999,0.5527537345940691,-0.16379759885480785,0.05926247528164339,0.7439587086499821,-0.002268862509579965
0.35500000000000015,0.267,0.3779999999999998,0.5541737566174076,-0.16564214340122985,0.05254866578698267,0.7403279042548221,-0.00016372785271043938
0.3280000000000001,0.268,0.4039999999999999,0.5084992842200889,-0.1176748283761386,0.2415419962452368,0.8447370873244747,-0.0006377915786889149
0.3290000000000001,0.268,0.4029999999999998,0.5103400431710065,-0.11932170831133475,0.2339868022102895,0.84016317554789,-0.002895521197253309
0.3300000000000001,0.268,0.4019999999999999,0.5121635001088871,-0.12097702148687253,0.22646107814696265,0.8356244694210375,-0.004959348199345764
0.3310000000000001,0.268,0.4009999999999998,0.5139697210811563,-0.12264066920559039,0.21896521253248769,0.831121196702348,-0.006831102302215175
0.33200000000000013,0.268,0.3999999999999999,0.5157587727668154,-0.12431255208135886,0.2114995895972905,0.826653579662893,-0.008512634033047403
0.33300000000000013,0.268,0.3989999999999998,0.517530722497138,-0.12599257005855666,0.20406458926504628,0.8222218350926176,-0.010005814143116534
0.33400000000000013,0.268,0.3979999999999999,0.5192856382747589,-0.12768062243179332,0.19666058710275186,0.8178261743042508,-0.011312533023548746
0.33500000000000013,0.268,0.3969999999999998,0.5210235887916344,-0.12937660786528757,0.18928795426901882,0.8134668031464011,-0.012434700110193292
0.33600000000000013,0.268,0.3959999999999999,0.522744643445077,-0.13108042441271883,0.18194705746911877,0.8091439220094805,-0.013374243292578927
0.33700000000000013,0.268,0.3949999999999998,0.5244488723531182,-0.13279196953683362,0.17463825890523282,0.8048577258384862,-0.014133108313058765
0.33800000000000013,0.268,0.3939999999999999,0.5261363463679123,-0.1345111401293039,0.16736191623404198,0.8006084041427719,-0.014713258168298299
0.33900000000000013,0.268,0.3929999999999998,0.5278071370914121,-0.13623783253034732,0.16011838252575786,0.796396141012028,-0.01511667250722852
0.34000000000000014,0.268,0.3919999999999999,0.5294613168825167,-0.13797194254866693,0.15290800622205208,0.792221115127747,-0.015345347024926612
0.34100000000000014,0.268,0.3909999999999998,0.5310989588705496,-0.13971336548119315,0.14573113109905494,0.7880834997798265,-0.015401292858567922
0.34200000000000014,0.268,0.3899999999999999,0.5327201369640655,-0.14146199613293092,0.13858809623319002,0.7839834628824011,-0.015286535982095423
0.34300000000000014,0.268,0.3889999999999998,0.5343249258600725,-0.14321772883668918,0.1314792359622097,0.7799211669928964,-0.015003116596191121
0.34400000000000014,0.268,0.3879999999999999,0.5359134010496432,-0.1449804574730007,0.1244048798585821,0.7758967693286023,-0.0145530885245692
0.34500000000000014,0.268,0.3869999999999998,0.5374856388271531,-0.14675007548982652,0.11736535269543018,0.7719104217879003,-0.013938518605584545
0.34600000000000014,0.268,0.3859999999999999,0.5390417162940933,-0.14852647592231852,0.11036097441939453,0.7679622709710899,-0.013161486085839419
0.34700000000000014,0.268,0.3849999999999998,0.5405817113642767,-0.15030955141261568,0.10339206012302725,0.7640524582012038,-0.012224082015019684
0.34800000000000014,0.268,0.3839999999999999,0.5421057027683129,-0.1520991942295191,0.09645892002023747,0.7601811195473357,-0.0111284086419665
0.34900000000000014,0.268,0.3829999999999998,0.5436137700567645,-0.1538952962880861,0.08956185942361825,0.7563483858496125,-0.009876578811907913
0.35000000000000014,0.268,0.3819999999999999,0.5451059936019857,-0.15569774916928658,0.08270117872331417,0.7525543827432729,-0.008470715366152737
0.35100000000000015,0.268,0.3809999999999998,0.5465824546003114,-0.15750644413964693,0.07587717336401459,0.7487992306830862,-0.006912950542422809
0.35200000000000015,0.268,0.3799999999999999,0.5480432350730727,-0.15932127217054926,0.06909013383087605,0.7450830449733847,-0.005205425379923613
0.35300000000000015,0.268,0.3789999999999998,0.5494884178662048,-0.1611421239578101,0.06234034563085017,0.741405935793342,-0.0033502891255637116
0.35400000000000015,0.268,0.3779999999999999,0.5509180866509844,-0.162968889940927,0.05562808927914804,0.737768008227402,-0.001349698644316756
0.3280000000000001,0.269,0.4029999999999999,0.5068615748055242,-0.11713448821076079,0.23696670351872984,0.8377614147790872,-0.001533190064100437
0.3290000000000001,0.269,0.4019999999999998,0.5086938945872629,-0.11877149587426494,0.22944662277570102,0.8332198045529746,-0.003689808202399558
0.3300000000000001,0.269,0.4009999999999999,0.5105090103951189,-0.12041685089136824,0.22195624015160936,0.8287134437687568,-0.005655024480342288
0.3310000000000001,0.269,0.3999999999999998,0.5123069889676259,-0.12207045518620523,0.2144959386525872,0.8242425554973799,-0.007430669801416129
0.33200000000000013,0.269,0.3989999999999999,0.5140878976554041,-0.1237322100089445,0.20706609704085893,0.8198073573607496,-0.009018595176639763
0.33300000000000013,0.269,0.3979999999999998,0.5158518044419613,-0.125402015955309,0.1996670897796105,0.8154080615335922,-0.010420671150424055
0.33400000000000013,0.269,0.3969999999999999,0.5175987779627418,-0.127079772985844,0.19229928698460091,0.8110448747529808,-0.011638787219944657
0.33500000000000013,0.269,0.3959999999999998,0.519328887523009,-0.1287653804451906,0.18496305437314842,0.8067179983299106,-0.012674851248270114
0.33600000000000013,0.269,0.3949999999999999,0.5210422031136656,-0.13045873708167002,0.17765875321701166,0.8024276281568472,-0.01353078887804969
0.33700000000000013,0.269,0.3939999999999998,0.5227387954268077,-0.13215974106677347,0.17038674029836448,0.7981739547191627,-0.014208542941768695
0.33800000000000013,0.269,0.3929999999999999,0.5244187358690373,-0.1338682900145374,0.16314736786719541,0.7939571631104527,-0.014710072867240742
0.33900000000000013,0.269,0.3919999999999998,0.5260820965769725,-0.1355842810012733,0.1559409835989968,0.7897774330427387,-0.015037354085811652
0.34000000000000014,0.269,0.3909999999999999,0.5277289504246062,-0.1373076105849947,0.14876793055783358,0.7856349388638633,-0.01519237743345199
0.34100000000000014,0.269,0.3899999999999998,0.529359371036637,-0.13903817482503045,0.14162854715796394,0.7815298495726674,-0.015177148554765693
0.34200000000000014,0.269,0.3889999999999999,0.5309734327972014,-0.1407758693016195,0.13452316712946882,0.7774623288356878,-0.014993687305160347
0.34300000000000014,0.269,0.3879999999999998,0.5325712108593497,-0.14252058913546817,0.12745211948484877,0.7734325350055747,-0.014644027152706005
0.34400000000000014,0.269,0.3869999999999999,0.5341527811504638,-0.14427222900723438,0.12041572848967683,0.7694406211416386,-0.014130214579229791
0.34500000000000014,0.269,0.3859999999999998,0.5357182203815741,-0.14603068317718354,0.1134143136307673,0.7654867350280969,-0.013454308483419872
0.34600000000000014,0.269,0.3849999999999999,0.5372676060511284,-0.14779584550458227,0.10644818958877918,0.7615710191975655,-0.012618379581681514
0.34700000000000014,0.269,0.3839999999999998,0.5388010164504755,-0.14956760946732514,0.0995176662158825,0.7576936109509615,-0.011624509815552714
0.34800000000000014,0.269,0.3829999999999999,0.5403185306681075,-0.15134586818120788,0.09262304850748067,0.7538546423838712,-0.010474791753132054
0.34900000000000014,0.269,0.3819999999999998,0.5418202285929535,-0.15313051441947398,0.08576463658217189,0.7500542404084571,-0.009171327998529578
0.35000000000000014,0.269,0.3809999999999999,0.5433061909162362,-0.15492144063206456,0.0789427256609542,0.746292526780549,-0.007716230599647898
0.35100000000000015,0.269,0.3799999999999998,0.5447764991339207,-0.15671853896497354,0.07215760604857317,0.74256961812495,-0.006111620460370601
0.35200000000000015,0.269,0.3789999999999999,0.5462312355475686,-0.15852170127939347,0.06540956311658043,0.7388856259641241,-0.004359626753954182
0.35300000000000015,0.269,0.3779999999999998,0.5476704832640313,-0.16033081917105155,0.05869887728584943,0.735240656743589,-0.0024623863394937426
0.35400000000000015,0.269,0.3769999999999999,0.5490943261963336,-0.1621457839890433,0.052025824015155354,0.7316348118651588,-0.0004220431822428705
0.3270000000000001,0.27,0.4029999999999998,0.5033925153016887,-0.11497844726471682,0.23993811800792805,0.8353898649798774,-0.00012860879933830616
0.3280000000000001,0.27,0.4019999999999999,0.5052336549644534,-0.11659730285241096,0.23242365520778294,0.830845420888299,-0.002376863157259587
0.3290000000000001,0.27,0.4009999999999998,0.5070576212369363,-0.11822451774746483,0.22493873224309704,0.8263360428836961,-0.004434382039418927
0.3300000000000001,0.27,0.3999999999999999,0.5088644809624544,-0.11985999517030003,0.21748373086589604,0.8218619548241493,-0.006302977081018166
0.3310000000000001,0.27,0.3989999999999998,0.5106543015555287,-0.12150363766318753,0.21005902864629028,0.8174233751493558,-0.00798447990446502
0.33200000000000013,0.27,0.3979999999999999,0.5124271510235382,-0.12315534710957571,0.20266499891524017,0.8130205168802587,-0.009480741556400551
0.33300000000000013,0.27,0.3969999999999998,0.5141830979877154,-0.1248150247529334,0.19530201071587527,0.8086535876312688,-0.010793631936284465
0.33400000000000013,0.27,0.3959999999999999,0.5159222117017777,-0.1264825712159095,0.1879704287490439,0.804322789618304,-0.011925039220357606
0.33500000000000013,0.27,0.3949999999999998,0.5176445620699777,-0.12815788651954632,0.18067061332788625,0.8000283196680084,-0.012876869285984957
0.33600000000000013,0.27,0.3939999999999999,0.5193502196629542,-0.1298408701025599,0.17340292033321772,0.7957703692277253,-0.013651045132149084
0.33700000000000013,0.27,0.3929999999999998,0.5210392557330641,-0.13153142084050642,0.16616770116697455,0.7915491243795376,-0.014249506294038997
0.33800000000000013,0.27,0.3919999999999999,0.5227117422277181,-0.13322943706511495,0.15896530271178025,0.7873647658527495,-0.014674208258832866
0.33900000000000013,0.27,0.3909999999999998,0.5243677518050238,-0.13493481658361015,0.15179606729275658,0.7832174690381276,-0.01492712188138802
0.34000000000000014,0.27,0.3899999999999999,0.5260073578408905,-0.13664745669807285,0.14466033263689201,0.7791074040028352,-0.015010232792535522
0.34100000000000014,0.27,0.3889999999999998,0.5276306344425937,-0.13836725422462628,0.13755843184041072,0.7750347355097985,-0.014925540811940474
0.34200000000000014,0.27,0.3879999999999999,0.5292376564573169,-0.14009410551293652,0.13049069333185034,0.7709996230323393,-0.014675059358131716
0.34300000000000014,0.27,0.3869999999999998,0.5308284994817587,-0.14182790646548363,0.12345744084204563,0.7670022207740338,-0.014260814859813266
0.34400000000000014,0.27,0.3859999999999999,0.5324032398674831,-0.14356855255682685,0.11645899337419188,0.7630426776894218,-0.013684846165011325
0.34500000000000014,0.27,0.3849999999999998,0.533961954730304,-0.1453159388529418,0.1094956651740494,0.7591211375040944,-0.012949203953016242
0.34600000000000014,0.27,0.3839999999999999,0.5355047219542034,-0.1470699600304735,0.10256776570552152,0.7552377387368412,-0.012055950146505102
0.34700000000000014,0.27,0.3829999999999998,0.5370316201965211,-0.1488305103959434,0.09567559962362283,0.7513926147230188,-0.011007157323297684
0.34800000000000014,0.27,0.3819999999999999,0.5385427288925456,-0.15059748390504973,0.08881946675258567,0.7475858936366166,-0.009804908132693663
0.34900000000000014,0.27,0.3809999999999998,0.5400381282588131,-0.15237077418160588,0.08199966206596447,0.743817698518716,-0.00845129471117357
0.35000000000000014,0.27,0.3799999999999999,0.541517899294904,-0.1541502745368282,0.07521647566485766,0.7400881473000288,-0.006948418100905095
0.35100000000000015,0.27,0.3789999999999998,0.5429821237859892,-0.15593587798832392,0.06847019276085262,0.7363973528285513,-0.005298387671186559
0.35200000000000015,0.27,0.3779999999999999,0.5444308843037137,-0.15772747727895986,0.06176109365945209,0.7327454228989654,-0.003503320541237219
0.35300000000000015,0.27,0.3769999999999998,0.5458642642061973,-0.15952496489588364,0.055089453747262596,0.7291324602793053,-0.0015653410087706973
0.3270000000000001,0.271,0.4019999999999998,0.5017826714961021,-0.11445402444709905,0.23539227072963748,0.8285009127329748,-0.0010215616780770431
0.3280000000000001,0.271,0.4009999999999999,0.5036154461171672,-0.11606325035993045,0.2279127826575734,0.82398858770365,-0.0031702435652648797
0.3290000000000001,0.271,0.3999999999999998,0.5054311434854771,-0.11768075119955539,0.2204630586694095,0.8195113706519422,-0.005130644326932707
0.3300000000000001,0.271,0.3989999999999999,0.5072298311244627,-0.11930643078685102,0.2130434751128224,0.815069480818679,-0.006904576548694849
0.3310000000000001,0.271,0.3979999999999998,0.5090115771097373,-0.12094019227943048,0.2056544041563993,0.8106631320601869,-0.008493872123122442
0.33200000000000013,0.271,0.3969999999999999,0.510776450090935,-0.12258193819047968,0.19829621373886974,0.8062925328545348,-0.009900381691834312
0.33300000000000013,0.271,0.3959999999999998,0.5125245193123942,-0.12423157040770201,0.19096926751655097,0.8019578863081344,-0.011125974082267898
0.33400000000000013,0.271,0.3949999999999999,0.5142558546320629,-0.1258889902121253,0.183673924816653,0.7976593901674386,-0.012172535739914128
0.33500000000000013,0.271,0.3939999999999998,0.5159705265392881,-0.1275540982971602,0.1764105405886295,0.7933972368276756,-0.013041970158151978
0.33600000000000013,0.271,0.3929999999999999,0.517668606170556,-0.1292267947875116,0.16917946535939046,0.7891716133464555,-0.013736197303478984
0.33700000000000013,0.271,0.3919999999999998,0.5193501653250008,-0.13090697925832406,0.1619810451919106,0.7849827014545873,-0.014257153042080292
0.33800000000000013,0.271,0.3909999999999999,0.5210152764776412,-0.13259455075418267,0.1548156216444043,0.7808306775713237,-0.014606788561206105
0.33900000000000013,0.271,0.3899999999999998,0.5226640127949038,-0.13428940780815143,0.14768353173142748,0.776715712820309,-0.01478706979112046
0.34000000000000014,0.271,0.3889999999999999,0.5242964481419055,-0.13599144846100955,0.14058510788766376,0.7726379730431028,-0.014799976824510772
0.34100000000000014,0.271,0.3879999999999998,0.5259126570958057,-0.13770057028019664,0.13352067793256936,0.7685976188193726,-0.014647503335283932
0.34200000000000014,0.271,0.3869999999999999,0.5275127149545507,-0.13941667037902988,0.12649056503815648,0.7645948054829821,-0.014331655998596253
0.34300000000000014,0.271,0.3859999999999998,0.52909669774631,-0.14113964543564375,0.11949508769673708,0.7606296831440911,-0.013854453908065396
0.34400000000000014,0.271,0.3849999999999999,0.5306646822350859,-0.1428693917122536,0.1125345596962842,0.7567023967060905,-0.013217927998382242
0.34500000000000014,0.271,0.3839999999999998,0.5322167459298168,-0.14460580507404402,0.10560929008626109,0.7528130858899679,-0.012424120461073627
0.34600000000000014,0.271,0.3829999999999999,0.5337529670885388,-0.1463487810082432,0.098719583157968,0.7489618852557492,-0.01147508416854097
0.34700000000000014,0.271,0.3819999999999998,0.5352734247235966,-0.14809821464311934,0.09186573841816863,0.7451489242257517,-0.01037288209513125
0.34800000000000014,0.271,0.3809999999999999,0.5367781986062495,-0.1498540007669462,0.08504805056767557,0.7413743271086051,-0.009119586741830554
0.34900000000000014,0.271,0.3799999999999998,0.5382673692698962,-0.15161603384676392,0.07826680948031348,0.7376382131269155,-0.007717279560721754
0.35000000000000014,0.271,0.3789999999999999,0.5397410180121468,-0.15338420804742534,0.07152230018580268,0.733940696440076,-0.006168050385407159
0.35100000000000015,0.271,0.3779999999999998,0.5411992268972872,-0.15515841725018734,0.06481480285119957,0.7302818861747185,-0.004473996859675054
0.35200000000000015,0.271,0.3769999999999999,0.5426420787573335,-0.15693855507156085,0.05814459276691394,0.7266618864505932,-0.0026372238727909447
0.35300000000000015,0.271,0.3759999999999998,0.5440696571919538,-0.15872451488186765,0.0515119403322993,0.723080796411052,-0.000659842994952288
0.3270000000000001,0.272,0.4009999999999998,0.5001823767255174,-0.11393263582593101,0.23087848603389832,0.821670678109999,-0.0018636499502904108
0.3280000000000001,0.272,0.3999999999999999,0.5020068704618957,-0.11553230896225421,0.22343401526835407,0.8171904022141879,-0.0039147320507938455
0.3290000000000001,0.272,0.3989999999999998,0.503814382491534,-0.11714017367847818,0.21601952822942566,0.8127452729603463,-0.005779965133098072
0.3300000000000001,0.272,0.3979999999999999,0.5056049810029768,-0.11875613439310773,0.20863539589098992,0.8083355050247722,-0.007461162279847652
0.3310000000000001,0.272,0.3969999999999998,0.5073787347184484,-0.12038009487597799,0.2012819850580982,0.8039613077340381,-0.008960155215928606
0.33200000000000013,0.272,0.3959999999999999,0.5091357129154328,-0.12201195826682855,0.19395965831331716,0.7996228850732628,-0.010278793754038326
0.33300000000000013,0.272,0.3949999999999998,0.5108759854473908,-0.12365162709397724,0.18666877396719958,0.7953204356947186,-0.01141894523822383
0.33400000000000013,0.272,0.3939999999999999,0.5125996227624641,-0.12529900329306795,0.17940968600972498,0.7910541529271966,-0.012382493983301324
0.33500000000000013,0.272,0.3929999999999998,0.5143066959212619,-0.12695398822575035,0.1721827440636583,0.786824224788763,-0.013171340710090934
0.33600000000000013,0.272,0.3919999999999999,0.5159972766128069,-0.12861648269845508,0.16498829334556653,0.7826308339994277,-0.013787401981466357
0.33700000000000013,0.272,0.3909999999999998,0.51767143716971,-0.13028638698132755,0.157826674619529,0.7784741579924597,-0.014232609633274981
0.33800000000000013,0.272,0.3899999999999999,0.5193292505814967,-0.13196360082695266,0.15069822415960146,0.7743543689313268,-0.014508910203968273
0.33900000000000013,0.272,0.3889999999999998,0.5209707905101888,-0.13364802348927432,0.14360327371349788,0.7702716337242369,-0.014618264366357624
0.34000000000000014,0.272,0.3879999999999999,0.5225961312974178,-0.13533955374242743,0.13654215046414772,0.7662261140415995,-0.014562646351466264
0.34100000000000014,0.272,0.3869999999999998,0.5242053479779621,-0.13703808989960395,0.12951517699904147,0.7622179663339368,-0.014344043379164208
0.34200000000000014,0.272,0.3859999999999999,0.5257985162883965,-0.13874352983192395,0.12252267127707822,0.7582473418506388,-0.013964455084407495
0.34300000000000014,0.272,0.3849999999999998,0.5273757126765837,-0.14045577098733172,0.1155649465981638,0.7543143866591211,-0.013425892945267262
0.34400000000000014,0.272,0.3839999999999999,0.5289370143071569,-0.14217471040933585,0.10864231157681077,0.7504192416674798,-0.012730379710045883
0.34500000000000014,0.272,0.3829999999999998,0.5304824990709129,-0.1439002447558487,0.10175507011388098,0.7465620426458797,-0.011879948826578127
0.34600000000000014,0.272,0.3819999999999999,0.5320122455888242,-0.14563227031800824,0.09490352137447486,0.742742920248715,-0.010876643873140836
0.34700000000000014,0.272,0.3809999999999998,0.5335263332173314,-0.14737068303889447,0.08808795976334939,0.7389620000389826,-0.009722517988853353
0.34800000000000014,0.272,0.3799999999999999,0.5350248420529015,-0.14911537853215173,0.08130867490284653,0.735219402514423,-0.008419633305960711
0.34900000000000014,0.272,0.3789999999999998,0.5365078529355841,-0.1508662521007409,0.0745659516176337,0.731515243131514,-0.00697006038848267
0.35000000000000014,0.272,0.3779999999999999,0.5379754474507966,-0.1526231987554888,0.0678600699125341,0.7278496323329479,-0.00537587766662688
0.35100000000000015,0.272,0.3769999999999998,0.5394277079320995,-0.15438611323357973,0.06119130495914341,0.724222675575919,-0.003639170878850989
0.35200000000000015,0.272,0.3759999999999999,0.5408647174621575,-0.15615489001705976,0.05455992708000011,0.7206344733599476,-0.001762032514513831
0.3260000000000001,0.273,0.4009999999999999,0.4967583039068707,-0.11183226764177556,0.23383593782005338,0.8193819200943939,-0.0005156150083168998
0.3270000000000001,0.273,0.3999999999999998,0.4985915549850538,-0.1134142605564082,0.2263966946599357,0.814898654865906,-0.0026562734340507543
0.3280000000000001,0.273,0.3989999999999999,0.5004078509662677,-0.11500445705704558,0.21898728055902617,0.8104503562899374,-0.0046116981049811046
0.3290000000000001,0.273,0.3979999999999998,0.5022072601976559,-0.11660276280966785,0.21160806526774756,0.8060372398518124,-0.006383683635466389
0.3300000000000001,0.273,0.3969999999999999,0.5039898515185129,-0.11820908282767349,0.20425941442498083,0.8016595157130871,-0.007974043170668008
0.3310000000000001,0.273,0.3959999999999998,0.505755694283392,-0.11982332149000587,0.1969416895092715,0.7973173887232823,-0.009384607842757436
0.33200000000000013,0.273,0.3949999999999999,0.5075048583834783,-0.12144538255960008,0.18965524778331116,0.7930110584272874,-0.010617226222464332
0.33300000000000013,0.273,0.3939999999999998,0.5092374142673883,-0.12307516920188051,0.18240044224843216,0.7887407190741159,-0.011673763771012022
0.33400000000000013,0.273,0.3929999999999999,0.5109534329597957,-0.12471258400317659,0.17517762159651706,0.78450655962945,-0.0125561022845853
0.33500000000000013,0.273,0.3919999999999998,0.5126529860793044,-0.12635752898934097,0.16798713016698275,0.7803087637860454,-0.013266139339842525
0.33600000000000013,0.273,0.3909999999999999,0.5143361458540193,-0.12800990564424908,0.1608293079020682,0.7761475099783142,-0.013805787732870431
0.33700000000000013,0.273,0.3899999999999998,0.5160029851370737,-0.12966961492844953,0.15370449030916034,0.7720229713955491,-0.014176974920859745
0.33800000000000013,0.273,0.3889999999999999,0.5176535774197126,-0.13133655729771765,0.14661300841984393,0.7679353159984903,-0.014381642457678756
0.33900000000000013,0.273,0.3879999999999998,0.519287996846931,-0.13301063272180472,0.13955518875615427,0.7638847065334821,-0.014421745434780954
0.34000000000000014,0.273,0.3869999999999999,0.5209063182246326,-0.13469174070294618,0.13253135329385382,0.7598713005523858,-0.014299251912561844
0.34100000000000014,0.273,0.3859999999999998,0.5225086170330461,-0.1363797802945285,0.12554181943067716,0.7558952504304788,-0.01401614235833682
0.34200000000000014,0.273,0.3849999999999999,0.5240949694355018,-0.13807465011980635,0.11858689995635029,0.7519567033843454,-0.013574409082888601
0.34300000000000014,0.273,0.3839999999999998,0.5256654522878841,-0.13977624839040778,0.11166690302221641,0.7480558014944664,-0.012976055675057975
0.34400000000000014,0.273,0.3829999999999999,0.5272201431441687,-0.14148447292499455,0.10478213211631998,0.7441926817255367,-0.012223096439295485
0.34500000000000014,0.273,0.3819999999999998,0.5287591202658114,-0.14319922116777314,0.097932886035646,0.7403674759500058,-0.011317555832698618
0.34600000000000014,0.273,0.3809999999999999,0.5302824626257339,-0.1449203902071097,0.0911194588638414,0.7365803109701342,-0.010261467904505099
0.34700000000000014,0.273,0.3799999999999998,0.5317902499138139,-0.14664787679395713,0.08434213995034416,0.732831308543651,-0.009056875736901435
0.34800000000000014,0.273,0.3789999999999999,0.5332825625414815,-0.14838157736030372,0.07760121388906643,0.7291205854091269,-0.0077058308870275455
0.34900000000000014,0.273,0.3779999999999998,0.5347594816450587,-0.15012138803763292,0.07089696049937919,0.7254482533112275,-0.006210392831711875
0.35000000000000014,0.273,0.3769999999999999,0.5362210890879252,-0.1518672046752241,0.06422965481041125,0.7218144190286142,-0.004572628414773419
0.35100000000000015,0.273,0.3759999999999998,0.5376674674632136,-0.15361892285840842,0.05759956704604359,0.7182191844024121,-0.0027946112972031256
0.35200000000000015,0.273,0.3749999999999999,0.5390987000948881,-0.15537643792688488,0.051006962610747185,0.7146626463634023,-0.0008784214103370741
0.3260000000000001,0.274,0.3999999999999999,0.49518508929250976,-0.1113262043795588,0.22935119165253923,0.812635739972154,-0.0013562749294942639
0.3270000000000001,0.274,0.3989999999999998,0.4970101310158286,-0.11289887795150773,0.22194682546186764,0.8081843415383175,-0.0034008009438816628
0.3280000000000001,0.274,0.3979999999999999,0.4988183113581863,-0.11447967320838495,0.2145725042149322,0.8037679466377224,-0.005262480590998847
0.3290000000000001,0.274,0.3969999999999998,0.5006096993213965,-0.11606849639400836,0.2072285923555387,0.7993867662559758,-0.006943108772187012
0.3300000000000001,0.274,0.3959999999999999,0.5023843643812302,-0.11766525311374122,0.1999154502232205,0.7950410060928833,-0.008444498269508216
0.3310000000000001,0.274,0.3949999999999998,0.504142376510408,-0.11926984835254309,0.19263343400459018,0.7907308665722959,-0.009768479209475586
0.33200000000000013,0.274,0.3939999999999999,0.5058838062000633,-0.12088218649321451,0.18538289568200242,0.7864565428502752,-0.01091689852254664
0.33300000000000013,0.274,0.3929999999999998,0.5076087244803423,-0.12250217133463943,0.17816418298614822,0.7822182248255941,-0.01189161939959188
0.33400000000000013,0.274,0.3919999999999999,0.5093172029390448,-0.12412970611008237,0.1709776393502659,0.7780160971511607,-0.012694520744962787
0.33500000000000013,0.274,0.3909999999999998,0.5110093137393595,-0.12576469350546357,0.1638236038662404,0.773850339247767,-0.013327496626481486
0.33600000000000013,0.274,0.3899999999999999,0.512685129635683,-0.12740703567773407,0.15670241124647766,0.7697211253175071,-0.013792455725721034
0.33700000000000013,0.274,0.3889999999999998,0.5143447239888072,-0.12905663427334055,0.1496143917809859,0.7656286243570586,-0.014091320784146627
0.33800000000000013,0.274,0.3879999999999999,0.515988170779148,-0.1307133904464453,0.1425598713006624,0.7615730001771037,-0.014226028046850907
0.33900000000000013,0.274,0.3869999999999998,0.5176155446223505,-0.1323772048775223,0.13553917114426062,0.7575544114157029,-0.014198526711895268
0.34000000000000014,0.274,0.3859999999999999,0.5192269207764325,-0.1340479777916427,0.12855260812221714,0.7535730115587833,-0.01401077836952904
0.34100000000000014,0.274,0.3849999999999998,0.5208223751552787,-0.13572560897691371,0.12160049448739493,0.7496289489586214,-0.013664756449157558
0.34200000000000014,0.274,0.3839999999999999,0.5224019843373249,-0.13740999780296553,0.11468313790414043,0.7457223668523012,-0.013162445663145186
0.34300000000000014,0.274,0.3829999999999998,0.5239658255750254,-0.13910104323914663,0.10780084141891706,0.7418534033862556,-0.01250584144927177
0.34400000000000014,0.274,0.3819999999999999,0.525513976800527,-0.14079864387307145,0.1009539034383199,0.7380221916348679,-0.011696949419155403
0.34500000000000014,0.274,0.3809999999999998,0.5270465166349845,-0.14250269792886366,0.09414261770048955,0.734228859625121,-0.010737784802738862
0.34600000000000014,0.274,0.3799999999999999,0.5285635243927145,-0.14421310328541712,0.08736727325604388,0.730473530361176,-0.009630371897172287
0.34700000000000014,0.274,0.3789999999999998,0.5300650800865092,-0.14592975749476728,0.08062815444425486,0.7267563218472244,-0.008376743515830912
0.34800000000000014,0.274,0.3779999999999999,0.5315512644324347,-0.1476525578001725,0.07392554087540461,0.7230773471155449,-0.006978940440121199
0.34900000000000014,0.274,0.3769999999999998,0.5330221588532486,-0.14938140115438808,0.06725970741306268,0.7194367142511641,-0.005439010874187439
0.35000000000000014,0.274,0.3759999999999999,0.5344778454806076,-0.1511161842376217,0.06063092415885241,0.7158345264218873,-0.0037590099007085293
0.35100000000000015,0.274,0.3749999999999998,0.5359184071576977,-0.1528568034757355,0.05403945643615435,0.7122708819038922,-0.0019409989404800786
0.3250000000000001,0.275,0.3999999999999998,0.4917873647406979,-0.10926774502178188,0.2322976018896033,0.8104012748079298,-1.5716841448146224e-05
0.3260000000000001,0.275,0.3989999999999999,0.4936211162411506,-0.11082303959383645,0.2248982571135485,0.8059468453485016,-0.00214827274828
0.3270000000000001,0.275,0.3979999999999998,0.4954380302964225,-0.11238646748158264,0.21752880546134054,0.801527241396626,-0.0040985709332089365
0.3280000000000001,0.275,0.3969999999999999,0.4972381761174139,-0.11395793614632106,0.21018961014708348,0.79714267474794,-0.005868388388218612
0.3290000000000001,0.275,0.3959999999999998,0.4990216233463546,-0.11553735240700687,0.2028810303424144,0.7927933519406043,-0.007459519876219234
0.3300000000000001,0.275,0.3949999999999999,0.5007884420815211,-0.11712462245804893,0.19560342112459406,0.7884794742645522,-0.00887377740434546
0.3310000000000001,0.275,0.3939999999999998,0.5025387029000665,-0.11871965188737336,0.188357133426793,0.7842012377676532,-0.010112989695695157
0.33200000000000013,0.275,0.3929999999999999,0.5042724768793855,-0.12032234569425745,0.18114251398705414,0.7799588332690395,-0.011179001652105447
0.33300000000000013,0.275,0.3919999999999998,0.50598983561773,-0.12193260830742268,0.17395990530335145,0.775752446369117,-0.01207367381879526
0.33400000000000013,0.275,0.3909999999999999,0.5076908512528449,-0.12355034360320456,0.1668096455895687,0.7715822574600707,-0.012798881845652893
0.33500000000000013,0.275,0.3899999999999998,0.5093755964796935,-0.12517545492349844,0.15969206873317354,0.7674484417426995,-0.013356515943254876
0.33600000000000013,0.275,0.3889999999999999,0.5110441445659949,-0.12680784509407303,0.1526075042530259,0.7633511692374672,-0.013748480339472291
0.33700000000000013,0.275,0.3879999999999998,0.5126965693677055,-0.12844741644255186,0.1455562772638398,0.7592906048036785,-0.01397669273354598
0.33800000000000013,0.275,0.3869999999999999,0.514332945342141,-0.13009407081683985,0.13853870843851504,0.7552669081512194,-0.01404308375100844
0.33900000000000013,0.275,0.3859999999999998,0.5159533475634632,-0.1317477096030088,0.13155511397415992,0.7512802338640375,-0.01394959639470996
0.34000000000000014,0.275,0.3849999999999999,0.5175578517299925,-0.13340823374374616,0.1246058055599069,0.7473307314137312,-0.013698185497697503
0.34100000000000014,0.275,0.3839999999999998,0.519146534177536,-0.13507554375641317,0.11769109034553919,0.743418545181614,-0.013290817175022125
0.34200000000000014,0.275,0.3829999999999999,0.5207194718882008,-0.13674953975119147,0.11081127091367572,0.7395438144797518,-0.012729468276134484
0.34300000000000014,0.275,0.3819999999999998,0.5222767424999167,-0.1384301214493455,0.10396664525202634,0.7357066735705444,-0.012016125838863218
0.34400000000000014,0.275,0.3809999999999999,0.5238184243120265,-0.1401171882012408,0.09715750673023842,0.7319072516913102,-0.01115278654265122
0.34500000000000014,0.275,0.3799999999999998,0.5253445962947155,-0.14181063900448518,0.0903841440738899,0.7281456730769768,-0.010141456163922494
0.34600000000000014,0.275,0.3789999999999999,0.5268553380930564,-0.14351037252198928,0.0836468413435966,0.7244220569845162,-0.00898414903249202
0.34700000000000014,0.275,0.3779999999999998,0.5283507300326554,-0.14521628710005544,0.07694587791727087,0.720736517717064,-0.007682887492250538
0.34800000000000014,0.275,0.3769999999999999,0.5298308531242341,-0.14692828078615103,0.07028152846860622,0.7170891646535977,-0.0062397013588327555
0.34900000000000014,0.275,0.3759999999999998,0.5312957890672287,-0.14864625134706827,0.06365406295249064,0.7134801022717921,-0.0046566273857736665
0.35000000000000014,0.275,0.3749999999999999,0.5327456202519226,-0.15037009628660641,0.05706374658823819,0.7099094301790291,-0.0029357087279036354
0.35100000000000015,0.275,0.3739999999999998,0.5341804297624171,-0.15209971286341553,0.05051083984884906,0.7063772431402994,-0.001078994412502421
0.3250000000000001,0.276,0.3989999999999998,0.490240699351681,-0.10877655131279881,0.22784167052822726,0.8037374901734057,-0.0008550868061098643
0.3260000000000001,0.276,0.3979999999999999,0.49206631194788747,-0.11032275362844671,0.22047706255402252,0.7993147459548765,-0.002892946411737138
0.3270000000000001,0.276,0.3969999999999998,0.49387517903454065,-0.11187700877247313,0.21314255990092826,0.7949268623913079,-0.004750892123350836
0.3280000000000001,0.276,0.3959999999999999,0.4956673704667927,-0.11343922476470401,0.2058385205402762,0.7905740468462268,-0.0064307010140458865
0.3290000000000001,0.276,0.3949999999999998,0.4974429565133691,-0.11500930899653745,0.19856529840807766,0.7862565014615196,-0.007934167296899733
0.3300000000000001,0.276,0.3939999999999999,0.4992020078812552,-0.11658716824867243,0.1913232433550894,0.7819744231648255,-0.00926310180638211
0.3310000000000001,0.276,0.3929999999999998,0.5009445957383888,-0.118172708708681,0.1841127010965449,0.7777280036826478,-0.010419331471763701
0.33200000000000013,0.276,0.3919999999999999,0.5026707917351495,-0.1197658359889848,0.17693401316591556,0.7735174295471751,-0.011404698792729123
0.33300000000000013,0.276,0.3909999999999998,0.50438066802477,-0.12136645514458554,0.16978751686770885,0.7693428821103845,-0.012221061306990383
0.33400000000000013,0.276,0.3899999999999999,0.5060742972819723,-0.12297447069089723,0.16267354523537272,0.7652045375578511,-0.012870291057492059
0.33500000000000013,0.276,0.3889999999999998,0.5077517527205967,-0.1245897866218214,0.15559242698872155,0.7611025669193914,-0.013354274058792387
0.33600000000000013,0.276,0.3879999999999999,0.5094131081093315,-0.12621230642748002,0.14854448649711313,0.7570371360882002,-0.013674909759065677
0.33700000000000013,0.276,0.3869999999999998,0.5110584377869811,-0.1278419331122856,0.14153004374096526,0.7530084058345995,-0.013834110503001783
0.33800000000000013,0.276,0.3859999999999999,0.5126878166755923,-0.12947856921288392,0.13454941427546355,0.7490165318236292,-0.01383380099175243
0.33900000000000013,0.276,0.3849999999999998,0.5143013202960419,-0.13112211681609162,0.12760290919973716,0.7450616646338487,-0.01367591774574111
0.34000000000000014,0.276,0.3839999999999999,0.5158990247752016,-0.13277247757690344,0.12069083512255749,0.7411439497757367,-0.013362408561693344
0.34100000000000014,0.276,0.3829999999999998,0.5174810068594665,-0.13442955273639925,0.11381349413571984,0.7372635277128773,-0.012895231975446536
0.34200000000000014,0.276,0.3819999999999999,0.5190473439234576,-0.13609324313978505,0.10697118378473729,0.7334205338813072,-0.012276356722363269
0.34300000000000014,0.276,0.3809999999999998,0.5205981139795638,-0.13776344925415598,0.10016419704205877,0.7296150987146376,-0.011507761197405708
0.34400000000000014,0.276,0.3799999999999999,0.5221333956835646,-0.1394400711866017,0.09339282228486023,0.7258473476632816,-0.010591432919679775
0.34500000000000014,0.276,0.3789999999999998,0.5236532683441503,-0.14112300870186373,0.0866573432710996,0.722117401222241,-0.009529367995058664
0.34600000000000014,0.276,0.3779999999999999,0.5251578119270489,-0.14281216124031818,0.07995803912016596,0.7184253749531712,-0.0083235705830991
0.34700000000000014,0.276,0.3769999999999998,0.5266471070605006,-0.14450742793571625,0.07329518429216357,0.7147713795109503,-0.00697605236352844
0.34800000000000014,0.276,0.3759999999999999,0.5281212350401197,-0.14620870763283164,0.06666904857138793,0.7111555206718315,-0.005488832006221356
0.34900000000000014,0.276,0.3749999999999998,0.5295802778324444,-0.14791589890531237,0.06007989705066136,0.7075778993579216,-0.0038639346448217926
0.35000000000000014,0.276,0.3739999999999999,0.5310243180772307,-0.14962890007316051,0.05352799011708477,0.7040386116679435,-0.002103391350692256
0.35100000000000015,0.276,0.3729999999999998,0.5324534390902932,-0.15134760922030085,0.04701358343877333,0.7005377489060959,-0.0002092386110951472
0.3250000000000001,0.277,0.3979999999999998,0.48870305034671596,-0.10828814565243357,0.22341736988335917,0.7971300878573923,-0.0016465732972391761
0.3260000000000001,0.277,0.3969999999999999,0.4905206043148672,-0.10982532697425884,0.21608753454282922,0.7927389561098213,-0.003591604383252081
0.3270000000000001,0.277,0.3959999999999998,0.4923215041588091,-0.11137048160506312,0.2087880122971075,0.7883827171134979,-0.005359044115369194
0.3280000000000001,0.277,0.3949999999999999,0.49410582036397416,-0.11292351812076988,0.20151915590857558,0.7840615738493061,-0.006950669236450574
0.3290000000000001,0.277,0.3939999999999998,0.49587362381183764,-0.11448434448252592,0.1942813141130432,0.7797757241131521,-0.008368273010244232
0.3300000000000001,0.277,0.3929999999999999,0.49762498580459996,-0.11605286805430094,0.18707483157209417,0.7755253605226949,-0.00961366471040967
0.3310000000000001,0.277,0.3919999999999998,0.49935997808775134,-0.1176289956202571,0.17990004882239913,0.7713106705313582,-0.010688669099498865
0.33200000000000013,0.277,0.3909999999999999,0.5010786728714102,-0.11921263340251656,0.17275730222840494,0.7671318364360552,-0.011595125909894602
0.33300000000000013,0.277,0.3899999999999998,0.5027811428508641,-0.12080368707865187,0.16564692393989333,0.7629890353927649,-0.012334889319607092
0.33400000000000013,0.277,0.3889999999999999,0.5044674612251026,-0.12240206179943144,0.15856924184943974,0.758882439428589,-0.012909827427095968
0.33500000000000013,0.277,0.3879999999999998,0.5061377017144345,-0.12400766220649993,0.1515245795512252,0.7548122154568504,-0.013321821722854059
0.33600000000000013,0.277,0.3869999999999999,0.5077919385761394,-0.12562039245009998,0.14451325630409056,0.7507785252928317,-0.013572766560418309
0.33700000000000013,0.277,0.3859999999999998,0.5094302466197526,-0.12724015620681112,0.13753558699474974,0.7467815256705342,-0.013664568625787625
0.33800000000000013,0.277,0.3849999999999999,0.5110527012202374,-0.12886685669731796,0.13059188210349454,0.7428213682600493,-0.013599146406045086
0.33900000000000013,0.277,0.3839999999999998,0.5126593783334968,-0.13050039670406796,0.12368244767304579,0.7388981996881162,-0.013378429658723039
0.34000000000000014,0.277,0.3829999999999999,0.514250354503642,-0.13214067858921635,0.11680758527687486,0.7350121615540764,-0.013004358879242749
0.34100000000000014,0.277,0.3819999999999998,0.5158257068763861,-0.1337876043121027,0.10996759199093215,0.7311633904555711,-0.01247888476850112
0.34200000000000014,0.277,0.3809999999999999,0.5173855132078183,-0.13544107544720302,0.1031627603662887,0.7273520180058117,-0.011803967703363151
0.34300000000000014,0.277,0.3799999999999998,0.5189298518740729,-0.13710099320168198,0.09639337840523846,0.7235781708589663,-0.010981577206352372
0.34400000000000014,0.277,0.3789999999999999,0.5204588018769182,-0.13876725843317117,0.08965972953869666,0.7198419707316804,-0.010013691417211562
0.34500000000000014,0.277,0.3779999999999998,0.5219724428532713,-0.14043977166729799,0.08296209260252022,0.7161435344294921,-0.008902296564655549
0.34600000000000014,0.277,0.3769999999999999,0.5234708550792891,-0.14211843311534778,0.07630074181760643,0.71248297387094,-0.00764938644051856
0.34700000000000014,0.277,0.3759999999999998,0.5249541194762051,-0.14380314269184505,0.06967594677567511,0.7088603961132437,-0.0062569618789882556
0.34800000000000014,0.277,0.3749999999999999,0.5264223176148821,-0.14549380003196938,0.06308797241717329,0.7052759033808366,-0.004727030231806817
0.34900000000000014,0.277,0.3739999999999998,0.527875531719639,-0.14719030450904405,0.0565370790203039,0.7017295930924459,-0.003061604852381959
0.35000000000000014,0.277,0.3729999999999999,0.5293138446704858,-0.14889255525196518,0.05002352218544614,0.6982215578889824,-0.0012627045788758812
0.3240000000000001,0.278,0.3979999999999999,0.48534813859882964,-0.10628226345992009,0.22634982270536247,0.7949729002673541,-0.0003603929252195548
0.3250000000000001,0.278,0.3969999999999998,0.48717434728944203,-0.1078025093658809,0.21902462784368282,0.7905785884497526,-0.002391484423844889
0.3260000000000001,0.278,0.3959999999999999,0.4889839219434635,-0.10933074026794135,0.21172959792071389,0.7862189946728754,-0.004245526248762149
0.3270000000000001,0.278,0.3949999999999998,0.4907769333105665,-0.11086686591405844,0.20446508448979617,0.7818943227453911,-0.005924277993600124
0.3280000000000001,0.278,0.3939999999999999,0.49255345249284993,-0.11241079543375666,0.1972314351411274,0.7776047713155451,-0.007429515672464276
0.3290000000000001,0.278,0.3929999999999998,0.494313550971159,-0.11396243735522744,0.1900289934486341,0.7733505338828751,-0.008763031213794195
0.3300000000000001,0.278,0.3919999999999999,0.49605730062954045,-0.11552169962272642,0.18285809891988777,0.7691317988058683,-0.00992663195377097
0.3310000000000001,0.278,0.3909999999999998,0.4977847737778566,-0.1170884896138342,0.17571908694870308,0.7649487493148573,-0.010922140123847485
0.33200000000000013,0.278,0.3899999999999999,0.4994960431731557,-0.11866271415691317,0.16861228877056386,0.7608015635228245,-0.011751392337686128
0.33300000000000013,0.278,0.3889999999999998,0.5011911820401217,-0.1202442795485127,0.1615380314200597,0.7566904144392368,-0.012416239074623331
0.33400000000000013,0.278,0.3879999999999999,0.5028702640894839,-0.12183309157079646,0.1544966376875725,0.752615469985132,-0.012918544159221071
0.33500000000000013,0.278,0.3869999999999998,0.5045333635356976,-0.12342905550912373,0.14748842608095475,0.7485768930066485,-0.013260184242158891
0.33600000000000013,0.278,0.3859999999999999,0.5061805551126038,-0.1250320761695158,0.14051371079009223,0.7445748412923606,-0.013443048278316737
0.33700000000000013,0.278,0.3849999999999998,0.5078119140886459,-0.12664205789614374,0.1335728016499655,0.7406094675914138,-0.013469037002746147
0.33800000000000013,0.278,0.3839999999999999,0.5094275162800364,-0.1282589045889018,0.12666600410735324,0.7366809196310622,-0.013340062407225808
0.33900000000000013,0.278,0.3829999999999998,0.5110274380662959,-0.1298825197210063,0.11979361919131451,0.7327893401347896,-0.013058047219230332
0.34000000000000014,0.278,0.3819999999999999,0.512611756397474,-0.1315128063563816,0.11295594348117204,0.7289348668453558,-0.012624924373520592
0.34100000000000014,0.278,0.3809999999999998,0.514180548807642,-0.13314966716733362,0.10615326908098485,0.7251176325430395,-0.012042636492636045
0.34200000000000014,0.278,0.3799999999999999,0.5157338934237352,-0.1347930044519466,0.099385883593922,0.7213377650697711,-0.01131313536310511
0.34300000000000014,0.278,0.3789999999999998,0.5172718689750094,-0.1364427201515692,0.09265407009490527,0.7175953873519993,-0.01043838141251592
0.34400000000000014,0.278,0.3779999999999999,0.5187945547988599,-0.13809871586831418,0.0859581071124842,0.7138906174236672,-0.009420343191117557
0.34500000000000014,0.278,0.3769999999999998,0.5203020308503392,-0.13976089288242707,0.07929826860555493,0.7102235684518553,-0.00826099685244748
0.34600000000000014,0.278,0.3759999999999999,0.5217943777063659,-0.1414291521696602,0.07267482394552592,0.7065943487624091,-0.006962325636465809
0.34700000000000014,0.278,0.3749999999999998,0.5232716765713485,-0.1431033944186238,0.0660880378983001,0.7030030618660118,-0.005526319354914891
0.34800000000000014,0.278,0.3739999999999999,0.5247340092820706,-0.1447835200479877,0.059538170608003635,0.6994498064867976,-0.003954973878494344
0.34900000000000014,0.278,0.3729999999999998,0.5261814583114642,-0.14646942922380718,0.053025477584820374,0.6959346765885922,-0.0022502906292314363
0.35000000000000014,0.278,0.3719999999999999,0.527614106770964,-0.14816102187651753,0.046550209691095114,0.6924577614066411,-0.0004142760719489033
0.3240000000000001,0.279,0.3969999999999999,0.48383630235165354,-0.10580818037342272,0.2219539344438605,0.7884453974791731,-0.0011514668865010846
0.3250000000000001,0.279,0.3959999999999998,0.485654520421559,-0.10731962391417219,0.21466337056711404,0.7840825169809914,-0.0030910996591684142
0.3260000000000001,0.279,0.3949999999999999,0.4874561941262836,-0.10883897428968892,0.2074031758472732,0.7797543849941342,-0.004855963309946379
0.3270000000000001,0.279,0.3939999999999998,0.48924139483587287,-0.11036614178556196,0.20017369669337304,0.7754612010095727,-0.006447816917893229
0.3280000000000001,0.279,0.3929999999999999,0.491010194255578,-0.11190103608238947,0.1929752755573598,0.7712031593926446,-0.007868435380311262
0.3290000000000001,0.279,0.3919999999999998,0.4927626644522852,-0.11344356627265818,0.1858082508859341,0.7669804493962465,-0.009119608913968041
0.3300000000000001,0.279,0.3909999999999999,0.49449887787885966,-0.11499364087794865,0.17867295707036498,0.7627932551692,-0.010203142554191233
0.3310000000000001,0.279,0.3899999999999998,0.49621890739678226,-0.11655116786602288,0.17156972440165108,0.7586417557694214,-0.011120855649847314
0.33200000000000013,0.279,0.3889999999999999,0.49792282629732804,-0.11811605466809459,0.16449887902383087,0.754526125175188,-0.011874581355476005
0.33300000000000013,0.279,0.3879999999999998,0.49961070832201443,-0.1196882081959894,0.15746074289330889,0.7504465323005989,-0.012466166121422637
0.33400000000000013,0.279,0.3869999999999999,0.5012826276811213,-0.12126753485940858,0.1504556337393882,0.7464031410104845,-0.01289746918229212
0.33500000000000013,0.279,0.3859999999999998,0.502938659071227,-0.12285394058329671,0.14348386502447127,0.7423961101347512,-0.013170362043672584
0.33600000000000013,0.279,0.3849999999999999,0.5045788776908469,-0.12444733082508233,0.13654574590946333,0.7384255934866819,-0.013286727967312423
0.33700000000000013,0.279,0.3839999999999998,0.5062033592556521,-0.12604761059202702,0.1296415812181617,0.7344917398802552,-0.013248461455482287
0.33800000000000013,0.279,0.3829999999999999,0.5078121800117212,-0.1276546844584986,0.12277167140656815,0.7305946931500126,-0.013057467735178768
0.33900000000000013,0.279,0.3819999999999998,0.5094054167509672,-0.1292684565833956,0.11593631253219644,0.7267345921689178,-0.012715662244182538
0.34000000000000014,0.279,0.3809999999999999,0.5109831468184537,-0.13088883072735022,0.10913579622447446,0.7229115708713137,-0.01222497011175043
0.34100000000000014,0.279,0.3799999999999998,0.5125454481258389,-0.1325157102701015,0.10237040965900303,0.7191257582732455,-0.011587325645817471
0.34200000000000014,0.279,0.3789999999999999,0.5140923991601873,-0.1341489982277878,0.09564043553188199,0.7153772784948866,-0.010804671817900714
0.34300000000000014,0.279,0.3779999999999998,0.5156240789936687,-0.1357885972700971,0.08894615203730155,0.711666250786035,-0.009878959749804218
0.34400000000000014,0.279,0.3769999999999999,0.5171405672892531,-0.13743440973761728,0.08228783284720943,0.7079927895481436,-0.008812148202618823
0.34500000000000014,0.279,0.3759999999999998,0.5186419443102153,-0.13908633765899311,0.07566574708810928,0.7043570043601843,-0.007606203065503345
0.34600000000000014,0.279,0.3749999999999999,0.5201282909244507,-0.14074428276796552,0.06908015932513166,0.700759000006648,-0.006263096847312341
0.34700000000000014,0.279,0.3739999999999998,0.5215996886102499,-0.1424081465206373,0.06253132954668841,0.6971988765014331,-0.004784808172817168
0.34800000000000014,0.279,0.3729999999999999,0.5230562194611659,-0.14407783011238257,0.0560195131476514,0.6936767291180023,-0.0031733212775041965
0.34900000000000014,0.279,0.3719999999999998,0.5244979661897159,-0.14575323449485666,0.0495449609156887,0.6901926484174605,-0.0014306255069782593
0.3240000000000001,0.28,0.3959999999999999,0.4823331952472338,-0.10533676142943024,0.21758942426724762,0.7819729269303328,-0.0018966922913049716
0.3250000000000001,0.28,0.3949999999999998,0.4841435006552415,-0.10683947089440422,0.2103335225297675,0.7776414028830049,-0.003746670421648682
0.3260000000000001,0.28,0.3939999999999999,0.48593735083972833,-0.10835000996330954,0.20310818985701812,0.7733446548753485,-0.005424139165527295
0.3270000000000001,0.28,0.3929999999999998,0.48771481777758935,-0.10986828945708552,0.19591376754598472,0.7690828781288953,-0.006930856699625509
0.3280000000000001,0.28,0.3919999999999999,0.4894759737641412,-0.11139421960478726,0.18875059294888616,0.7648562627768885,-0.008268596429183941
0.3290000000000001,0.28,0.3909999999999998,0.4912208914392974,-0.11292771006045747,0.18161899942188073,0.7606649938742388,-0.009439146495766979
0.3300000000000001,0.28,0.3899999999999999,0.4929496438119282,-0.11446866992002915,0.1745193162774579,0.7565092514091175,-0.010444309281749567
0.3310000000000001,0.28,0.3889999999999998,0.4946623042823622,-0.11601700773818342,0.1674518687388194,0.752389210317564,-0.0112859009105018
0.33200000000000013,0.28,0.3879999999999999,0.4963589466637614,-0.11757263154553527,0.16041697789921544,0.7483050404930459,-0.011965750748936285
0.33300000000000013,0.28,0.3869999999999998,0.49803964520225347,-0.11913544886552413,0.15341496067630828,0.7442569068041011,-0.012485700900722228
0.33400000000000013,0.28,0.3859999999999999,0.4997044745955873,-0.12070536673149647,0.1464461297772054,0.7402449691094587,-0.012847605703685816
0.33500000000000013,0.28,0.3849999999999998,0.5013535100106048,-0.12228229170388057,0.1395107936586647,0.7362693822727778,-0.013053331223337315
0.33600000000000013,0.28,0.3839999999999999,0.5029868270988882,-0.12386612988718423,0.1326092564939723,0.7323302961822957,-0.013104754745289306
0.33700000000000013,0.28,0.3829999999999998,0.5046045020119836,-0.12545678694716533,0.12574181813846338,0.7284278557681086,-0.013003764267546139
0.33800000000000013,0.28,0.3819999999999999,0.5062066114145599,-0.1270541681279673,0.11890877409798976,0.7245622010211855,-0.012752257992088796
0.33900000000000013,0.28,0.3809999999999998,0.5077932324999335,-0.12865817826918222,0.11211041550113446,0.7207334670147009,-0.012352143818304046
0.34000000000000014,0.28,0.3799999999999999,0.5093644429973667,-0.13026872182297147,0.10534702906972546,0.7169417839249155,-0.011805338832490408
0.34100000000000014,0.28,0.3789999999999998,0.5109203211855301,-0.13188570287113235,0.09861889709416675,0.7131872770537537,-0.01111376880236229
0.34200000000000014,0.28,0.3779999999999999,0.5124609459014094,-0.1335090251422345,0.09192629740995152,0.7094700668505052,-0.010279367671415546
0.34300000000000014,0.28,0.3769999999999998,0.513986396549869,-0.13513859202854347,0.08526950337306413,0.7057902689379487,-0.009304077052173329
0.34400000000000014,0.28,0.3759999999999999,0.5154967531094792,-0.13677430660313916,0.07864878384229654,0.7021479941350097,-0.008189845724470436
0.34500000000000014,0.28,0.3749999999999998,0.5169920961421189,-0.13841607163681902,0.07206440315802216,0.6985433484836164,-0.006938629133175507
0.34600000000000014,0.28,0.3739999999999999,0.5184725067972938,-0.14006378961500163,0.06551662112620585,0.6949764332754963,-0.0055523888886039666
0.34700000000000014,0.28,0.3729999999999998,0.519938066817878,-0.1417173627546299,0.05900569300236144,0.6914473450789135,-0.004033092269594647
0.34800000000000014,0.28,0.3719999999999999,0.5213888585450885,-0.14337669302099876,0.05253186947650489,0.687956175766595,-0.0023827117286381178
0.34900000000000014,0.28,0.3709999999999998,0.5228249649223765,-0.1450416821445007,0.04609539666249399,0.6845030125448368,-0.0006032244011739858
0.3230000000000001,0.281,0.3959999999999998,0.4790198411008417,-0.1033817873285893,0.22050785394906602,0.7798898727631954,-0.0006632082924781652
0.3240000000000001,0.281,0.3949999999999999,0.4808387497860301,-0.10486798901303411,0.21325621796159994,0.775555024048263,-0.002597320573621359
0.3250000000000001,0.281,0.3939999999999998,0.4826412195657318,-0.10636203203875698,0.20603500657576698,0.7712547799481521,-0.004359420645451986
0.3260000000000001,0.281,0.3929999999999999,0.4844273227359794,-0.10786382835521073,0.1988445598995825,0.7669893365266038,-0.005951250276090891
0.3270000000000001,0.281,0.3919999999999998,0.48619713186748875,-0.10937328931635226,0.19168521415632875,0.7627588847840968,-0.007374566366041377
0.3280000000000001,0.281,0.3909999999999999,0.48795071983252336,-0.11089032569720883,0.18455730163148754,0.7585636106687867,-0.008631140464095244
0.3290000000000001,0.281,0.3899999999999998,0.4896881598312357,-0.11241484771052916,0.17746115062753773,0.7544036950879114,-0.009722758283091423
0.3300000000000001,0.281,0.3889999999999999,0.49140952541588545,-0.11394676502354152,0.17039708541537585,0.7502793139190738,-0.010651219210403212
0.3310000000000001,0.281,0.3879999999999998,0.4931148905133525,-0.11548598677468744,0.16336542619088873,0.7461906380241078,-0.01141833581596105
0.33200000000000013,0.281,0.3869999999999999,0.4948043294463256,-0.11703242159045739,0.15636648903215447,0.7421378332625992,-0.01202593335808829
0.33300000000000013,0.281,0.3859999999999998,0.496477916953558,-0.11858597760222427,0.14940058585814148,0.7381210605071843,-0.012475849286852546
0.33400000000000013,0.281,0.3849999999999999,0.49813572820846225,-0.12014656246311117,0.1424680243938896,0.7341404756596516,-0.012769932747846359
0.33500000000000013,0.281,0.3839999999999998,0.49977783883658006,-0.12171408336489897,0.13556910813202422,0.7301962296676235,-0.012910044082377295
0.33600000000000013,0.281,0.3829999999999999,0.5014043249310906,-0.12328844705484977,0.12870413629797248,0.7262884685441574,-0.012898054326268511
0.33700000000000013,0.281,0.3819999999999998,0.503015263068139,-0.12486955985274052,0.1218734038187454,0.7224173333841933,-0.012735844711437336
0.33800000000000013,0.281,0.3809999999999999,0.5046107303200601,-0.12645732766766457,0.11507720129347682,0.7185829603866267,-0.01242530616452825
0.33900000000000013,0.281,0.3799999999999998,0.5061908042707929,-0.1280516560150035,0.10831581496443103,0.7147854808737872,-0.01196833880813257
0.34000000000000014,0.281,0.3789999999999999,0.5077555630232329,-0.12965245003323775,0.10158952668892264,0.7110250213147483,-0.011366851457617129
0.34100000000000014,0.281,0.3779999999999998,0.5093050852127035,-0.13125961450091078,0.09489861391554104,0.7073017033462146,-0.010622761124591318
0.34200000000000014,0.281,0.3769999999999999,0.5108394500158728,-0.13287305385342857,0.08824334966122109,0.7036156437970205,-0.009737992518222847
0.34300000000000014,0.281,0.3759999999999998,0.512358737160442,-0.13449267219990194,0.08162400248928399,0.6999669547121172,-0.008714477548824304
0.34400000000000014,0.281,0.3749999999999999,0.5138630269309247,-0.13611837333990603,0.07504083649089864,0.6963557433782945,-0.007554154832487801
0.34500000000000014,0.281,0.3739999999999998,0.5153524001782882,-0.13775006078025265,0.06849411126477783,0.692782112349749,-0.0062589691980027284
0.34600000000000014,0.281,0.3729999999999999,0.5168269383242936,-0.13938763775163665,0.06198408190145063,0.6892461594759385,-0.004830871195248887
0.34700000000000014,0.281,0.3719999999999998,0.5182867233674251,-0.14103100722542644,0.05551099897048988,0.6857479779267127,-0.003271816609020664
0.34800000000000014,0.281,0.3709999999999999,0.5197318378878537,-0.1426800719300613,0.049075108504966145,0.6822876562242971,-0.001583765970825747
0.3230000000000001,0.28200000000000003,0.3949999999999998,0.4775418374248472,-0.10292416747397326,0.21617135646811628,0.7734949013820152,-0.0014088115191659284
0.3240000000000001,0.28200000000000003,0.3939999999999999,0.4793528991113995,-0.10440184563561386,0.20895423967482682,0.7691912285213449,-0.0032545759066053004
0.3250000000000001,0.28200000000000003,0.3929999999999998,0.4811476093839828,-0.10588728921273696,0.20176774396520358,0.7649221862813846,-0.004930547342880481
0.3260000000000001,0.28200000000000003,0.3919999999999999,0.48292604113588394,-0.1073804106725145,0.19461220439677548,0.7606879665180524,-0.006438466528027029
0.3270000000000001,0.28200000000000003,0.3909999999999998,0.48468826751856864,-0.10888112189950959,0.18748795215179495,0.756488756060054,-0.007780088720325942
0.3280000000000001,0.28200000000000003,0.3899999999999999,0.4864343619686447,-0.11038933421207865,0.18039531448872412,0.7523247367201068,-0.008957183260082255
0.3290000000000001,0.28200000000000003,0.3889999999999998,0.48816439823390023,-0.11190495837887432,0.17333461469254138,0.7481960853062272,-0.009971533089467688
0.3300000000000001,0.28200000000000003,0.3879999999999999,0.48987845039760586,-0.11342790463542723,0.1663061720302033,0.7441029736334577,-0.01082493427080325
0.3310000000000001,0.28200000000000003,0.3869999999999998,0.491576592900927,-0.11495808270059203,0.1593103017068997,0.740045568540489,-0.011519195499338927
0.33200000000000013,0.28200000000000003,0.3859999999999999,0.4932589005641228,-0.11649540179332672,0.15234731482525288,0.7360240319008733,-0.01205613761785939
0.33300000000000013,0.28200000000000003,0.3849999999999998,0.4949254486068303,-0.11803977064928857,0.1454175183461543,0.7320385206398836,-0.012437593126923129
0.33400000000000013,0.28200000000000003,0.3839999999999999,0.49657631266646235,-0.11959109753741232,0.13852121505128734,0.7280891867531204,-0.012665405692932702
0.33500000000000013,0.28200000000000003,0.3829999999999998,0.498211568815756,-0.12114929027672008,0.13165870350759787,0.724176177321613,-0.01274142965758919
0.33600000000000013,0.28200000000000003,0.3819999999999999,0.499831293578362,-0.1227142562529556,0.12483027803525495,0.7202996345317499,-0.012667529545044562
0.33700000000000013,0.28200000000000003,0.3809999999999998,0.5014355639441248,-0.1242859024353474,0.11803622867636697,0.7164596956936162,-0.012445579569806561
0.33800000000000013,0.28200000000000003,0.3799999999999999,0.503024457382137,-0.1258641353932047,0.11127684116302444,0.7126564932635513,-0.012077463141297595
0.33900000000000013,0.28200000000000003,0.3789999999999998,0.5045980518563858,-0.12744886131273994,0.10455239689377907,0.7088901548629445,-0.011565072375676791
0.34000000000000014,0.28200000000000003,0.3779999999999999,0.506156425833001,-0.1290399860136929,0.09786317290385163,0.7051608033016158,-0.01091030759940359
0.34100000000000014,0.28200000000000003,0.3769999999999998,0.5076996582938743,-0.13063741496594294,0.09120944184481537,0.7014685566018722,-0.010115076860877502
0.34200000000000014,0.28200000000000003,0.3759999999999999,0.5092278287454037,-0.13224105330623656,0.08459147195865202,0.697813528020708,-0.009181295438992987
0.34300000000000014,0.28200000000000003,0.3749999999999998,0.5107410172283802,-0.13385080585474476,0.07800952705986731,0.6941958260755604,-0.008110885356087588
0.34400000000000014,0.28200000000000003,0.3739999999999999,0.5122393043237002,-0.1354665771316488,0.07146386651569087,0.690615554569645,-0.0069057748900908655
0.34500000000000014,0.28200000000000003,0.3729999999999998,0.5137227711621212,-0.137088271373638,0.06495474522803604,0.6870728126189614,-0.00556789809021788
0.34600000000000014,0.28200000000000003,0.3719999999999999,0.5151914994287218,-0.138715792550487,0.05848241361975315,0.6835676946777834,-0.004099194295567675
0.34700000000000014,0.28200000000000003,0.3709999999999998,0.5166455713686564,-0.1403490443813101,0.052047117618499124,0.6801002905698733,-0.002501607653083337
0.34800000000000014,0.28200000000000003,0.3699999999999999,0.518085069792317,-0.14198793035114296,0.04564909864452154,0.6766706855134701,-0.0007770866420658933
0.3220000000000001,0.28300000000000003,0.3949999999999999,0.4742526584664625,-0.10100765055811287,0.21907903330193326,0.7714606929481058,-0.00018201800104168664
0.3230000000000001,0.28300000000000003,0.3939999999999998,0.4760722865835206,-0.1024690938383529,0.21186598288285063,0.7671536580628784,-0.002110496302406867
0.3240000000000001,0.28300000000000003,0.3929999999999999,0.4778755770028002,-0.10393831393437918,0.20468341197054185,0.7628810842673722,-0.003869655751080156
0.3250000000000001,0.28300000000000003,0.3919999999999998,0.4796626029894186,-0.10541522441494773,0.19753165442161488,0.758643164260705,-0.005461221152399748
0.3260000000000001,0.28300000000000003,0.3909999999999999,0.48143343802107386,-0.10689973826273713,0.1904110402794958,0.7544400857395895,-0.006886931774352678
0.3270000000000001,0.28300000000000003,0.3899999999999998,0.48318815581738006,-0.10839176789050242,0.1833218957237843,0.750272031409371,-0.008148540880919139
0.3280000000000001,0.28300000000000003,0.3889999999999999,0.4849268303666152,-0.109891225157332,0.1762645430192658,0.746139178995132,-0.009247815260711667
0.3290000000000001,0.28300000000000003,0.3879999999999998,0.4866495359518824,-0.11139802138494276,0.1692393004712526,0.7420417012541995,-0.010186534754471302
0.3300000000000001,0.28300000000000003,0.3869999999999999,0.4883563471752634,-0.11291206737405853,0.16224648237972025,0.7379797659888895,-0.010966491778448911
0.3310000000000001,0.28300000000000003,0.3859999999999998,0.4900473389802739,-0.11443327342078638,0.1552863989983821,0.7339535360612013,-0.01158949084596457
0.33200000000000013,0.28300000000000003,0.3849999999999999,0.49172258667297947,-0.11596154933299856,0.1483593564937078,0.7299631694090851,-0.012057348085788858
0.33300000000000013,0.28300000000000003,0.3839999999999998,0.49338216594221107,-0.11749680444692483,0.14146565690591148,0.7260088190598033,-0.012371890761025982
0.33400000000000013,0.28300000000000003,0.3829999999999999,0.49502615287801555,-0.11903894764344713,0.13460559811391853,0.7220906331510137,-0.01253495678394375
0.33500000000000013,0.28300000000000003,0.3819999999999998,0.49665462398922255,-0.12058788736471973,0.12777947380142582,0.7182087549462248,-0.012548394233045462
0.33600000000000013,0.28300000000000003,0.3809999999999999,0.4982676562189102,-0.12214353163063342,0.12098757342333442,0.7143633228546539,-0.012414060866640077
0.33700000000000013,0.28300000000000003,0.3799999999999998,0.49986532695971203,-0.12370578805533902,0.11423018217604797,0.7105544704508432,-0.012133823638145365
0.33800000000000013,0.28300000000000003,0.3789999999999999,0.5014477140670118,-0.1252745638637087,0.1075075809690202,0.706782326496335,-0.011709558210245066
0.33900000000000013,0.28300000000000003,0.3779999999999998,0.5030148958744384,-0.126849765907796,0.10082004639902066,0.7030470149620376,-0.011143148471440135
0.34000000000000014,0.28300000000000003,0.3769999999999999,0.5045669512012326,-0.12843130068347886,0.09416785072300918,0.6993486550475979,-0.010436486050401816
0.34100000000000014,0.28300000000000003,0.3759999999999998,0.5061039593657486,-0.1300190743466974,0.08755126183609194,0.6956873612091692,-0.009591469832732145
0.34200000000000014,0.28300000000000003,0.3749999999999999,0.5076260001944638,-0.13161299272998817,0.08097054325093754,0.69206324318164,-0.00861000548020465
0.34300000000000014,0.28300000000000003,0.3739999999999998,0.5091331540316832,-0.13321296135892755,0.07442595407660747,0.6884764060029477,-0.007494004950405267
0.34400000000000014,0.28300000000000003,0.3729999999999999,0.5106255017454112,-0.1348188854683604,0.06791774900174127,0.6849269500424907,-0.006245386017278944
0.34500000000000014,0.28300000000000003,0.3719999999999998,0.5121031247371246,-0.13643067001886025,0.06144617827690933,0.6814149710252089,-0.004866071796188431
0.34600000000000014,0.28300000000000003,0.3709999999999999,0.5135661049461779,-0.13804821971283784,0.05501148769965987,0.6779405600620589,-0.003357990268128108
0.34700000000000014,0.28300000000000003,0.3699999999999998,0.5150145248558089,-0.13967143901094572,0.048613918602736846,0.6745038036748661,-0.001723073810597997
0.3220000000000001,0.28400000000000003,0.3939999999999999,0.47279927806923017,-0.10056342510139551,0.21477033085835023,0.7651417311251625,-0.0009280504663425615
0.3230000000000001,0.28400000000000003,0.3929999999999998,0.4746111238750222,-0.1020165498026708,0.2075916570517593,0.760865692447274,-0.0027694604524730465
0.3240000000000001,0.28400000000000003,0.3919999999999999,0.47640671786854755,-0.10347737667082443,0.2004436558688178,0.7566241393856512,-0.004443731396764919
0.3250000000000001,0.28400000000000003,0.3909999999999998,0.47818613390274844,-0.10494581977521641,0.1933266561778267,0.7524172604935693,-0.005952586876662919
0.3260000000000001,0.28400000000000003,0.3899999999999999,0.47994944602700873,-0.10642179261180704,0.1862409830423099,0.7482452393564925,-0.007297764374294066
0.3270000000000001,0.28400000000000003,0.3889999999999998,0.48169672851648887,-0.10790520811913676,0.17918695767291343,0.7441082546037615,-0.008481014816271323
0.3280000000000001,0.28400000000000003,0.3879999999999999,0.4834280558989001,-0.10939597869434563,0.17216489737926485,0.7400064799216811,-0.009504102108451012
0.3290000000000001,0.28400000000000003,0.3869999999999998,0.48514350298052655,-0.11089401620939035,0.1651751155243063,0.7359400840643489,-0.010368802670027141
0.3300000000000001,0.28400000000000003,0.3859999999999999,0.4868431448703045,-0.11239923202711848,0.158217921478767,0.7319092308696911,-0.011076904961502654
0.3310000000000001,0.28400000000000003,0.3849999999999998,0.48852705700226967,-0.11391153701753591,0.15129362058188683,0.7279140792730188,-0.011630209014066424
0.33200000000000013,0.28400000000000003,0.3839999999999999,0.4901953151567366,-0.11543084157404762,0.1444025141033756,0.7239547833229002,-0.01203052595611604
0.33300000000000013,0.28400000000000003,0.3829999999999998,0.49184799548038377,-0.11695705562965915,0.13754489920304155,0.7200314921993106,-0.012279677535787466
0.33400000000000013,0.28400000000000003,0.3819999999999999,0.4934851745047097,-0.11849008867336977,0.1307210688971943,0.7161443502290894,-0.012379495646164723
0.33500000000000013,0.28400000000000003,0.3809999999999998,0.49510692916357074,-0.12002984976633198,0.12393131202530672,0.7122934969074949,-0.012331821846581756
0.33600000000000013,0.28400000000000003,0.3799999999999999,0.4967133368086846,-0.12157624755826486,0.117175913218181,0.7084790669154886,-0.012138506885449596
0.33700000000000013,0.28400000000000003,0.3789999999999998,0.49830447522497084,-0.12312919030376089,0.11045515286978815,0.7047011901402159,-0.011801410223135633
0.33800000000000013,0.28400000000000003,0.3779999999999999,0.4998804226436575,-0.12468858587846925,0.10376930710774723,0.7009599916986852,-0.011322399552058722
0.33900000000000013,0.28400000000000003,0.3769999999999998,0.5014412577578128,-0.1262543417955174,0.0971186477691166,0.697255591957306,-0.010703350322651219
0.34000000000000014,0.28400000000000003,0.3759999999999999,0.5029870597297688,-0.12782636522169466,0.0905034423746144,0.6935881065567118,-0.009946145263665704
0.34100000000000014,0.28400000000000003,0.3749999999999998,0.504517908204697,-0.12940456299375913,0.0839239541085318,0.6899576464345313,-0.00905267390974196
0.34200000000000014,0.28400000000000003,0.3739999999999999,0.5060338833195321,-0.1309888416345769,0.07738044179663872,0.6863643178516815,-0.008024832125900216
0.34300000000000014,0.28400000000000003,0.3729999999999998,0.507535065712744,-0.1325791073694187,0.07087315988655857,0.68280822241581,-0.006864521636182581
0.34400000000000014,0.28400000000000003,0.3719999999999999,0.5090215365302925,-0.13417526614198994,0.06440235843238605,0.6792894571098681,-0.00557364955285624
0.34500000000000014,0.28400000000000003,0.3709999999999998,0.5104933774354153,-0.13577722363063055,0.057968283077421,0.6758081143174114,-0.00415412790918317
0.34600000000000014,0.28400000000000003,0.3699999999999999,0.511950670613163,-0.13738488526431142,0.05157117504124556,0.6723642818515576,-0.0026078731934061697
0.34700000000000014,0.28400000000000003,0.3689999999999998,0.5133934987762788,-0.13899815623863815,0.04521127110544023,0.6689580429835366,-0.0009368058850337847
0.3220000000000001,0.28500000000000003,0.3929999999999999,0.4713541472557841,-0.1001216493905779,0.2104925732795715,0.7588756777890547,-0.0016308239646766615
0.3230000000000001,0.28500000000000003,0.3919999999999998,0.47315828520750886,-0.10156651886531033,0.20334830128875994,0.7546305582757731,-0.0033868758100790847
0.3240000000000001,0.28500000000000003,0.3909999999999999,0.47494625673922203,-0.10301901673062454,0.19623489089894888,0.7504199461208304,-0.0049779484930895235
0.3250000000000001,0.28500000000000003,0.3899999999999998,0.4767181362789543,-0.10447905755450906,0.1891526660226878,0.7462440257776322,-0.006405764009839415
0.3260000000000001,0.28500000000000003,0.3889999999999999,0.47847399843540844,-0.10594655534396981,0.18210194678133534,0.7421029767676871,-0.007672057715132505
0.3270000000000001,0.28500000000000003,0.3879999999999998,0.48021391802702995,-0.10742142356081714,0.17508304945327627,0.7379969736933143,-0.008778577865912893
0.3280000000000001,0.28500000000000003,0.3869999999999999,0.48193797010878325,-0.10890357513762597,0.16809628642812813,0.7339261862486806,-0.0097270851641586
0.3290000000000001,0.28500000000000003,0.3859999999999998,0.48364622999817114,-0.11039292249368123,0.1611419661630586,0.7298907792333372,-0.010519352296441575
0.3300000000000001,0.28500000000000003,0.3849999999999999,0.485338773299265,-0.11188937755091273,0.15422039313806382,0.7258909125678836,-0.01115716346879117
0.3310000000000001,0.28500000000000003,0.3839999999999998,0.4870156759251672,-0.1133928517498993,0.14733186781863095,0.7219267413098204,-0.011642313942222322
0.33200000000000013,0.28500000000000003,0.3829999999999999,0.4886770141189392,-0.11490325606606215,0.14047668661387358,0.7179984156669164,-0.011976609565294956
0.33300000000000013,0.28500000000000003,0.3819999999999998,0.4903228644739559,-0.1164205010255463,0.1336551418433579,0.7141060810187554,-0.012161866305040112
0.33400000000000013,0.28500000000000003,0.3809999999999999,0.49195330395215486,-0.11794449672149156,0.12686752170031276,0.710249877931198,-0.012199909777997342
0.33500000000000013,0.28500000000000003,0.3799999999999998,0.49356840990169804,-0.1194751528299916,0.12011411022198118,0.7064299421786104,-0.012092574779963616
0.33600000000000013,0.28500000000000003,0.3789999999999999,0.4951682600723249,-0.12101237862632068,0.11339518725558237,0.7026464047614565,-0.01184170481465606
0.33700000000000013,0.28500000000000003,0.3779999999999998,0.49675293263079634,-0.12255608300092904,0.106711028433153,0.6988993919295406,-0.011449151624053105
0.33800000000000013,0.28500000000000003,0.3769999999999999,0.49832250617401413,-0.12410617447563534,0.10006190514289019,0.6951890252019162,-0.010916774717948705
0.33900000000000013,0.28500000000000003,0.3759999999999998,0.4998770597445036,-0.1256625612196861,0.09344808450466038,0.691515421390123,-0.010246440905499928
0.34000000000000014,0.28500000000000003,0.3749999999999999,0.5014166728379503,-0.127225151065774,0.08686982934667199,0.6878786926226502,-0.009440023824563597
0.34100000000000014,0.28500000000000003,0.3739999999999998,0.5029414254167055,-0.12879385152612927,0.08032739818443682,0.6842789463683061,-0.008499403476114296
0.34200000000000014,0.28500000000000003,0.3729999999999999,0.5044513979187415,-0.13036856980855377,0.07382104519949631,0.6807162854609682,-0.007426465757449933
0.34300000000000014,0.28500000000000003,0.3719999999999998,0.5059466712675926,-0.13194921283234012,0.06735102022314725,0.6771908081266542,-0.006223101998992186
0.34400000000000014,0.28500000000000003,0.3709999999999999,0.5074273268782415,-0.1335356872442648,0.060917568719588665,0.6737026080091761,-0.004891208501708665
0.34500000000000014,0.28500000000000003,0.3699999999999998,0.5088934466669386,-0.13512789943441447,0.05452093176926983,0.6702517741988432,-0.0034326860768604667
0.34600000000000014,0.28500000000000003,0.3689999999999999,0.5103451130558088,-0.13672575555210495,0.04816134605703714,0.6668383912592434,-0.0018494395893615921
0.34700000000000014,0.28500000000000003,0.36799999999999977,0.5117824089788942,-0.1383291615216384,0.041839043860475544,0.6634625392567516,-0.00014337750323873896
0.3210000000000001,0.28600000000000003,0.3929999999999998,0.4681045433425255,-0.09825327047464068,0.21338625568591485,0.7569107121843734,-0.00045458682081010726
0.3220000000000001,0.28600000000000003,0.3919999999999999,0.4699172034054017,-0.09968230763467541,0.2062456841664497,0.7526620922401479,-0.002291510787443593
0.3230000000000001,0.28600000000000003,0.3909999999999998,0.47171370709252713,-0.1011189846410301,0.1991358364092676,0.7484478133494005,-0.003963888767599191
0.3240000000000001,0.28600000000000003,0.3899999999999999,0.47349412926056555,-0.10256321712255011,0.19205703513766503,0.7442680608218202,-0.00547342756581129
0.3250000000000001,0.28600000000000003,0.3889999999999998,0.4752585449002724,-0.10401492014374115,0.18500959934485667,0.7401230150591279,-0.006821847254191993
0.3260000000000001,0.28600000000000003,0.3879999999999999,0.47700702916731746,-0.10547400822038193,0.17799384424340772,0.7360128515660849,-0.008010880727164424
0.3270000000000001,0.28600000000000003,0.3869999999999998,0.47873965741131824,-0.10694039533510598,0.17101008121495817,0.7319377409645733,-0.009042273250623692
0.3280000000000001,0.28600000000000003,0.3859999999999999,0.48045650520269034,-0.1084139949532442,0.1640586177682225,0.7278978490039197,-0.009917782012882966
0.3290000000000001,0.28600000000000003,0.3849999999999998,0.482157648358401,-0.10989472003848247,0.15713975749129527,0.7238933365774873,-0.010639175666928395
0.3300000000000001,0.28600000000000003,0.3839999999999999,0.48384316296613855,-0.11138248306868205,0.15025380001186847,0.7199243597373877,-0.01120823387436308
0.3310000000000001,0.28600000000000003,0.3829999999999998,0.4855131254065616,-0.112877196051824,0.14340104095687786,0.7159910697082299,-0.011626746846977669
0.33200000000000013,0.28600000000000003,0.3819999999999999,0.48716761237448386,-0.11437877054172874,0.13658177191766055,0.7120936129073013,-0.011896514885722291
0.33300000000000013,0.28600000000000003,0.3809999999999998,0.48880670089891176,-0.11588711765406637,0.12979628041128313,0.7082321309597845,-0.012019347918931264
0.33400000000000013,0.28600000000000003,0.3799999999999999,0.49043046836152765,-0.11740214808214393,0.12304484984990527,0.704406760720004,-0.01199706503981484
0.33500000000000013,0.28600000000000003,0.3789999999999998,0.4920389925140554,-0.11892377211293345,0.11632775950598057,0.7006176342886179,-0.011831494043068186
0.33600000000000013,0.28600000000000003,0.3779999999999999,0.49363235149394313,-0.12045189964293258,0.10964528448594786,0.6968648790343064,-0.01152447096244423
0.33700000000000013,0.28600000000000003,0.3769999999999998,0.49521062383962394,-0.12198644019403833,0.10299769570201212,0.6931486176159268,-0.011077839607321317
0.33800000000000013,0.28600000000000003,0.3759999999999999,0.49677388850361515,-0.12352730292948425,0.09638525984370634,0.689468968004013,-0.010493451098937609
0.33900000000000013,0.28600000000000003,0.3749999999999998,0.4983222248681305,-0.12507439666978618,0.08980823935665906,0.6858260435027155,-0.009773163411488171
0.34000000000000014,0.28600000000000003,0.3739999999999999,0.4998557127525698,-0.12662762990848433,0.08326689241847246,0.6822199527761821,-0.008918840907793962
0.34100000000000014,0.28600000000000003,0.3729999999999998,0.5013744324270688,-0.12818691082810005,0.07676147291897353,0.6786507998709792,-0.007932353882283971
0.34200000000000014,0.28600000000000003,0.3719999999999999,0.5028784646215362,-0.12975214731586235,0.07029223044061055,0.6751186842432164,-0.006815578101837933
0.34300000000000014,0.28600000000000003,0.3709999999999998,0.5043678905355188,-0.13132324697953082,0.06385941024079568,0.6716237007838656,-0.005570394350245776
0.34400000000000014,0.28600000000000003,0.3699999999999999,0.5058427918442218,-0.13290011716313793,0.05746325323749326,0.6681659398456057,-0.004198687974272489
0.34500000000000014,0.28600000000000003,0.3689999999999998,0.5073032507083556,-0.1344826649625726,0.051103995992996316,0.6647454872725093,-0.002702348431176175
0.34600000000000014,0.28600000000000003,0.3679999999999999,0.508749349778843,-0.13607079724138715,0.04478187070358567,0.661362424425314,-0.0010832688413411548
0.3210000000000001,0.28700000000000003,0.3919999999999998,0.4666833697962648,-0.09782440474131493,0.20913589895322957,0.7507184174317519,-0.0011584710152644229
0.3220000000000001,0.28700000000000003,0.3909999999999999,0.4684883844824695,-0.09924538415176822,0.2020295856163636,0.7465005377555312,-0.002911257970549877
0.3230000000000001,0.28700000000000003,0.3899999999999998,0.47027732663848887,-0.1006739308601146,0.19495418177533666,0.7423170194894142,-0.004501620781336035
0.3240000000000001,0.28700000000000003,0.3889999999999999,0.47205027168701064,-0.1021099609774468,0.1879100052590147,0.7381680439027586,-0.005931264528006533
0.3250000000000001,0.28700000000000003,0.3879999999999998,0.4738072951692355,-0.1035533900626965,0.18089737017501947,0.7340537873923665,-0.007201907025754975
0.3260000000000001,0.28700000000000003,0.3869999999999999,0.47554847277577855,-0.1050041331380766,0.17391658686349676,0.7299744214941161,-0.008315278386511804
0.3270000000000001,0.28700000000000003,0.3859999999999998,0.47727388037563306,-0.10646210470458213,0.16696796184747376,0.7259301128955638,-0.009273120575059864
0.3280000000000001,0.28700000000000003,0.3849999999999999,0.4789835940428418,-0.10792721875753442,0.16005179778883366,0.7219210234496993,-0.01007718696315657
0.3290000000000001,0.28700000000000003,0.3839999999999998,0.4806776900823585,-0.10939938880216173,0.15316839344506483,0.717947310189838,-0.010729241880848846
0.3300000000000001,0.28700000000000003,0.3829999999999999,0.48235624505412483,-0.1108785278691907,0.14631804362908588,0.7140091253460177,-0.011231060165642195
0.3310000000000001,0.28700000000000003,0.3819999999999998,0.484019335795321,-0.11236454853059893,0.13950103917047368,0.7101066163594848,-0.01158442671085979
0.33200000000000013,0.28700000000000003,0.3809999999999999,0.48566703944142153,-0.11385736291518603,0.13271766687923675,0.706239925902635,-0.011791136010672748
0.33300000000000013,0.28700000000000003,0.3799999999999998,0.48729943344631244,-0.11535688272431732,0.12596820951018955,0.7024091918964386,-0.011852991705365072
0.33400000000000013,0.28700000000000003,0.3789999999999999,0.48891659560075706,-0.11686301924771961,0.11925294573302914,0.6986145475280099,-0.011771806127700547
0.33500000000000013,0.28700000000000003,0.3779999999999998,0.4905186040497973,-0.11837568337905961,0.11257215009922256,0.6948561212737644,-0.01154939984452713
0.33600000000000013,0.28700000000000003,0.3769999999999999,0.4921055373083057,-0.11989478563178238,0.105926093013791,0.691134036917958,-0.011187601201933461
0.33700000000000013,0.28700000000000003,0.3759999999999998,0.49367747427629677,-0.12142023615473715,0.0993150407089274,0.6874484135764175,-0.010688245869130121
0.33800000000000013,0.28700000000000003,0.3749999999999999,0.4952344942521855,-0.12295194474799445,0.09273925521929478,0.6837993657169458,-0.010053176384249997
0.33900000000000013,0.28700000000000003,0.3739999999999998,0.4967766769482274,-0.12448982087840564,0.08619899435789177,0.680187003185454,-0.009284241699604692
0.34000000000000014,0.28700000000000003,0.3729999999999999,0.49830410249816365,-0.1260337736953637,0.0796945116951539,0.6766114312283658,-0.00838329672809781
0.34100000000000014,0.28700000000000003,0.3719999999999998,0.4998168514706664,-0.12758371204642635,0.07322605653750922,0.6730727505180719,-0.007352201891582876
0.34200000000000014,0.28700000000000003,0.3709999999999999,0.5013150048785305,-0.12913954449291426,0.0667938739108747,0.6695710571789752,-0.006192822671340047
0.34300000000000014,0.28700000000000003,0.3699999999999998,0.5027986441885685,-0.13070117932546227,0.06039820454358938,0.6661064428144755,-0.004907029159910689
0.34400000000000014,0.28700000000000003,0.3689999999999999,0.5042678513276366,-0.1322685245795607,0.054039284851866674,0.6626789945340467,-0.0034966956148022935
0.34500000000000014,0.28700000000000003,0.36799999999999977,0.5057227086924935,-0.13384148805108126,0.047717346923755864,0.6592887949804612,-0.0019637000146971242
0.34600000000000014,0.28700000000000003,0.3669999999999999,0.5071632991546037,-0.13541997731161382,0.04143261851022847,0.6559359223602964,-0.00030992361896053575
0.3210000000000001,0.28800000000000003,0.3909999999999998,0.4652701873565201,-0.09739788095817796,0.20491623239432244,0.7445777996805664,-0.001820884934402467
0.3220000000000001,0.28800000000000003,0.3899999999999999,0.46706762903025817,-0.09881086336829797,0.19784419826925026,0.7403905815485967,-0.0034911878002314295
0.3230000000000001,0.28800000000000003,0.3889999999999998,0.4688490815442285,-0.10023134136756165,0.1908032553400595,0.7362377424967613,-0.005001168874137582
0.3240000000000001,0.28800000000000003,0.3879999999999999,0.4706146208748586,-0.10165923154737644,0.18379371657345728,0.7321194598007993,-0.006352531178693707
0.3250000000000001,0.28800000000000003,0.3869999999999998,0.4723643231019341,-0.1030944499589881,0.17681589123037897,0.7280359058988949,-0.007546989951713573
0.3260000000000001,0.28800000000000003,0.3859999999999999,0.4740982644390913,-0.10453691212877066,0.16987008481255406,0.7239872484035399,-0.00858627221064269
0.3270000000000001,0.28800000000000003,0.3849999999999998,0.4758165212629889,-0.10598653307352443,0.16295659901999615,0.7199736501154793,-0.009472116316835907
0.3280000000000001,0.28800000000000003,0.3839999999999999,0.4775191701398329,-0.10744322731583743,0.15607573170559355,0.7159952690382265,-0.01020627153472256
0.3290000000000001,0.28800000000000003,0.3829999999999998,0.4792062878512808,-0.10890690889954843,0.1492277768346083,0.7120522583921938,-0.0107904975908956
0.3300000000000001,0.28800000000000003,0.3819999999999999,0.48087795141834916,-0.11037749140515377,0.14241302444245507,0.7081447666318172,-0.011226564228243509
0.3310000000000001,0.28800000000000003,0.3809999999999998,0.4825342381237124,-0.11185488796526741,0.13563176059849796,0.7042729374630156,-0.011516250760421946
0.33200000000000013,0.28800000000000003,0.3799999999999999,0.48417522553282083,-0.11333901128016385,0.1288842673725121,0.700436909860241,-0.011661345626142489
0.33300000000000013,0.28800000000000003,0.3789999999999998,0.485800991513868,-0.1148297736332872,0.12217082279699526,0.6966368180855285,-0.011663645939330357
0.33400000000000013,0.28800000000000003,0.3779999999999999,0.487411614256284,-0.1163270869067528,0.11549170083893616,0.6928727917088019,-0.011524957041823429
0.33500000000000013,0.28800000000000003,0.3769999999999998,0.4890071722881253,-0.11783086259690627,0.10884717136740747,0.6891449556279,-0.011247092053660993
0.33600000000000013,0.28800000000000003,0.3759999999999999,0.4905877444917402,-0.11934101182987372,0.10223750012845531,0.6854534300896323,-0.010831871425610262
0.33700000000000013,0.28800000000000003,0.3749999999999998,0.4921534101189738,-0.12085744537700484,0.09566294871711034,0.6817983307137371,-0.01028112248933144
0.33800000000000013,0.28800000000000003,0.3739999999999999,0.4937042488043916,-0.1223800736704569,0.08912377455254868,0.6781797685144558,-0.009596679009822112
0.33900000000000013,0.28800000000000003,0.3729999999999998,0.4952403405809474,-0.12390880681870502,0.08262023085909767,0.6745978499241239,-0.008780380741559346
0.34000000000000014,0.28800000000000003,0.3719999999999999,0.4967617658873778,-0.12544355462195206,0.07615256664034709,0.6710526768190621,-0.007834072978404584
0.34100000000000014,0.28800000000000003,0.3709999999999998,0.4982686055819564,-0.12698422658761388,0.06972102666416546,0.6675443465441614,-0.006759606113070301
0.34200000000000014,0.28800000000000003,0.3699999999999999,0.4997609409515663,-0.12853073194566442,0.06332585144382269,0.664072951940298,-0.005558835193466668
0.34300000000000014,0.28800000000000003,0.3689999999999998,0.5012388537215745,-0.13008297966413235,0.056967277220567325,0.6606385813688228,-0.004233619482799263
0.34400000000000014,0.28800000000000003,0.3679999999999999,0.5027024260620329,-0.1316408784642803,0.05064553595219193,0.6572413187420437,-0.0027858220213994277
0.34500000000000014,0.28800000000000003,0.36699999999999977,0.5041517405975937,-0.1332043368360256,0.044360855297937686,0.6538812435488687,-0.0012173091917268668
0.3200000000000001,0.289,0.39099999999999996,0.46205901305979635,-0.09557614572365265,0.20779587161297242,0.7426792841553629,-0.0006935774744702139
0.3210000000000001,0.289,0.38999999999999985,0.4638649359741776,-0.09697368422303293,0.20072717792140007,0.7384884314605528,-0.002442951593766479
0.3220000000000001,0.289,0.38899999999999996,0.4656548761646839,-0.09837872981808453,0.19368944135055347,0.7343317947332789,-0.004032398305451865
0.3230000000000001,0.289,0.38799999999999985,0.46742891009251974,-0.09979120012195632,0.1866829736882346,0.7302095521169389,-0.005463606123972148
0.3240000000000001,0.289,0.38699999999999996,0.46918711427592186,-0.1012110122044488,0.17970808307492717,0.7261218769391562,-0.00673827569252565
0.3250000000000001,0.289,0.38599999999999984,0.47092956532127594,-0.10263808260696054,0.1727650739562564,0.722068937726078,-0.007858119357401688
0.3260000000000001,0.289,0.38499999999999995,0.47265633995369855,-0.10407232735767306,0.16585424703400709,0.7180508982133412,-0.008824860740489077
0.3270000000000001,0.289,0.38399999999999984,0.47436751504606833,-0.1055136619866401,0.15897589922237754,0.7140679173615186,-0.009640234308099682
0.3280000000000001,0.289,0.38299999999999995,0.4760631676454487,-0.10696200154102563,0.1521303236021882,0.7101201493700683,-0.010305984936257014
0.3290000000000001,0.289,0.38199999999999984,0.47774337499897185,-0.10841726060030982,0.1453178093818062,0.7062077436938832,-0.010823867475289337
0.3300000000000001,0.289,0.38099999999999995,0.47940821457787197,-0.10987935329159351,0.13853864185928189,0.7023308450592481,-0.011195646312838134
0.3310000000000001,0.289,0.37999999999999984,0.48105776409961326,-0.11134819330485467,0.13179310238373723,0.6984895934823684,-0.011423094933151967
0.33200000000000013,0.289,0.37899999999999995,0.48269210154891196,-0.11282369390833608,0.12508146832108843,0.6946841242863544,-0.011507995477542554
0.33300000000000013,0.289,0.37799999999999984,0.4843113051979165,-0.11430576796378532,0.11840401302212952,0.6909145681226119,-0.011452138302823399
0.33400000000000013,0.289,0.37699999999999995,0.485915453624489,-0.1157943279418832,0.11176100579074529,0.6871810509891747,-0.011257321540029293
0.33500000000000013,0.289,0.37599999999999983,0.4875046257297796,-0.11728928593756527,0.10515271185624625,0.6834836942522929,-0.01092535065311872
0.33600000000000013,0.289,0.37499999999999994,0.48907890075368804,-0.1187905536853101,0.09857939234470736,0.6798226146694143,-0.010458037995992403
0.33700000000000013,0.289,0.37399999999999983,0.4906383582902254,-0.12029804257457286,0.09204130425487586,0.676197924409803,-0.009857202373003193
0.33800000000000013,0.289,0.37299999999999994,0.4921830783007726,-0.1218116636649877,0.08553870043443997,0.6726097310804324,-0.009124668597368636
0.33900000000000013,0.289,0.37199999999999983,0.49371314112960696,-0.12333132770180666,0.07907182955868756,0.6690581377474356,-0.008262267054229253
0.34000000000000014,0.289,0.37099999999999994,0.4952286275115274,-0.12485694513105595,0.07264093610924273,0.6655432429635595,-0.00727183325966748
0.34100000000000014,0.289,0.36999999999999983,0.49672961858547904,-0.12638842611481857,0.06624626035679017,0.6620651407931922,-0.006155207426251617
0.34200000000000014,0.289,0.36899999999999994,0.49821619590375055,-0.12792568054647882,0.05988803834462008,0.658623920838225,-0.004914234028662565
0.34300000000000014,0.289,0.3679999999999998,0.4996884414418516,-0.12946861806590498,0.053566501871217816,0.6552196682651098,-0.003550761370417342
0.34400000000000014,0.289,0.36699999999999994,0.5011464376048065,-0.13101714807444287,0.047281878480325806,0.6518524638353371,-0.0020666411541812486
0.34500000000000014,0.289,0.3659999999999998,0.5025902672370581,-0.132571179750188,0.04103439144544222,0.6485223839303479,-0.00046372805442924936
0.3200000000000001,0.29,0.38999999999999996,0.46066914589945795,-0.09516206789584762,0.20360321503313542,0.7366102583035483,-0.00135771437637755
0.3210000000000001,0.29,0.38899999999999985,0.46246755615545687,-0.09655179973507827,0.1965686560272166,0.7324498891258797,-0.00302576992758094
0.3220000000000001,0.29,0.38799999999999996,0.4642500655682159,-0.097948968142376,0.18956523271513626,0.7283237522903533,-0.004535963741446339
0.3230000000000001,0.29,0.38699999999999984,0.4660167511439004,-0.09935349119555958,0.18259325208167845,0.7242320220029774,-0.005889982147436024
0.3240000000000001,0.29,0.38599999999999995,0.4677676899307598,-0.10076528644077956,0.17565301747569637,0.7201748676907233,-0.0070895230957534194
0.3250000000000001,0.29,0.38499999999999984,0.4695029590502752,-0.10218427090746321,0.16874482856567308,0.7161524540125106,-0.008136295740426923
0.3260000000000001,0.29,0.38399999999999995,0.4712226357275117,-0.10361036112320908,0.16186898128753469,0.712164940873721,-0.009032020014220765
0.3270000000000001,0.29,0.38299999999999984,0.47292679732024456,-0.1050434731287864,0.15502576780531538,0.7082124834403405,-0.009778426205904203
0.3280000000000001,0.29,0.38199999999999995,0.47461552134531687,-0.10648352249313846,0.14821547646561692,0.7042952321549416,-0.01037725453063816
0.3290000000000001,0.29,0.38099999999999984,0.4762888855045151,-0.1079304243284632,0.1414383917600811,0.700413332752637,-0.010830254701727708
0.3300000000000001,0.29,0.37999999999999995,0.47794696770843476,-0.1093840933053431,0.1346947942853006,0.6965669262775476,-0.011139185498628655
0.3310000000000001,0.29,0.37899999999999984,0.4795898460986879,-0.11084444366776602,0.1279849607073962,0.6927561491031251,-0.011305814333229358
0.33200000000000013,0.29,0.37799999999999995,0.48121759906899003,-0.11231138924842504,0.12130916373038506,0.6889811329475676,-0.011331916818781963
0.33300000000000013,0.29,0.37699999999999984,0.482830305285189,-0.11378484348369301,0.11466767206201207,0.6852420048975236,-0.011219276332907938
0.33400000000000013,0.29,0.37599999999999995,0.48442804370360965,-0.1152647194289187,0.10806075038427145,0.681538887425759,-0.010969683584428291
0.33500000000000013,0.29,0.37499999999999983,0.48601089358852584,-0.11675092977351009,0.10148865932446527,0.6778718984142821,-0.010584936177644479
0.33600000000000013,0.29,0.37399999999999994,0.48757893452783196,-0.11824338685611564,0.09495165543155536,0.6742411511760612,-0.010066838179257506
0.33700000000000013,0.29,0.37299999999999983,0.48913224644826986,-0.11974200267978923,0.08844999114978991,0.6706467544777158,-0.009417199683970097
0.33800000000000013,0.29,0.37199999999999994,0.49067090962869364,-0.12124668892711642,0.08198391479552493,0.6670888125634521,-0.008637836381063059
0.33900000000000013,0.29,0.37099999999999983,0.49219500471569394,-0.12275735697524594,0.07555367053833457,0.6635674251812592,-0.007730569124031344
0.34000000000000014,0.29,0.36999999999999994,0.493704612731199,-0.12427391791110601,0.06915949837922264,0.6600826876055799,-0.006697223498506041
0.34100000000000014,0.29,0.36899999999999983,0.49519981508617,-0.1257962825463415,0.06280163413496277,0.6566346906657402,-0.005539629394663657
0.34200000000000014,0.29,0.36799999999999994,0.4966806935898226,-0.1273243614324186,0.056480309422045426,0.653223520771012,-0.0042596205807896685
0.34300000000000014,0.29,0.3669999999999998,0.49814733045950316,-0.1288580648755097,0.050195751639194784,0.6498492599399175,-0.002859034276712729
0.34400000000000014,0.29,0.36599999999999994,0.49959980832710654,-0.1303973029515177,0.04394818395946325,0.6465119858266076,-0.001339710734079725
0.3190000000000001,0.291,0.38999999999999985,0.457480156091769,-0.09337569367487376,0.2064724049351142,0.7347557556955281,-0.00023625800651876083
0.3200000000000001,0.291,0.38899999999999996,0.45928702100796004,-0.09475022934769264,0.19944099310681823,0.7305917187295443,-0.001982080347010251
0.3210000000000001,0.291,0.38799999999999985,0.4610779889560651,-0.09613221279388728,0.19244058582889265,0.7264617528153576,-0.003570415268209004
0.3220000000000001,0.291,0.38699999999999996,0.4628531374837278,-0.09752156308879044,0.18547148888715315,0.7223660330258721,-0.005002935066053704
0.3230000000000001,0.291,0.38599999999999984,0.4646125441303408,-0.09891819877303125,0.1785340044981639,0.7183047296763816,-0.006281323571651745
0.3240000000000001,0.291,0.38499999999999995,0.46635628646259497,-0.10032203786720988,0.17162843125453242,0.7142780083363092,-0.007407275740800814
0.3250000000000001,0.291,0.38399999999999984,0.4680844421055326,-0.10173299788651065,0.16475506408057744,0.7102860298448319,-0.008382497240167756
0.3260000000000001,0.291,0.38299999999999995,0.46979708877300347,-0.10315099585558496,0.15791419418471445,0.7063289503222654,-0.00920870403158286
0.3270000000000001,0.291,0.38199999999999984,0.47149430429661576,-0.10457594832333811,0.1511061090180346,0.702406921185847,-0.009887621953409836
0.3280000000000001,0.291,0.38099999999999995,0.4731761666520638,-0.1060077713777147,0.14433109222984072,0.6985200891673561,-0.010420986296609189
0.3290000000000001,0.291,0.37999999999999984,0.47484275398495324,-0.10744638066070403,0.1375894236306823,0.6946685963273579,-0.01081054138368888
0.3300000000000001,0.291,0.37899999999999995,0.47649414463474127,-0.10889169138316529,0.1308813791554344,0.6908525800751318,-0.011058040142734336
0.3310000000000001,0.291,0.37799999999999984,0.47813041715690363,-0.1103436183398462,0.12420723082822803,0.6870721731855671,-0.01116524368189515
0.33200000000000013,0.291,0.37699999999999995,0.4797516503438234,-0.11180207592427849,0.11756724672759887,0.6833275038200585,-0.011133920860812031
0.33300000000000013,0.291,0.37599999999999983,0.4813579232450138,-0.11326697814381752,0.11096169095772329,0.6796186955452702,-0.010965847864943798
0.33400000000000013,0.291,0.37499999999999994,0.48294931518542605,-0.11473823863455246,0.10439082361893501,0.6759458673556794,-0.010662807776982038
0.33500000000000013,0.291,0.37399999999999983,0.4845259057828933,-0.1162157706763431,0.09785490077894211,0.6723091336941535,-0.010226590149155099
0.33600000000000013,0.291,0.37299999999999994,0.48608777496378164,-0.11769948720774764,0.09135417444932686,0.6687086044755416,-0.009658990576328283
0.33700000000000013,0.291,0.37199999999999983,0.4876350029782304,-0.11918930084103554,0.08488889256004518,0.6651443851090048,-0.008961810269157017
0.33800000000000013,0.291,0.37099999999999994,0.4891676704135493,-0.12068512387703999,0.07845929893925489,0.6616165765240781,-0.00813685562844077
0.33900000000000013,0.291,0.36999999999999983,0.4906858582096781,-0.12218686832015392,0.07206563329149497,0.6581252751940585,-0.007185937821516369
0.34000000000000014,0.291,0.36899999999999994,0.49218964766703005,-0.12369444589323744,0.06570813118070959,0.6546705731614242,-0.006110872358797259
0.34100000000000014,0.291,0.3679999999999998,0.49367912046004425,-0.1252077680523813,0.05938702401188122,0.6512525580661994,-0.004913478672182416
0.34200000000000014,0.291,0.36699999999999994,0.4951543586464859,-0.12672674600182127,0.05310253901649395,0.6478713131712306,-0.0035955796966671873
0.34300000000000014,0.291,0.3659999999999998,0.4966154446774882,-0.12825129070868713,0.04685489923811511,0.6445269173906611,-0.0021590014530752655
0.34400000000000014,0.291,0.36499999999999994,0.4980624614038806,-0.12978131291773579,0.040644323522392084,0.641219445318431,-0.0006055726340461823
0.3190000000000001,0.292,0.38899999999999985,0.45611316906371724,-0.09297370163053265,0.2023065473593006,0.7287569810689032,-0.000902106063628158
0.3200000000000001,0.292,0.38799999999999996,0.457912580788324,-0.09434061601332379,0.19530912620741306,0.7246232506594266,-0.002567751694633122
0.3210000000000001,0.292,0.38699999999999984,0.4596961759753513,-0.09571490879820177,0.1883428851092011,0.7205236064182984,-0.004077939812599116
0.3220000000000001,0.292,0.38599999999999995,0.4614640327086268,-0.09709649950993243,0.18140812510408497,0.7164582195386028,-0.005434340403985494
0.3230000000000001,0.292,0.38499999999999984,0.4632162290491548,-0.09848530715017435,0.17450514367352113,0.7124272564887297,-0.006638634498399576
0.3240000000000001,0.292,0.38399999999999995,0.4649528430707076,-0.0998812502118442,0.16763423468989097,0.7084308790283683,-0.007692513762728122
0.3250000000000001,0.292,0.38299999999999984,0.4666739528907233,-0.10128424669374293,0.16079568837058075,0.7044692442204519,-0.008597680094273946
0.3260000000000001,0.292,0.38199999999999995,0.4683796367007434,-0.10269421411517618,0.15398979123210815,0.7005425044454857,-0.00935584520990286
0.3270000000000001,0.292,0.38099999999999984,0.4700699727952287,-0.10411106953053453,0.14721682604745817,0.6966508074187733,-0.00996873023206405
0.3280000000000001,0.292,0.37999999999999995,0.47174503959805497,-0.105534729544045,0.14047707180727495,0.6927942962054146,-0.010438065274614293
0.3290000000000001,0.292,0.37899999999999984,0.47340491568817283,-0.10696511032447051,0.13377080368062647,0.6889731092381799,-0.01076558902515188
0.3300000000000001,0.292,0.37799999999999995,0.47504967982345025,-0.10840212761983459,0.1270982929773201,0.6851873803362512,-0.010953048325554715
0.3310000000000001,0.292,0.37699999999999984,0.47667941096293537,-0.10984569677223203,0.12045980711629807,0.6814372387233271,-0.011002197753799514
0.33200000000000013,0.292,0.37599999999999995,0.4782941882877712,-0.1112957327326067,0.11385560959242116,0.6777228090476666,-0.010914799203030304
0.33300000000000013,0.292,0.37499999999999983,0.47989409122131527,-0.11275215007552049,0.1072859599464031,0.6740442114033137,-0.010692621460808044
0.33400000000000013,0.292,0.37399999999999994,0.48147919944741535,-0.11421486301399342,0.10075111373549858,0.6704015613506579,-0.010337439788129225
0.33500000000000013,0.292,0.37299999999999983,0.4830495929279921,-0.11568378541423033,0.09425132250841912,0.6667949699401755,-0.009851035498936081
0.33600000000000013,0.292,0.37199999999999994,0.484605351918565,-0.11715883081050343,0.08778683377970709,0.6632245437334519,-0.009235195540142627
0.33700000000000013,0.292,0.37099999999999983,0.4861465569836376,-0.11863991241983575,0.08135789100773172,0.6596903848289224,-0.0084917120720855
0.33800000000000013,0.292,0.36999999999999994,0.48767328900996143,-0.12012694315680907,0.07496473357206342,0.6561925908853291,-0.007622382049745097
0.33900000000000013,0.292,0.36899999999999983,0.48918562922220077,-0.12161983564828353,0.06860759675622362,0.6527312551472916,-0.006629006807632773
0.34000000000000014,0.292,0.36799999999999994,0.4906836591906155,-0.12311850224810571,0.06228671172728717,0.6493064664712294,-0.005513391641709709
0.34100000000000014,0.292,0.3669999999999998,0.4921674608448053,-0.12462285505175584,0.05600230552156634,0.6459183093525481,-0.004277345397462339
0.34200000000000014,0.292,0.36599999999999994,0.4936371164830023,-0.12613280591103476,0.04975460102972592,0.6425668639519493,-0.002922680058289235
0.34300000000000014,0.292,0.3649999999999998,0.4950927087820879,-0.12764826644857333,0.043543816981709324,0.6392522061250878,-0.0014512103348901725
0.3190000000000001,0.293,0.38799999999999985,0.4547537404412404,-0.09257386441443387,0.19817094806456595,0.7228079471895954,-0.0015287441525459328
0.3200000000000001,0.293,0.38699999999999996,0.4565457681708748,-0.09393321392057978,0.19120753337057275,0.7187044429951809,-0.003115781755661365
0.3210000000000001,0.293,0.38599999999999984,0.4583220593505283,-0.09529987324612152,0.1842754703570222,0.7146350375405894,-0.004549373080915783
0.3220000000000001,0.293,0.38499999999999995,0.4600826925887508,-0.09667376236362324,0.1773750553526097,0.7105998981828597,-0.005831185502889788
0.3230000000000001,0.293,0.38399999999999984,0.46182774645684393,-0.09805480073385138,0.17050658113958617,0.7065991875897804,-0.006962896955514969
0.3240000000000001,0.293,0.38299999999999995,0.46355729952441127,-0.09944290732005699,0.16367033690423702,0.702633063754593,-0.00794619553299674
0.3250000000000001,0.293,0.38199999999999984,0.4652714303902177,-0.10083800060240443,0.15686660819219908,0.6987016800094122,-0.008782779088248961
0.3260000000000001,0.293,0.38099999999999995,0.46697021771261277,-0.10223999859238203,0.1500956768642999,0.6948051850411655,-0.009474354827711903
0.3270000000000001,0.293,0.37999999999999984,0.46865374023831297,-0.10364881884730998,0.1433578210549273,0.6909437229071416,-0.010022638904560843
0.3280000000000001,0.293,0.37899999999999995,0.4703220768287575,-0.10506437848487078,0.13665331513162643,0.6871174330517661,-0.010429356008944873
0.3290000000000001,0.293,0.37799999999999984,0.4719753064857858,-0.10648659419759876,0.12998242965788037,0.6833264503258648,-0.010696238956676755
0.3300000000000001,0.293,0.37699999999999995,0.47361350837558736,-0.10791538226758658,0.12334543135919857,0.679570905002395,-0.010825028279060928
0.3310000000000001,0.293,0.37599999999999983,0.4752367618508053,-0.10935065858091264,0.11674258308906539,0.675850922799754,-0.010817471807654175
0.33200000000000013,0.293,0.37499999999999994,0.4768451464714175,-0.11079233864237216,0.1101741437960693,0.6721666248993294,-0.0106753242610848
0.33300000000000013,0.293,0.37399999999999983,0.47843874202492914,-0.11224033759009636,0.10364036849642701,0.668518127966589,-0.01040034683204532
0.33400000000000013,0.293,0.37299999999999994,0.48001762854464963,-0.11369457021013057,0.09714150824545649,0.6649055441738747,-0.009994306772404676
0.33500000000000013,0.293,0.37199999999999983,0.481581886327283,-0.1151549509510143,0.09067781011325922,0.6613289812237856,-0.009458976980018706
0.33600000000000013,0.293,0.37099999999999994,0.4831315959483922,-0.116621393938446,0.0842495171583354,0.6577885423713151,-0.008796135584804635
0.33700000000000013,0.293,0.36999999999999983,0.48466683827785845,-0.11809381298988028,0.07785686840753528,0.6542843264479197,-0.008007565537667894
0.33800000000000013,0.293,0.36899999999999994,0.48618769449319393,-0.11957212162906863,0.07150009883472362,0.6508164278870571,-0.0070950541985563415
0.33900000000000013,0.293,0.3679999999999998,0.4876942460951431,-0.12105623310060608,0.06517943934249551,0.6473849367498015,-0.006060392927886019
0.34000000000000014,0.293,0.36699999999999994,0.48918657491552753,-0.12254606038446543,0.05889511674495003,0.6439899387507984,-0.004905376677191913
0.34100000000000014,0.293,0.3659999999999998,0.4906647631308711,-0.12404151621043825,0.05264735375105314,0.6406315152861031,-0.0036318035830029682
0.34200000000000014,0.293,0.36499999999999994,0.4921288932718387,-0.12554251307267383,0.0464363689524937,0.6373097434589466,-0.0022414745640122954
0.34300000000000014,0.293,0.3639999999999998,0.4935790482333082,-0.12704896324395776,0.04026237680950396,0.6340246961104715,-0.0007361929179040411
0.3180000000000001,0.294,0.38799999999999996,0.45160136610341106,-0.09083164921352782,0.20102614667904353,0.7210155481020465,-0.0004541442895984321
0.3190000000000001,0.294,0.38699999999999984,0.453401814460523,-0.09217616866115544,0.1940655273321863,0.7169082479016295,-0.002117226649898399
0.3200000000000001,0.294,0.38599999999999995,0.45518652660753633,-0.09352800919026404,0.18713613233058035,0.7128348882798117,-0.0036272013453723523
0.3210000000000001,0.294,0.38499999999999984,0.45695558175099,-0.09488709173431274,0.18023825680764347,0.708795637468616,-0.0049857223671009865
0.3220000000000001,0.294,0.38399999999999995,0.4587090590127194,-0.09625333671194854,0.17337219241297788,0.7047906590338315,-0.006194454182309753
0.3230000000000001,0.294,0.38299999999999984,0.4604470374631407,-0.09762666404118055,0.16653822726432807,0.7008201118866452,-0.007255071344785695
0.3240000000000001,0.294,0.38199999999999995,0.46216959615670605,-0.0990069931535209,0.15973664589811828,0.6968841502985161,-0.00816925810121686
0.3250000000000001,0.294,0.38099999999999984,0.4638768141626864,-0.10039424300818568,0.1529677292249884,0.6929829239167604,-0.00893870799424952
0.3260000000000001,0.294,0.37999999999999995,0.4655687705955282,-0.10178833210646503,0.1462317544860195,0.6891165777780994,-0.0095651234644
0.3270000000000001,0.294,0.37899999999999984,0.46724554464359963,-0.10318917850595316,0.13952899521213777,0.6852852523274269,-0.010050215447957443
0.3280000000000001,0.294,0.37799999999999995,0.46890721559560034,-0.10459669983498188,0.1328597211865243,0.6814890834334301,-0.010395702975004556
0.3290000000000001,0.294,0.37699999999999984,0.47055386286617074,-0.10601081330691955,0.12622419840723983,0.6777282024088608,-0.010603312763712076
0.3300000000000001,0.294,0.37599999999999995,0.47218556601969736,-0.10743143573466606,0.11962268905137424,0.6740027360276352,-0.01067477881490974
0.3310000000000001,0.294,0.37499999999999983,0.473802404792516,-0.10885848354500634,0.11305545144442693,0.6703128065463776,-0.010611842005481563
0.33200000000000013,0.294,0.37399999999999994,0.47540445911385,-0.1102918727931117,0.10652274002968197,0.6666585317236745,-0.010416249681865539
0.33300000000000013,0.294,0.37299999999999983,0.47699180912589034,-0.11173151917693318,0.10002480533908323,0.6630400248426537,-0.010089755252259844
0.33400000000000013,0.294,0.37199999999999994,0.47856453520209646,-0.11317733805164293,0.09356189396597106,0.6594573947332578,-0.009634117779194235
0.33500000000000013,0.294,0.37099999999999983,0.4801227179647166,-0.1146292444441219,0.08713424853992775,0.6559107457941679,-0.009051101573185071
0.33600000000000013,0.294,0.36999999999999994,0.48166643830048905,-0.11608715306731297,0.08074210770586715,0.6524001780181282,-0.008342475786943322
0.33700000000000013,0.294,0.36899999999999983,0.4831957773759071,-0.11755097833472662,0.0743857061002258,0.6489257870144404,-0.007510014010015598
0.33800000000000013,0.294,0.36799999999999994,0.4847108166506295,-0.11902063437470314,0.06806527433187488,0.6454876640368227,-0.006555493864028532
0.33900000000000013,0.294,0.3669999999999998,0.4862116378931082,-0.1204960350448979,0.061781038964697006,0.642085896006791,-0.005480696602310316
0.34000000000000014,0.294,0.36599999999999994,0.48769832318844314,-0.12197709394654303,0.055533222500341047,0.6387205655417237,-0.00428740670690049
0.34100000000000014,0.294,0.3649999999999998,0.48917095495214447,-0.12346372443875629,0.04932204336439141,0.635391750981883,-0.0029774114912200222
0.34200000000000014,0.294,0.36399999999999993,0.49062961593946164,-0.12495583965280989,0.0431477158918068,0.6320995264180929,-0.0015525007026144962
0.34300000000000014,0.294,0.3629999999999998,0.49207438925561087,-0.12645335250631323,0.03701045031560012,0.6288439617208863,-1.4466128369666764e-05
0.3180000000000001,0.295,0.38699999999999996,0.4502642140412191,-0.09044346776065071,0.19691696172566325,0.7151347305465232,-0.0010830210036546634
0.3190000000000001,0.295,0.38599999999999984,0.45205733586366337,-0.09178060109215531,0.18999020413917458,0.7110574806181271,-0.0026685855672257675
0.3200000000000001,0.295,0.38499999999999995,0.45383480006657845,-0.09312498803546443,0.183094839565756,0.707014182664134,-0.004103019203185829
0.3210000000000001,0.295,0.38399999999999984,0.45559668637265405,-0.09447654995724677,0.1762311584812582,0.7030050011356295,-0.005387973179256732
0.3220000000000001,0.295,0.38299999999999995,0.45734307440595795,-0.09583520772051043,0.16939944789294734,0.6990300958511338,-0.006525108771200661
0.3230000000000001,0.295,0.38199999999999984,0.4590740437250312,-0.09720088169859452,0.16259999128902555,0.6950896220095031,-0.007516096876954606
0.3240000000000001,0.295,0.38099999999999995,0.4607896738583227,-0.09857349178914661,0.15583306859105314,0.6911837302055073,-0.008362617628841128
0.3250000000000001,0.295,0.37999999999999984,0.4624900443348824,-0.099952957428225,0.14909895610936905,0.6873125664444799,-0.009066360002649744
0.3260000000000001,0.295,0.37899999999999995,0.4641752347148044,-0.10133919760440281,0.1423979265032961,0.6834762721589045,-0.009629021425440407
0.3270000000000001,0.295,0.37799999999999984,0.46584532461779904,-0.10273213087295702,0.13573024873810222,0.6796749842247592,-0.010052307379498436
0.3280000000000001,0.295,0.37699999999999995,0.4675003937495915,-0.10413167537000606,0.12909618804874573,0.6759088349806897,-0.010337931005212901
0.3290000000000001,0.295,0.37599999999999983,0.4691405219275468,-0.10553774882679043,0.12249600590430616,0.6721779522452818,-0.010487612703625727
0.3300000000000001,0.295,0.37499999999999994,0.4707657891044929,-0.1069502685838575,0.1159299599737495,0.668482459337863,-0.010503079736262223
0.3310000000000001,0.295,0.37399999999999983,0.47237627539081944,-0.10836915160533993,0.10939830409399119,0.6648224750982871,-0.010386065825068735
0.33200000000000013,0.295,0.37299999999999994,0.47397206107547835,-0.10979431449324442,0.10290128824167682,0.661198113907504,-0.010138310752806155
0.33300000000000013,0.295,0.37199999999999983,0.4755532266459534,-0.11122567350166335,0.09643915850241513,0.6576094857107039,-0.009761559960807603
0.33400000000000013,0.295,0.37099999999999994,0.4771198528067319,-0.11266314455109035,0.09001215704797581,0.6540566960388744,-0.009257564150450412
0.33500000000000013,0.295,0.36999999999999983,0.478672020496743,-0.11410664324268123,0.08362052210985998,0.6505398460321774,-0.008628078882347609
0.33600000000000013,0.295,0.36899999999999994,0.48020981090502585,-0.11555608487246373,0.07726448795808466,0.6470590324648781,-0.007874864177318877
0.33700000000000013,0.295,0.3679999999999998,0.48173330548608595,-0.11701138444558007,0.07094428487969649,0.6436143477699017,-0.006999684118205143
0.33800000000000013,0.295,0.36699999999999994,0.48324258597331393,-0.11847245669052525,0.06466013915998414,0.6402058800637298,-0.006004306453223845
0.33900000000000013,0.295,0.3659999999999998,0.4847377343946471,-0.11993921607331597,0.05841227306597926,0.6368337131728908,-0.004890502201864121
0.34000000000000014,0.295,0.36499999999999994,0.4862188330804463,-0.12141157681158048,0.05220090482941201,0.633497926662036,-0.0036600452591059804
0.34100000000000014,0.295,0.3639999999999998,0.48768596467725356,-0.12288945288876428,0.04602624863283719,0.6301985958595903,-0.0023147120055336604
0.34200000000000014,0.295,0.36299999999999993,0.4891392121572608,-0.12437275806812832,0.039888514597610225,0.6269357918874074,-0.0008562809176556677
0.3170000000000001,0.296,0.38699999999999984,0.44713286487689613,-0.08873481042399665,0.19976193238059417,0.71338360453197,-1.3892432019116385e-05
0.3180000000000001,0.296,0.38599999999999995,0.4489343873040032,-0.09005734717120033,0.19283777996805632,0.7093025276150554,-0.0016742671041913848
0.3190000000000001,0.296,0.38499999999999984,0.4507202498934194,-0.09138714851524786,0.18594489619795498,0.7052552462870374,-0.0031838309888803096
0.3200000000000001,0.296,0.38399999999999995,0.45249053302694103,-0.09272413676088158,0.1790835703307351,0.7012419258738805,-0.004544222424603762
0.3210000000000001,0.296,0.38299999999999984,0.4542453169324382,-0.09406823370644835,0.1722540882223331,0.6972627270884268,-0.005757089672234386
0.3220000000000001,0.296,0.38199999999999995,0.45598468172514306,-0.09541936065755516,0.16545673226956062,0.693317806045993,-0.006824090538702969
0.3230000000000001,0.296,0.38099999999999984,0.4577087074409133,-0.09677743844092052,0.15869178136615156,0.689407314277449,-0.007746891998979474
0.3240000000000001,0.296,0.37999999999999995,0.4594174740715556,-0.09814238741823325,0.15195951085471704,0.685531398744406,-0.008527169813795948
0.3250000000000001,0.296,0.37899999999999984,0.46111106159547516,-0.09951412750004612,0.1452601924830171,0.6816902018556288,-0.009166608143836297
0.3260000000000001,0.296,0.37799999999999995,0.46278955000800015,-0.10089257815982518,0.1385940943632052,0.6778838614815794,-0.009666899163826334
0.3270000000000001,0.296,0.37699999999999984,0.4644530193500213,-0.10227765844779665,0.1319614809320876,0.6741125109755555,-0.010029742671472518
0.3280000000000001,0.296,0.37599999999999995,0.4661015497343208,-0.10366928700511038,0.12536261291469727,0.6703762791888049,-0.010256845698154542
0.3290000000000001,0.296,0.37499999999999983,0.4677352213711671,-0.1050673820778249,0.1187977472893702,0.6666752904913092,-0.010349922116221641
0.3300000000000001,0.296,0.37399999999999994,0.46935411459211984,-0.10647186153099526,0.11226713725430831,0.663009664791373,-0.01031069224591235
0.3310000000000001,0.296,0.37299999999999983,0.47095830987213144,-0.10788264286275076,0.10577103219674777,0.6593795175565403,-0.010140882461573852
0.33200000000000013,0.296,0.37199999999999994,0.4725478878505291,-0.10929964321841283,0.0993096776651833,0.6557849598345573,-0.009842224798480521
0.33300000000000013,0.296,0.37099999999999983,0.47412292935102596,-0.11072277940455916,0.0928833153403247,0.6522260982763447,-0.009416456557922885
0.33400000000000013,0.296,0.36999999999999994,0.47568351540011417,-0.1121519679031535,0.08649218301118436,0.6487030351581888,-0.00886531991446132
0.33500000000000013,0.296,0.36899999999999983,0.4772297272445752,-0.11358712488559372,0.08013651455074865,0.6452158684062759,-0.00819056152228951
0.33600000000000013,0.296,0.36799999999999994,0.47876164636714175,-0.11502816622679465,0.07381653989499523,0.6417646916208624,-0.007393932123326834
0.33700000000000013,0.296,0.3669999999999998,0.48027935450192066,-0.11647500751926262,0.06753248502306196,0.6383495941009684,-0.0064771861565221765
0.33800000000000013,0.296,0.36599999999999994,0.481782933647766,-0.11792756408709872,0.06128457193763736,0.6349706608707475,-0.005442081367161972
0.33900000000000013,0.296,0.3649999999999998,0.4832724660840091,-0.11938575099999948,0.055073018650087846,0.631627972705988,-0.004290378420446824
0.34000000000000014,0.296,0.36399999999999993,0.4847480343783396,-0.12084948308725925,0.04889803916321077,0.6283216061605581,-0.003023840513114464
0.34100000000000014,0.296,0.3629999999999998,0.4862097214006763,-0.12231867495162009,0.042759843459657526,0.6250516335958382,-0.001644232990486997
0.34200000000000014,0.296,0.36199999999999993,0.4876576103326136,-0.12379324098330231,0.036658637489122764,0.6218181232062778,-0.00015332296471735896
0.3170000000000001,0.297,0.38599999999999984,0.4458175798753708,-0.08835795004634876,0.19567895510657704,0.7075697464590427,-0.0006449686504683
0.3180000000000001,0.297,0.38499999999999995,0.447611832385288,-0.08967327482655404,0.18878852035031085,0.7035185449876782,-0.002228893922925343
0.3190000000000001,0.297,0.38399999999999984,0.44939050228800387,-0.09099579782385445,0.18192951999508383,0.6995011493605253,-0.0036639514996187478
0.3200000000000001,0.297,0.38299999999999995,0.45115367047317206,-0.09232544176211532,0.17510223870194183,0.6955177211757964,-0.004951776890973841
0.3210000000000001,0.297,0.38199999999999984,0.452901417662733,-0.09366212886975311,0.1683069577365386,0.6915684174517708,-0.006094015072482514
0.3220000000000001,0.297,0.38099999999999995,0.4546338244524052,-0.09500578089316436,0.16154395492253432,0.6876533906448867,-0.007092320115409771
0.3230000000000001,0.297,0.37999999999999984,0.4563509713447739,-0.09635631911050205,0.1548135045953351,0.683772788661366,-0.007948354814031743
0.3240000000000001,0.297,0.37899999999999995,0.4580529387844779,-0.09771366434538198,0.14811587755293737,0.6799267548729095,-0.00866379030807448
0.3250000000000001,0.297,0.37799999999999984,0.4597398071889138,-0.09907773698055514,0.14145134101551607,0.6761154281351824,-0.009240305702845106
0.3260000000000001,0.297,0.37699999999999995,0.46141165697854275,-0.1004484569718183,0.1348201585859785,0.6723389428023202,-0.009679587689644019
0.3270000000000001,0.297,0.37599999999999983,0.4630685686054488,-0.1018257438617544,0.12822259020988913,0.6685974287472338,-0.00998333016083005
0.3280000000000001,0.297,0.37499999999999994,0.464710622579642,-0.10320951679368082,0.12165889213985032,0.6648910113784448,-0.010153233825994111
0.3290000000000001,0.297,0.37399999999999983,0.4663378994945802,-0.10459969452547012,0.11512931690024049,0.6612198116612705,-0.010191005825019195
0.3300000000000001,0.297,0.37299999999999994,0.467950480051107,-0.10599619544354216,0.1086341132579577,0.6575839461362231,-0.010098359343450658
0.3310000000000001,0.297,0.37199999999999983,0.4695484450794106,-0.10739893757664142,0.10217352618927375,0.6539835269433517,-0.009877013222589943
0.33200000000000013,0.297,0.37099999999999994,0.47113187556004354,-0.10880783860991076,0.09574779685378398,0.6504186618407255,-0.009528691574429274
0.33300000000000013,0.297,0.36999999999999983,0.47270085264389017,-0.11022281589875917,0.0893571625651492,0.6468894542283888,-0.009055123392652523
0.33400000000000013,0.297,0.36899999999999994,0.47425545767068683,-0.11164378648273315,0.08300185677054976,0.6433960031727846,-0.008458042167099437
0.33500000000000013,0.297,0.3679999999999998,0.47579577218645674,-0.11307066709949287,0.0766821090251434,0.6399384034293751,-0.007739185496927339
0.33600000000000013,0.297,0.36699999999999994,0.4773218779591637,-0.11450337419872221,0.07039814497123029,0.636516745467133,-0.006900294705266801
0.33700000000000013,0.297,0.3659999999999998,0.4788338569941723,-0.11594182395592172,0.06415018631951504,0.6331311154957762,-0.005943114454876396
0.33800000000000013,0.297,0.36499999999999994,0.4803317915477411,-0.11738593228632263,0.05793845083206785,0.6297815954905375,-0.00486939236604992
0.33900000000000013,0.297,0.3639999999999998,0.4818157641426408,-0.11883561485873641,0.05176315230526044,0.6264682632184068,-0.003680878636023708
0.34000000000000014,0.297,0.36299999999999993,0.4832858575762233,-0.12029078710925173,0.045624500556084524,0.6231911922674298,-0.002379325658373087
0.34100000000000014,0.297,0.3619999999999998,0.48474215493414563,-0.12175136425505315,0.0395227014075114,0.6199504520733267,-0.0009664876463614178
0.3170000000000001,0.298,0.38499999999999984,0.44450944745245374,-0.0879830729591433,0.19162580677438648,0.7018037994830704,-0.0012389257662872993
0.3180000000000001,0.298,0.38399999999999995,0.4462964962590124,-0.08929123818892125,0.18476910058321167,0.6977823917795055,-0.0027478914347688344
0.3190000000000001,0.298,0.38299999999999984,0.44806803927598715,-0.0906065359973051,0.17794399083035867,0.6937947977629609,-0.004109914606184546
0.3200000000000001,0.298,0.38199999999999995,0.4498241578898309,-0.09192888952585936,0.17115075760718063,0.6898411753463009,-0.005326627684651149
0.3210000000000001,0.298,0.38099999999999984,0.45156493330596054,-0.09325822143137817,0.16438967762741805,0.6859216778980821,-0.006399672093025603
0.3220000000000001,0.298,0.37999999999999995,0.45329044658991796,-0.09459445389931989,0.15766102417481898,0.6820364542572315,-0.007330697908363243
0.3230000000000001,0.298,0.37899999999999984,0.4550007787004639,-0.09593750865727133,0.15096506705923285,0.6781856487492671,-0.008121363493061612
0.3240000000000001,0.298,0.37799999999999995,0.45669601052484915,-0.09728730698856228,0.14430207257174407,0.674369401200881,-0.00877333512509186
0.3250000000000001,0.298,0.37699999999999984,0.45837622290936847,-0.09864376974587183,0.13767230344227596,0.6705878469567528,-0.009288286623746297
0.3260000000000001,0.298,0.37599999999999995,0.46004149668959976,-0.10000681736480599,0.1310760188003093,0.6668411168987846,-0.009667898973610561
0.3270000000000001,0.298,0.37499999999999983,0.4616919127189575,-0.10137636987766355,0.12451347413627391,0.6631293374623943,-0.009913859947899409
0.3280000000000001,0.298,0.37399999999999994,0.4633275518949976,-0.10275234692705154,0.11798492126736715,0.6594526306578694,-0.010027863729158808
0.3290000000000001,0.298,0.37299999999999983,0.4649484951850054,-0.10413466777968654,0.1114906083050011,0.6558111140885787,-0.010011610530855142
0.3300000000000001,0.298,0.37199999999999994,0.46655482364967454,-0.10552325134009145,0.10503077962064722,0.6522049009727976,-0.009866806215339675
0.3310000000000001,0.298,0.37099999999999983,0.4681466184652665,-0.10691801616440279,0.09860567581830249,0.6486341001639626,-0.009595161914235345
0.33200000000000013,0.298,0.36999999999999994,0.46972396094454055,-0.1083188804740294,0.09221553370715624,0.6450988161751453,-0.00919839364674157
0.33300000000000013,0.298,0.36899999999999983,0.47128693255687565,-0.10972576216949918,0.08586058627641711,0.6415991491999657,-0.008678221940116783
0.33400000000000013,0.298,0.36799999999999994,0.4728356149464829,-0.11113857884417011,0.07954106266851962,0.6381351951371641,-0.008036371447721933
0.33500000000000013,0.298,0.3669999999999998,0.47437008995012797,-0.11255724779799871,0.07325718816036594,0.6347070456143548,-0.007274570571331483
0.33600000000000013,0.298,0.36599999999999994,0.4758904396127393,-0.1139816860512052,0.06700918414172845,0.6313147880143293,-0.0063945510815007385
0.33700000000000013,0.298,0.3649999999999998,0.47739674620287775,-0.11541181035804675,0.06079726809685975,0.627958505499281,-0.005398047741100344
0.33800000000000013,0.298,0.36399999999999993,0.4788890922261777,-0.11684753722045212,0.054621653586459235,0.6246382770380852,-0.004286797928610191
0.33900000000000013,0.298,0.3629999999999998,0.48036756044112705,-0.11828878290165477,0.04848255023409792,0.6213541774335964,-0.0030625412656578657
0.34000000000000014,0.298,0.36199999999999993,0.4818322338670353,-0.11973546343986347,0.04238016371009973,0.6181062773490743,-0.0017270192429996306
0.34100000000000014,0.298,0.3609999999999998,0.48328319579801937,-0.12118749466175187,0.036314695722143256,0.6148946433381525,-0.00028197485227231256
0.3160000000000001,0.299,0.38499999999999995,0.4414129937295244,-0.08631625317182207,0.19445685136312052,0.7001107344924536,-0.0002146261771742014
0.3170000000000001,0.299,0.38399999999999984,0.443208415794764,-0.08761016717287876,0.18760240631399477,0.6960853773173056,-0.0017967550479406486
0.3180000000000001,0.299,0.38299999999999995,0.44498832637475194,-0.08891122480047403,0.1807794371863096,0.6920936805081526,-0.0032322286745072454
0.3190000000000001,0.299,0.38199999999999984,0.44675280757112645,-0.09021935009987161,0.1739882228518481,0.6881358028584772,-0.004522667149008272
0.3200000000000001,0.299,0.38099999999999995,0.4485019412565657,-0.09153446662883426,0.16722903887006285,0.68421189863919,-0.00566969950197662
0.3210000000000001,0.299,0.37999999999999984,0.4502358091092533,-0.09285649747091454,0.16050215743379184,0.6803221176111894,-0.006674963343260752
0.3220000000000001,0.299,0.37899999999999995,0.4519544926541487,-0.09418536524874106,0.1538078473223634,0.676466605040538,-0.007540104504518898
0.3230000000000001,0.299,0.37799999999999984,0.453658073296027,-0.09552099213736857,0.14714637385833457,0.67264550171428,-0.008266776676217627
0.3240000000000001,0.299,0.37699999999999995,0.45534663235454065,-0.09686329987771268,0.1405179988595129,0.6688589439562072,-0.008856641041493217
0.3250000000000001,0.299,0.37599999999999983,0.45702025109485783,-0.09821220978995056,0.13392298060049837,0.6651070636453689,-0.009311365908294983
0.3260000000000001,0.299,0.37499999999999994,0.458679010757907,-0.09956764278706659,0.12736157377516527,0.6613899882327294,-0.009632626340979174
0.3270000000000001,0.299,0.37399999999999983,0.4603229925888071,-0.10092951938832091,0.1208340294565568,0.6577078407612592,-0.009822103787155985
0.3280000000000001,0.299,0.37299999999999994,0.46195227786321763,-0.10229775973282373,0.11434059506509896,0.6540607398848611,-0.009881485706389095
0.3290000000000001,0.299,0.37199999999999983,0.4635669479127483,-0.10367228359308536,0.10788151433309678,0.6504487998891058,-0.00981246519545606
0.3300000000000001,0.299,0.37099999999999994,0.4651670841489025,-0.10505301038861037,0.10145702727779007,0.6468721307120185,-0.009616740615940658
0.3310000000000001,0.299,0.36999999999999983,0.4667527680850248,-0.10643985919950176,0.09506737016970453,0.6433308379655954,-0.009296015218573376
0.33200000000000013,0.299,0.36899999999999994,0.4683240813572696,-0.1078327487799933,0.08871277550701546,0.6398250229597212,-0.008851996768768244
0.33300000000000013,0.299,0.3679999999999998,0.469881105744696,-0.10923159757207686,0.08239347199045371,0.6363547827245909,-0.008286397172903314
0.33400000000000013,0.299,0.36699999999999994,0.47142392318763593,-0.11063632371907996,0.0761096845004006,0.6329202100347974,-0.007600932104752801
0.33500000000000013,0.299,0.3659999999999998,0.47295261580529313,-0.11204684507927255,0.06986163407577126,0.6295213934332149,-0.006797320633189465
0.33600000000000013,0.299,0.36499999999999994,0.4744672659113597,-0.11346307923932039,0.06364953789286479,0.6261584172584825,-0.005877284848921242
0.33700000000000013,0.299,0.3639999999999998,0.47596795602956965,-0.11488494352794293,0.05747360924898242,0.6228313616682618,-0.004842549495870579
0.33800000000000013,0.299,0.36299999999999993,0.47745476890721794,-0.11631235502928686,0.051334057545977196,0.6195403026686445,-0.003694841601256691
0.33900000000000013,0.299,0.3619999999999998,0.478927787530831,-0.11774523059651124,0.04523108827447204,0.616285312139037,-0.0024358901095415317
0.34000000000000014,0.299,0.36099999999999993,0.48038709513435757,-0.11918348686513777,0.03916490300197134,0.6130664578618341,-0.001067425516270093
0.3160000000000001,0.3,0.38399999999999995,0.44012616046953207,-0.08595229829965993,0.1904295325504929,0.6944098341024831,-0.0008112372711098909
0.3170000000000001,0.3,0.38299999999999984,0.44191443355018406,-0.08723922077202458,0.18360867145924858,0.6904140970105238,-0.002319426960463944
0.3180000000000001,0.3,0.38199999999999995,0.4436872706526726,-0.08853322228219751,0.17681944552075218,0.6864520270620594,-0.0036828541419057365
0.3190000000000001,0.3,0.38099999999999984,0.4454447543674182,-0.08983422727956553,0.17006212909433013,0.6825237794182126,-0.004903135707792258
0.3200000000000001,0.3,0.37999999999999995,0.4471869670426739,-0.09114215973658807,0.16333699323895753,0.6786295047503549,-0.005981897054144966
0.3210000000000001,0.3,0.37899999999999984,0.44891399081905414,-0.09245694316190306,0.15664430566280022,0.6747693492542337,-0.006920771727321716
0.3220000000000001,0.3,0.37799999999999995,0.4506259076706764,-0.09377850061348024,0.14998433067565686,0.6709434546652759,-0.007721401071400465
0.3230000000000001,0.3,0.37699999999999984,0.4523227994381232,-0.09510675471182252,0.14335732914569857,0.6671519582748792,-0.008385433870299712
0.3240000000000001,0.3,0.37599999999999995,0.4540047478635443,-0.09644162765320695,0.1367635584546007,0.6633949929476912,-0.008914525987625689
0.3250000000000001,0.3,0.37499999999999983,0.45567183462126626,-0.09778304122299603,0.13020327246002114,0.6596726871389725,-0.009310340005357971
0.3260000000000001,0.3,0.37399999999999994,0.45732414134782995,-0.09913091680897808,0.12367672145463428,0.6559851649129205,-0.009574544858976568
0.3270000000000001,0.3,0.37299999999999983,0.45896174967058445,-0.10048517541474555,0.11718415213152689,0.6523325459615843,-0.009708815472843468
0.3280000000000001,0.3,0.37199999999999994,0.46058474123390286,-0.10184573767299997,0.1107258075504026,0.6487149456268257,-0.009714832392714583
0.3290000000000001,0.3,0.37099999999999983,0.46219319772472667,-0.10321252385909076,0.10430192710637626,0.645132474917925,-0.009594281420094157
0.3300000000000001,0.3,0.36999999999999994,0.4637872008962356,-0.10458545390429032,0.09791274649763715,0.6415852405364233,-0.009348853241990612
0.3310000000000001,0.3,0.36899999999999983,0.465366832590011,-0.10596444740933185,0.0915584976996844,0.6380733448957124,-0.008980243064703151
0.33200000000000013,0.3,0.36799999999999994,0.46693217475696175,-0.10734942365778702,0.08523940893934197,0.6345968861451078,-0.00849015024540481
0.33300000000000013,0.3,0.3669999999999998,0.46848330947737793,-0.10874030162946442,0.07895570466931887,0.6311559581940036,-0.007880277923951885
0.33400000000000013,0.3,0.36599999999999994,0.4700203189793263,-0.1101370000138507,0.07270760554639001,0.6277506507355685,-0.00715233265634501
0.33500000000000013,0.3,0.3649999999999998,0.4715432856562241,-0.1115394372235524,0.06649532841008128,0.6243810492708365,-0.006308024048706916
0.33600000000000013,0.3,0.36399999999999993,0.47305229208260163,-0.11294753140761393,0.0603190862648679,0.6210472351357555,-0.0053490643922126935
0.33700000000000013,0.3,0.3629999999999998,0.4745474210295859,-0.11436120046488805,0.05417908826236801,0.6177492855271977,-0.004277168299517773
0.33800000000000013,0.3,0.36199999999999993,0.4760287554784013,-0.11578036205741685,0.0480755396845083,0.6144872735288026,-0.0030940523423990188
0.33900000000000013,0.3,0.3609999999999998,0.47749637863620525,-0.11720493362362575,0.042008641931266494,0.6112612681407074,-0.0018014346925393464
0.34000000000000014,0.3,0.35999999999999993,0.47895037394415285,-0.1186348323917282,0.035978592505703406,0.6080713343046673,-0.00040103476199610313
0.3160000000000001,0.301,0.38299999999999995,0.4388462612978233,-0.08559024066116798,0.18643178848504713,0.6887557787580733,-0.0013721996560936076
0.3170000000000001,0.301,0.38199999999999984,0.4406274498229308,-0.0868702219165491,0.17964451877850038,0.6847895789214415,-0.002807891563602165
0.3180000000000001,0.301,0.38099999999999995,0.4423932774788057,-0.0881572183352483,0.17288903982836407,0.680857050677877,-0.004100696199343973
0.3190000000000001,0.301,0.37999999999999984,0.4441438273340737,-0.08945115476945115,0.1661656215136812,0.6769583455973105,-0.005252226995386335
0.3200000000000001,0.301,0.37899999999999995,0.44587918220220624,-0.09075195560475316,0.15947453042761686,0.6730936107945997,-0.006264105461255887
0.3210000000000001,0.301,0.37799999999999984,0.4475994246759706,-0.09205954477319486,0.15281602982716758,0.6692629889422196,-0.007137960836526562
0.3220000000000001,0.301,0.37699999999999995,0.4493046371685584,-0.09337384576621635,0.14619037958773393,0.665466618287435,-0.007875429743281183
0.3230000000000001,0.301,0.37599999999999983,0.45099490194647074,-0.09469478164766755,0.1395978361598318,0.6617046326701003,-0.008478155832944097
0.3240000000000001,0.301,0.37499999999999994,0.4526703011645659,-0.09602227506705227,0.13303865252485922,0.6579771615365324,-0.008947789433373939
0.3250000000000001,0.301,0.37399999999999983,0.4543309168965801,-0.09735624827251377,0.12651307815705448,0.6542843299616732,-0.009285987190732807
0.3260000000000001,0.301,0.37299999999999994,0.4559768311652846,-0.09869662312417675,0.1200213589870408,0.6506262586639823,-0.009494411713611199
0.3270000000000001,0.301,0.37199999999999983,0.45760812597094236,-0.10004332110715343,0.11356373736520523,0.647003064030001,-0.00957473121102801
0.3280000000000001,0.301,0.37099999999999994,0.45922488331749645,-0.10139626334500518,0.10714045202849255,0.6434148581291629,-0.009528619134013386
0.3290000000000001,0.301,0.36999999999999983,0.4608271852380699,-0.10275537061279906,0.10075173806929878,0.6398617487394846,-0.009357753812635712
0.3300000000000001,0.301,0.36899999999999994,0.46241511381879913,-0.10412056335045233,0.09439782690787148,0.636343839367326,-0.009063818095889489
0.3310000000000001,0.301,0.3679999999999998,0.46398875122081973,-0.10549176167601164,0.08807894626314598,0.632861229269602,-0.008648498989127687
0.33200000000000013,0.301,0.36699999999999994,0.465548179701262,-0.10686888539885153,0.0817953201290621,0.6294140134785325,-0.008113487292620389
0.33300000000000013,0.301,0.3659999999999998,0.467093481633258,-0.10825185403297412,0.07554716874861699,0.6260022828246126,-0.007460477239845543
0.33400000000000013,0.301,0.36499999999999994,0.4686247395244407,-0.10964058681027417,0.06933470859477958,0.6226261239608756,-0.006691166138265373
0.33500000000000013,0.301,0.3639999999999998,0.47014203603450355,-0.11103500269368545,0.06315815234910785,0.619285619390074,-0.005807254008705562
0.33600000000000013,0.301,0.36299999999999993,0.4716454539909047,-0.11243502039055053,0.057017708882852645,0.6159808474871673,-0.0048104432277430755
0.33700000000000013,0.301,0.3619999999999998,0.47313507640445623,-0.11384055836565496,0.0509135832415233,0.6127118825292696,-0.003702438170441337
0.33800000000000013,0.301,0.36099999999999993,0.4746109864828608,-0.11525153485445118,0.04484597662874264,0.609478794721392,-0.0024849448549725227
0.33900000000000013,0.301,0.3599999999999998,0.4760732676465505,-0.11666786787621634,0.03881508639403646,0.6062816502235748,-0.0011596705907687445
0.3150000000000001,0.302,0.38299999999999984,0.4357837087866194,-0.08396400530011056,0.18924888428308162,0.6871184610541544,-0.0003912195945554864
0.3160000000000001,0.302,0.38199999999999995,0.43757324648081447,-0.08523006893399158,0.18246353693994463,0.6831481932188785,-0.001898464859922594
0.3170000000000001,0.302,0.38099999999999984,0.43934741416914325,-0.08650315883914098,0.17570986371682099,0.6792114466810372,-0.0032630789099330135
0.3180000000000001,0.302,0.37999999999999995,0.4411062957002567,-0.08778320073822578,0.16898813326684206,0.6753083738985495,-0.004486663467365752
0.3190000000000001,0.302,0.37899999999999984,0.4428499746106282,-0.08907011988481837,0.16229861102237303,0.6714391228926452,-0.0055708282513111315
0.3200000000000001,0.302,0.37799999999999995,0.4445785341687498,-0.09036384107613787,0.15564155914535183,0.6676038372624964,-0.006517190641754017
0.3210000000000001,0.302,0.37699999999999984,0.44629205740948524,-0.09166428866585528,0.14901723647649578,0.6638026562006486,-0.0073273753357876795
0.3220000000000001,0.302,0.37599999999999995,0.4479906271751696,-0.09297138657696175,0.14242589849165727,0.6600357145090859,-0.008003014006507707
0.3230000000000001,0.302,0.37499999999999983,0.4496743261484079,-0.09428505831470252,0.13586779725818035,0.6563031426157238,-0.008545744955627162
0.3240000000000001,0.302,0.37399999999999994,0.45134323688712796,-0.09560522697949207,0.12934318139275758,0.6526050665932543,-0.008957212764558999
0.3250000000000001,0.302,0.37299999999999983,0.4529974418551279,-0.09693181527994375,0.12285229602559958,0.6489416081768321,-0.009239067944773874
0.3260000000000001,0.302,0.37199999999999994,0.454637023451999,-0.09826474554586832,0.11639538275970512,0.6453128847840849,-0.009392966583652657
0.3270000000000001,0.302,0.37099999999999983,0.45626206404170006,-0.09960393974134825,0.10997267963856433,0.6417190095346447,-0.0094205699920836
0.3280000000000001,0.302,0.36999999999999994,0.45787264597878413,-0.10094931947780444,0.103584421114961,0.6381600912711005,-0.009323544350200545
0.3290000000000001,0.302,0.36899999999999983,0.45946885163379175,-0.1023008060270999,0.09723083801831787,0.6346362345801525,-0.00910356035158023
0.3300000000000001,0.302,0.36799999999999994,0.46105076341704027,-0.10365832033457803,0.09091215752700789,0.6311475398162034,-0.008762292847581909
0.3310000000000001,0.302,0.3669999999999998,0.462618463800715,-0.10502178303226625,0.08462860314237111,0.6276941031219015,-0.008301420492868982
0.33200000000000013,0.302,0.36599999999999994,0.4641720353397635,-0.10639111445188358,0.07838039466331093,0.6242760164538901,-0.007722625389039863
0.33300000000000013,0.302,0.3649999999999998,0.4657115606920572,-0.10776623463799279,0.0721677481643563,0.6208933676057388,-0.007027592730907233
0.33400000000000013,0.302,0.36399999999999993,0.46723712263672534,-0.1091470633610421,0.06599087597317424,0.6175462402337959,-0.006218010451568893
0.33500000000000013,0.302,0.3629999999999998,0.4687488040917922,-0.11053352013048892,0.0598499866512713,0.6142347138814945,-0.005295568869973753
0.33600000000000013,0.302,0.36199999999999993,0.470246688130033,-0.11192552420779608,0.05374528497847827,0.6109588640066499,-0.0042619603397223114
0.33700000000000013,0.302,0.3609999999999998,0.4717308579944125,-0.11332299461947846,0.047676971934263165,0.6077187620077074,-0.0031188788979890254
0.33800000000000013,0.302,0.35999999999999993,0.4732013971117458,-0.1147258501700874,0.041645244684162336,0.6045144752512909,-0.0018680199172450805
0.33900000000000013,0.302,0.3589999999999998,0.474658389108524,-0.11613400945517757,0.035650296567292634,0.6013460670999891,-0.000511079759634242
0.3150000000000001,0.303,0.38199999999999984,0.434524560694233,-0.08361248729260815,0.18527659550377276,0.6815276085047172,-0.0009552423210392805
0.3160000000000001,0.303,0.38099999999999995,0.4363070667230351,-0.08487177186567937,0.17852469455554362,0.6775867054614146,-0.002390964525109819
0.3170000000000001,0.303,0.37999999999999984,0.4380742765921092,-0.08613801984694432,0.1718046206265356,0.6736793271713574,-0.00368589942685095
0.3180000000000001,0.303,0.37899999999999995,0.4398262746204306,-0.08741115734882196,0.16511663794325623,0.6698056225530029,-0.004841645205174605
0.3190000000000001,0.303,0.37799999999999984,0.4415631448021049,-0.08869111002487225,0.15846100752442188,0.6659657361200577,-0.0058598076217902945
0.3200000000000001,0.303,0.37699999999999995,0.44328497085058294,-0.08997780308230774,0.15183798713457866,0.6621598079989998,-0.0067419996904903925
0.3210000000000001,0.303,0.37599999999999983,0.4449918362329303,-0.09127116129474905,0.1452478312331161,0.6583879739425511,-0.007489841339377475
0.3220000000000001,0.303,0.37499999999999994,0.4466838242108398,-0.09257110901482987,0.1386907909307541,0.6546503653492944,-0.008104959073322711
0.3230000000000001,0.303,0.37399999999999983,0.4483610178734585,-0.0938775701870568,0.13216711394846856,0.6509471092787066,-0.008588985633616833
0.3240000000000001,0.303,0.37299999999999994,0.45002350017234033,-0.09519046836057797,0.12567704457463993,0.6472783284704058,-0.008943559654033553
0.3250000000000001,0.303,0.37199999999999983,0.45167135395190144,-0.09650972670203509,0.11922082362852009,0.643644141362941,-0.00917032531595581
0.3260000000000001,0.303,0.37099999999999994,0.4533046619794846,-0.09783526800843871,0.11279868842446024,0.6400446621134931,-0.009270932001980273
0.3270000000000001,0.303,0.36999999999999983,0.45492350697379347,-0.09916701472006116,0.10641087273741374,0.6364800006184743,-0.009247033947951615
0.3280000000000001,0.303,0.36899999999999994,0.4565279716310753,-0.10050488893338454,0.10005760677181738,0.632950262533975,-0.009100289894739703
0.3290000000000001,0.303,0.3679999999999998,0.458118138650565,-0.10184881241399,0.09373911713117647,0.6294555492986451,-0.008832362738596077
0.3300000000000001,0.303,0.36699999999999994,0.4596940907582826,-0.1031987066095347,0.0874556267913785,0.6259959581553622,-0.008444919182629872
0.3310000000000001,0.303,0.3659999999999998,0.46125591072906286,-0.10455449266266202,0.081207355073948,0.6225715821752187,-0.007939629386809043
0.33200000000000013,0.303,0.36499999999999994,0.4628036814075123,-0.10591609142396861,0.07499451762266444,0.6191825102807915,-0.007318166619495872
0.33300000000000013,0.303,0.3639999999999998,0.4643374857280919,-0.10728342346493876,0.0688173263802945,0.6158288272706665,-0.006582206908759172
0.33400000000000013,0.303,0.36299999999999993,0.46585740673360193,-0.10865640909088257,0.06267598956983385,0.6125106138442556,-0.0057334286956627276
0.33500000000000013,0.303,0.3619999999999998,0.4673635275927326,-0.1100349683537542,0.05657071167345769,0.6092279466295017,-0.004773512486313046
0.33600000000000013,0.303,0.36099999999999993,0.46885593161596634,-0.11141902106514026,0.050501693418092256,0.6059808982069352,-0.003704140508528367
0.33700000000000013,0.303,0.3599999999999998,0.4703347022709939,-0.11280848680908279,0.04446913175632173,0.6027695371374641,-0.0025269963664683107
0.33800000000000013,0.303,0.35899999999999993,0.4717999231965894,-0.11420328495485603,0.03847321985723381,0.5995939279910055,-0.0012437647005507438
0.3150000000000001,0.304,0.38099999999999984,0.43327213609000476,-0.08326278445813139,0.18133362732778782,0.6759825687586118,-0.0014850167826364266
0.3160000000000001,0.304,0.37999999999999995,0.4350476731627643,-0.08451533827231784,0.17461517687589603,0.6720709466440419,-0.002850610792807372
0.3170000000000001,0.304,0.37899999999999984,0.43680798753786537,-0.08577479332002652,0.16792870280568084,0.6681928504925878,-0.004077244298054047
0.3180000000000001,0.304,0.37799999999999995,0.43855316399439814,-0.08704107610222303,0.1612744649491709,0.6643484257225204,-0.00516651168907311
0.3190000000000001,0.304,0.37699999999999984,0.4402832869741522,-0.0883141126709853,0.15465271994734828,0.660537813382143,-0.0061200145340094755
0.3200000000000001,0.304,0.37599999999999995,0.4419984406256136,-0.08959382864192648,0.148063721200609,0.6567611501663893,-0.006939361252037805
0.3210000000000001,0.304,0.37499999999999983,0.44369870883831836,-0.09088014920680226,0.14150771882201674,0.6530185684309219,-0.007626166781969153
0.3220000000000001,0.304,0.37399999999999994,0.4453841752837305,-0.09217299914600752,0.1349849595925905,0.6493101962113101,-0.00818205224965115
0.3230000000000001,0.304,0.37299999999999983,0.4470549234480412,-0.09347230284120998,0.1284956869213198,0.6456361572405542,-0.00860864463223892
0.3240000000000001,0.304,0.37199999999999994,0.4487110366671383,-0.09477798428803896,0.12204014080452648,0.6419965709670121,-0.008907576421138187
0.3250000000000001,0.304,0.37099999999999983,0.45035259815696,-0.0960899671087831,0.11561855778827622,0.6383915525737491,-0.009080485282002303
0.3260000000000001,0.304,0.36999999999999994,0.45197969104353886,-0.09740817456507347,0.10923117093350128,0.6348212129996491,-0.009129013713724737
0.3270000000000001,0.304,0.36899999999999983,0.4535923983914592,-0.09873252957068061,0.10287820978334672,0.6312856589589926,-0.009054808707330546
0.3280000000000001,0.304,0.36799999999999994,0.4551908032299839,-0.10006295470425985,0.09655990033170353,0.6277849929634641,-0.008859521402799813
0.3290000000000001,0.304,0.3669999999999998,0.4567749885785469,-0.10139937222209941,0.09027646499492396,0.6243193133450132,-0.008544806746211359
0.3300000000000001,0.304,0.36599999999999994,0.4583450374704528,-0.10274170407096306,0.0840281225835705,0.62088871427733,-0.0081123231465807
0.3310000000000001,0.304,0.3649999999999998,0.45990103297495566,-0.10408987190086623,0.07781508827754059,0.6174932857996144,-0.007563732132704035
0.33200000000000013,0.304,0.36399999999999993,0.4614430582182443,-0.10544379707777618,0.07163757360381041,0.6141331138426394,-0.006900698010316897
0.33300000000000013,0.304,0.3629999999999998,0.46297119640355544,-0.10680340069652462,0.0654957864142719,0.6108082802503612,-0.006124887521022436
0.33400000000000013,0.304,0.36199999999999993,0.4644855308295267,-0.10816860359342079,0.05938993086428561,0.6075188628087143,-0.0052379694993298295
0.33500000000000013,0.304,0.3609999999999998,0.4659861449079601,-0.10953932635910872,0.05332020739658969,0.6042649352690598,-0.004241614534472648
0.33600000000000013,0.304,0.35999999999999993,0.4674731221795997,-0.11091548935126525,0.04728681272415727,0.6010465673753461,-0.0031374946311850845
0.33700000000000013,0.304,0.3589999999999998,0.46894654632976635,-0.11229701270719761,0.04128993981576705,0.5978638248934051,-0.001927282872427643
0.33800000000000013,0.304,0.35799999999999993,0.4704065012019238,-0.11368381635667596,0.03532977788007307,0.5947167696350402,-0.0006126530838480651
0.3140000000000001,0.305,0.38099999999999995,0.43024252184431183,-0.08167592756838159,0.1841367582421374,0.6743987819634026,-0.0005458827601044977
0.3150000000000001,0.305,0.37999999999999984,0.4320263872262863,-0.08291488610362435,0.17741989648584197,0.6704829771963463,-0.001981456738412303
0.3160000000000001,0.305,0.37899999999999995,0.43379501736763076,-0.08416075703797761,0.1707348983822279,0.6666005510829163,-0.0032782966741429845
0.3170000000000001,0.305,0.37799999999999984,0.43554849789056027,-0.08541346771091382,0.16408202252800028,0.6627516499345175,-0.004437985833837588
0.3180000000000001,0.305,0.37699999999999995,0.43728691402428865,-0.08667294501058,0.15746152439441352,0.6589364157118668,-0.005462114582124714
0.3190000000000001,0.305,0.37599999999999983,0.43901035064836313,-0.08793911538612807,0.15087365627690746,0.6551549860383371,-0.006352280064383181
0.3200000000000001,0.305,0.37499999999999994,0.4407188923366084,-0.08921190485998269,0.14431866724683837,0.651407494217506,-0.00711008588525041
0.3210000000000001,0.305,0.37399999999999983,0.4424126233914158,-0.09049123904022237,0.13779680310484685,0.6476940692499242,-0.007737141781196881
0.3220000000000001,0.305,0.37299999999999994,0.4440916278846096,-0.09177704313301764,0.13130830633820467,0.6440148358504793,-0.008235063294735244
0.3230000000000001,0.305,0.37199999999999983,0.44575598969015656,-0.0930692419551359,0.12485341608010389,0.6403699144659801,-0.008605471443687868
0.3240000000000001,0.305,0.37099999999999994,0.4474057925190909,-0.0943677599464513,0.11843236806976117,0.6367594212943349,-0.00884999238923502
0.3250000000000001,0.305,0.36999999999999983,0.44904111994983487,-0.09567252118242563,0.11204539461539861,0.6331834683059916,-0.008970257100819674
0.3260000000000001,0.305,0.36899999999999994,0.45066205545833227,-0.09698344938680774,0.10569272456297368,0.6296421632612926,-0.008967901023668567
0.3270000000000001,0.305,0.3679999999999998,0.4522686824463389,-0.09830046794409995,0.09937458326051302,0.6261356097348645,-0.008844563740279962
0.3280000000000001,0.305,0.36699999999999994,0.45386108426759947,-0.09962349991226914,0.09309119252894862,0.6226639071350433,-0.008601888634945362
0.3290000000000001,0.305,0.3659999999999998,0.4554393442532946,-0.10095246803535116,0.08684277063363002,0.6192271507268802,-0.008241522556542737
0.3300000000000001,0.305,0.36499999999999994,0.45700354573579577,-0.10228729475601112,0.080629532258175,0.6158254316569316,-0.007765115480978725
0.3310000000000001,0.305,0.3639999999999998,0.45855377207078085,-0.10362790222828248,0.07445168848094544,0.612458836974492,-0.007174320175520298
0.33200000000000013,0.305,0.36299999999999993,0.46009010665804934,-0.1049742123301085,0.06830944674938506,0.6091274496580096,-0.0064707918604009484
0.33300000000000013,0.305,0.3619999999999998,0.46161263296179667,-0.10632614667599799,0.06220301086197863,0.6058313486392102,-0.005656187874755105
0.33400000000000013,0.305,0.36099999999999993,0.463121434528996,-0.10768362662958879,0.05613258094764265,0.6025706088296375,-0.004732167340953785
0.33500000000000013,0.305,0.3599999999999998,0.4646165950071161,-0.10904657331632248,0.050098353448728816,0.5993453011448685,-0.0037003908319425335
0.33600000000000013,0.305,0.35899999999999993,0.46609819815989273,-0.11041490763585984,0.04410052110377274,0.596155492534555,-0.0025625200374078533
0.33700000000000013,0.305,0.3579999999999998,0.4675663278830334,-0.11178855027474399,0.038139272934585036,0.5930012460069402,-0.001320217434808972
0.3140000000000001,0.306,0.37999999999999995,0.4290103192176579,-0.0813363972843457,0.18021887515544885,0.6689151673063978,-0.0010790799746446048
0.3150000000000001,0.306,0.37899999999999984,0.4307872667717078,-0.08256878160012657,0.17353531863736657,0.6650284722956423,-0.002445456932602244
0.3160000000000001,0.306,0.37799999999999995,0.43254905133034394,-0.08380801711510415,0.1668837725280562,0.6611751562239051,-0.0036748964182562877
0.3170000000000001,0.306,0.37699999999999984,0.43429575896816447,-0.08505403154479002,0.16026449108035465,0.6573553619519109,-0.004768977836166227
0.3180000000000001,0.306,0.37599999999999995,0.4360274753546931,-0.08630675216324153,0.15367772543902533,0.6535692280219363,-0.005729287296370546
0.3190000000000001,0.306,0.37499999999999983,0.4377442857975257,-0.08756610581514256,0.14712372358787043,0.6498168886746718,-0.0065574172993652854
0.3200000000000001,0.306,0.37399999999999994,0.4394462752862773,-0.0888320189280531,0.1406027303040321,0.6460984738639646,-0.007254966421822995
0.3210000000000001,0.306,0.37299999999999983,0.4411335285267783,-0.09010441752460113,0.13411498711080502,0.6424141092753687,-0.00782353899326408
0.3220000000000001,0.306,0.37199999999999994,0.44280612998189234,-0.09138322723479905,0.1276607322358945,0.6387639163434027,-0.008264744775791005
0.3230000000000001,0.306,0.37099999999999983,0.44446416390418786,-0.09266837330836543,0.12124020057144044,0.635148012270553,-0.008580198638334459
0.3240000000000001,0.306,0.36999999999999994,0.44610771437089547,-0.09395978062714376,0.11485362363662038,0.6315665100454647,-0.008771520231455915
0.3250000000000001,0.306,0.36899999999999983,0.44773686531415224,-0.09525737371739036,0.1085012295400347,0.628019518465931,-0.008840333656921218
0.3260000000000001,0.306,0.36799999999999994,0.44935170055100665,-0.09656107676233784,0.10218324294656429,0.6245071421562756,-0.008788267140014478
0.3270000000000001,0.306,0.3669999999999998,0.4509523038118275,-0.09787081361454832,0.0958998850458615,0.6210294815912046,-0.008616952698522622
0.3280000000000001,0.306,0.36599999999999994,0.45253875876649263,-0.09918650780843868,0.08965137352432101,0.6175866331164225,-0.008328025812999046
0.3290000000000001,0.306,0.3649999999999998,0.45411114904972144,-0.1005080825727145,0.08343792253469114,0.6141786889723715,-0.0079231250943608
0.3300000000000001,0.306,0.36399999999999993,0.45566955828486433,-0.10183546084284192,0.07725974267145808,0.6108057373177704,-0.007403891953259353
0.3310000000000001,0.306,0.3629999999999998,0.45721407010597837,-0.10316856527353722,0.07111704094701203,0.6074678622533608,-0.006771970269341718
0.33200000000000013,0.306,0.36199999999999993,0.45874476817879617,-0.10450731825127739,0.06501002076993402,0.6041651438456832,-0.0060290060614040415
0.33300000000000013,0.306,0.3609999999999998,0.46026173622089167,-0.10585164190666624,0.05893888192478372,0.6008976581545239,-0.0051766471574032635
0.33400000000000013,0.306,0.35999999999999993,0.4617650580200449,-0.10720145812695162,0.052903820551316094,0.59766547725714,-0.004216542865532486
0.33500000000000013,0.306,0.3589999999999998,0.4632548174520519,-0.1085566885684385,0.046905029129727036,0.5944686692750111,-0.003150343647899765
0.33600000000000013,0.306,0.35799999999999993,0.46473109849658983,-0.10991725466886468,0.04094269646537327,0.5913072984014328,-0.001979700794507065
0.33700000000000013,0.306,0.3569999999999998,0.4661939852528235,-0.11128307765977444,0.035017007673602996,0.5881814249290701,-0.0007062660986520176
0.3130000000000001,0.307,0.37999999999999984,0.42599936815192035,-0.07977960955392578,0.18301220984882388,0.6673672689928185,-0.00014410702501955336
0.3140000000000001,0.307,0.37899999999999995,0.427784637029344,-0.08099860390348346,0.17633005876566438,0.6634763656451884,-0.00157936340702719
0.3150000000000001,0.307,0.37799999999999984,0.42955472780723924,-0.08222446038204607,0.169679808409934,0.6596186956021499,-0.0028778934594054506
0.3160000000000001,0.307,0.37699999999999995,0.4313097274643643,-0.08345710752369412,0.16306171177066373,0.6557944026138564,-0.0040412658719946315
0.3170000000000001,0.307,0.37599999999999983,0.4330497225179513,-0.08469647341877026,0.15647601879188194,0.652003626131009,-0.0050710559577303305
0.3180000000000001,0.307,0.37499999999999994,0.43477479906813976,-0.08594248572583263,0.14992297632521226,0.64824650131936,-0.0059688453491819615
0.3190000000000001,0.307,0.37399999999999983,0.43648504284103085,-0.08719507168363895,0.1434028280769361,0.6445231590759948,-0.006736221688627621
0.3200000000000001,0.307,0.37299999999999994,0.43818053923257916,-0.08845415812319006,0.13691581456337576,0.6408337260463605,-0.007374778318035485
0.3210000000000001,0.307,0.37199999999999983,0.4398613733427817,-0.08971967147986604,0.13046217306526625,0.6371783246410181,-0.007886113962229865
0.3220000000000001,0.307,0.37099999999999994,0.44152763001642126,-0.09099153780551257,0.12404213758624894,0.6335570730556673,-0.008271832412659996
0.3230000000000001,0.307,0.36999999999999983,0.44317939387575683,-0.09226968278071172,0.1176559388149028,0.6299700852881539,-0.008533542208550286
0.3240000000000001,0.307,0.36899999999999994,0.44481674935527094,-0.09355403172691032,0.1113038040836948,0.6264174711607632,-0.008672856314011379
0.3250000000000001,0.307,0.3679999999999998,0.4464397807320919,-0.09484450961883864,0.10498595733723538,0.6228993363365971,-0.008691391797918155
0.3260000000000001,0.307,0.36699999999999994,0.44804857215590144,-0.09614104109657275,0.09870261909787055,0.6194157823462079,-0.008590769507702292
0.3270000000000001,0.307,0.3659999999999998,0.4496432076773393,-0.09744355047805561,0.09245400643516077,0.6159669066038851,-0.008372613747244018
0.3280000000000001,0.307,0.36499999999999994,0.4512237712740563,-0.09875196177122127,0.08624033293548247,0.6125528024347767,-0.00803855194947193
0.3290000000000001,0.307,0.3639999999999998,0.4527903468762238,-0.10006619868648013,0.08006180867676399,0.609173559094001,-0.007590214353441781
0.3300000000000001,0.307,0.36299999999999993,0.45434301839024066,-0.10138618464890578,0.0739186402025012,0.6058292617936932,-0.007029233677777191
0.3310000000000001,0.307,0.3619999999999998,0.4558818697208136,-0.10271184281067139,0.0678110304985467,0.6025199917246503,-0.006357244796773395
0.33200000000000013,0.307,0.36099999999999993,0.4574069847919378,-0.10404309606325242,0.0617391789720858,0.5992458260839254,-0.005575884415582582
0.33300000000000013,0.307,0.3599999999999998,0.4589184475670208,-0.10537986704982831,0.055703281430769136,0.5960068380981068,-0.0046867907472509344
0.33400000000000013,0.307,0.35899999999999993,0.4604163420674172,-0.10672207817752227,0.04970353006597219,0.5928030970505684,-0.0036916031906291356
0.33500000000000013,0.307,0.3579999999999998,0.46190075239011613,-0.1080696516296746,0.04374011343530677,0.5896346683080209,-0.002591962009061838
0.33600000000000013,0.307,0.35699999999999993,0.46337176272366837,-0.10942250937806382,0.037813216448692885,0.5865016133482216,-0.0013895080110626259
0.33700000000000013,0.307,0.3559999999999998,0.4648294573638309,-0.11078057319516806,0.03192302035389798,0.5834039897866957,-8.588223240231854e-05
0.3130000000000001,0.308,0.37899999999999984,0.4247870279962258,-0.07944996458826065,0.17911921522732427,0.6619439861355351,-0.000680638433661715
0.3140000000000001,0.308,0.37799999999999995,0.42656542942855263,-0.08066253732557999,0.17247022486636576,0.6580820225731642,-0.0020476109020500163
0.3150000000000001,0.308,0.37699999999999984,0.4283287238218806,-0.08188191194726739,0.16585327942644038,0.6542532917036981,-0.0032796241160593514
0.3160000000000001,0.308,0.37599999999999995,0.43007699859972537,-0.08310801735135119,0.1592686276047264,0.6504579338745312,-0.004378242833399805
0.3170000000000001,0.308,0.37499999999999983,0.431810340712269,-0.08434078200178229,0.1527165150690896,0.6466960851663957,-0.005345038052451706
0.3180000000000001,0.308,0.37399999999999994,0.4335288366806987,-0.08558013394023689,0.14619718441061108,0.6429678774088021,-0.006181586713074269
0.3190000000000001,0.308,0.37299999999999983,0.4352325726402353,-0.08682600079801656,0.1397108750923845,0.6392734381953964,-0.006889471392552547
0.3200000000000001,0.308,0.37199999999999994,0.43692163438394993,-0.08807830980788141,0.13325782340529918,0.6356128909034185,-0.0074702799995782845
0.3210000000000001,0.308,0.37099999999999983,0.4385961073968794,-0.08933698781607866,0.12683826242216562,0.6319863547100121,-0.00792560546265176
0.3220000000000001,0.308,0.36999999999999994,0.44025607689675816,-0.09060196129435509,0.12045242195806295,0.628393944610931,-0.008257045420187382
0.3230000000000001,0.308,0.36899999999999983,0.4419016278665966,-0.09187315635194411,0.1141005285309731,0.6248357714416355,-0.008466201904729263
0.3240000000000001,0.308,0.36799999999999994,0.44353284508956137,-0.0931504987477351,0.10778280532578428,0.6213119418952101,-0.008554681029075153
0.3250000000000001,0.308,0.3669999999999998,0.44514981317917973,-0.09443391390234218,0.10149947215822512,0.6178225585443186,-0.00852409266775796
0.3260000000000001,0.308,0.36599999999999994,0.4467526166093804,-0.09572332691022944,0.09525074544506801,0.6143677198629203,-0.008376050140030348
0.3270000000000001,0.308,0.3649999999999998,0.448341339742719,-0.09701866255188418,0.0890368381701857,0.6109475202478638,-0.008112169890008139
0.3280000000000001,0.308,0.36399999999999993,0.4499160668566227,-0.09831984530600704,0.08285795985975128,0.6075620500410582,-0.0077340711689410195
0.3290000000000001,0.308,0.3629999999999998,0.45147688216875564,-0.09962679936161405,0.07671431655416885,0.6042113955545452,-0.0072433757148281895
0.3300000000000001,0.308,0.36199999999999993,0.4530238698607404,-0.1009394486302872,0.07060611078311849,0.6008956390926532,-0.006641707433731749
0.3310000000000001,0.308,0.3609999999999998,0.4545571141002709,-0.10225771675829184,0.06453354154359048,0.5976148589778784,-0.0059306920808291155
0.33200000000000013,0.308,0.35999999999999993,0.4560766990620902,-0.10358152713876023,0.058496804279141675,0.5943691295755964,-0.005111956942549695
0.33300000000000013,0.308,0.3589999999999998,0.45758270894819997,-0.10491080292383725,0.052496090861257685,0.5911585213199391,-0.004187130519698989
0.33400000000000013,0.308,0.35799999999999993,0.4590752280062704,-0.10624546703681244,0.046531589569887136,0.5879831007401712,-0.003157842210492135
0.33500000000000013,0.308,0.3569999999999998,0.4605543405474293,-0.10758544218422679,0.04060348507832774,0.5848429304876966,-0.002025721996150245
0.33600000000000013,0.308,0.3559999999999999,0.46202013096227146,-0.10893065086795638,0.03471195844100553,0.5817380693635381,-0.0007924001284712618
0.3130000000000001,0.309,0.37799999999999984,0.4235810568747278,-0.07912199145001673,0.17525511785989067,0.6565648950792506,-0.001184666883016508
0.3140000000000001,0.309,0.37699999999999995,0.4253526509603018,-0.08032818750920642,0.16863928824421343,0.6527317866671086,-0.0024846821152266635
0.3150000000000001,0.309,0.37599999999999983,0.4271092087087992,-0.08154112585641793,0.16205564434287184,0.6489319082042654,-0.0036514887529641646
0.3160000000000001,0.309,0.37499999999999994,0.4288508179788491,-0.08276073575252586,0.15550443059397173,0.645165396675258,-0.00468664739833391
0.3170000000000001,0.309,0.37399999999999983,0.4305775661441119,-0.08398694603381714,0.14898588842357555,0.641432384831307,-0.005591724519714632
0.3180000000000001,0.309,0.37299999999999994,0.4322895401374671,-0.08521968512372304,0.14250025619650192,0.6377330012045194,-0.0063682921572536105
0.3190000000000001,0.309,0.37199999999999983,0.433986826493974,-0.08645888104448905,0.13604776916571126,0.634067370126335,-0.007017927622444256
0.3200000000000001,0.309,0.37099999999999994,0.4356695113947228,-0.08770446142894026,0.12962865943141524,0.6304356117455255,-0.007542213198892207
0.3210000000000001,0.309,0.36999999999999983,0.43733768070079443,-0.08895635353238032,0.12324315589266634,0.6268378420447273,-0.00794273583476058
0.3220000000000001,0.309,0.36899999999999994,0.43899141999403096,-0.09021448424436987,0.11689148421084342,0.6232741728620341,-0.008221086837951037
0.3230000000000001,0.309,0.3679999999999998,0.44063081460960346,-0.0914787801007342,0.1105738667714471,0.6197447119082464,-0.008378861567583537
0.3240000000000001,0.309,0.36699999999999994,0.4422559496707152,-0.09274916729541609,0.10429052264508147,0.6162495627896682,-0.00841765912235225
0.3250000000000001,0.309,0.3659999999999998,0.4438669101189298,-0.0940255716925522,0.09804166755584494,0.6127888250265313,-0.008339082030466908
0.3260000000000001,0.309,0.36499999999999994,0.4454637807441038,-0.09530791883834867,0.09182751384993623,0.6093625940777022,-0.008144735936386507
0.3270000000000001,0.309,0.3639999999999998,0.44704664621271134,-0.0965961339731787,0.0856482704651532,0.6059709613608262,-0.00783622928839461
0.3280000000000001,0.309,0.36299999999999993,0.4486155910939354,-0.0978901420435504,0.07950414290312999,0.6026140142766293,-0.007415173024596419
0.3290000000000001,0.309,0.3619999999999998,0.45017069988506614,-0.09918986771416123,0.0733953332028618,0.5992918362318278,-0.006883180259565112
0.3300000000000001,0.309,0.36099999999999993,0.4517120570353499,-0.10049523537989805,0.06732203991935919,0.5960045066639837,-0.006241865971971738
0.3310000000000001,0.309,0.3599999999999998,0.453239746967968,-0.1018061691778779,0.06128445809887083,0.5927521010658678,-0.005492846690815054
0.33200000000000013,0.309,0.35899999999999993,0.45475385410105323,-0.10312259299943399,0.055282779259442576,0.5895346910115,-0.004637740183515739
0.33300000000000013,0.309,0.3579999999999998,0.45625446286791427,-0.10444443050213012,0.04931719137285562,0.5863523441817442,-0.003678165145262497
0.33400000000000013,0.309,0.35699999999999993,0.45774165773554143,-0.10577160512173975,0.04338787884744053,0.5832051243908936,-0.0026157408889068007
0.33500000000000013,0.309,0.3559999999999998,0.4592155232223595,-0.10710404008420642,0.03749502251209247,0.5800930916137045,-0.0014520870361692077
0.33600000000000013,0.309,0.3549999999999999,0.46067614391421924,-0.10844165841756519,0.03163879960357567,0.5770163020132297,-0.00018882321090824168
0.3120000000000001,0.31,0.37799999999999995,0.4206015093541955,-0.07760256989540858,0.1780345846650419,0.6550670744479058,-0.00028966398636289664
0.3130000000000001,0.31,0.37699999999999984,0.42238141036910287,-0.07879568054206004,0.17141983369063485,0.6512296483379186,-0.0016570537948095779
0.3140000000000001,0.31,0.37599999999999995,0.4241462565614652,-0.07999554447131899,0.16483716270880525,0.6474253094615264,-0.0028914188560447487
0.3150000000000001,0.31,0.37499999999999983,0.42589613676112803,-0.08120209173242877,0.15828681487471663,0.6436541956975034,-0.003994309614224922
0.3160000000000001,0.31,0.37399999999999994,0.42763113925240004,-0.08241525194799364,0.1517690304018805,0.6399164407068282,-0.004967282300297318
0.3170000000000001,0.31,0.37299999999999983,0.42935135182300666,-0.08363495432539449,0.14528404650633367,0.6362121739499061,-0.005811898644046069
0.3180000000000001,0.31,0.37199999999999994,0.43105686180825964,-0.08486112766835416,0.1388320973594895,0.6325415207021848,-0.006529725584354662
0.3190000000000001,0.31,0.37099999999999983,0.4327477561340319,-0.08609370038847965,0.13241341404019724,0.6289046020728296,-0.007122334974512548
0.3200000000000001,0.31,0.36999999999999994,0.4344241213604005,-0.08733260051696198,0.126028224490488,0.6253015350212648,-0.0075913032872984496
0.3210000000000001,0.31,0.36899999999999983,0.43608604371574516,-0.0885777557162526,0.1196767534725803,0.6217324323764225,-0.007938211313282345
0.3220000000000001,0.31,0.36799999999999994,0.437733609137288,-0.08982909329174818,0.11335922252819124,0.6181974028575137,-0.008164643859963558
0.3230000000000001,0.31,0.3669999999999998,0.4393669033037843,-0.09108654020368503,0.10707584994505033,0.6146965510909639,-0.008272189450277845
0.3240000000000001,0.31,0.36599999999999994,0.440986011670086,-0.09235002307878182,0.10082685071573312,0.6112299776353621,-0.00826244001464927
0.3250000000000001,0.31,0.3649999999999998,0.44259101949757645,-0.09361946822221083,0.09461243650998659,0.6077977789992176,-0.008136990588057415
0.3260000000000001,0.31,0.36399999999999993,0.4441820118839255,-0.09489480162937544,0.0884328156398958,0.6044000476648697,-0.007897439001196261
0.3270000000000001,0.31,0.3629999999999998,0.4457590737914936,-0.09617594899775563,0.08228819303242087,0.601036872111604,-0.007545385573673451
0.3280000000000001,0.31,0.36199999999999993,0.4473222900733928,-0.09746283573884792,0.07617877020161541,0.5977083368373033,-0.00708243280651287
0.3290000000000001,0.31,0.3609999999999998,0.4488717454989758,-0.0987553869899953,0.07010474522504699,0.5944145223835452,-0.006510185074866611
0.3300000000000001,0.31,0.35999999999999993,0.45040752477749485,-0.10005352762626288,0.06406631271837986,0.5911555053601234,-0.005830248319836879
0.3310000000000001,0.31,0.3589999999999998,0.4519297125802083,-0.10135718227234046,0.05806366381411913,0.5879313584693967,-0.005044229741862093
0.33200000000000013,0.31,0.35799999999999993,0.4534383935614781,-0.10266627531433543,0.05209698614429697,0.5847421505335574,-0.004153737495167179
0.33300000000000013,0.31,0.3569999999999998,0.4549336523788683,-0.10398073091173363,0.04616646381967041,0.5815879465181817,-0.0031603803823900267
0.33400000000000013,0.31,0.3559999999999999,0.45641557371175007,-0.10530047300910775,0.040272277414887606,0.5784688075617748,-0.002065767550517872
0.33500000000000013,0.31,0.3549999999999998,0.45788424227900576,-0.10662542534797818,0.034414603951406636,0.5753847910017372,-0.0008715081878607825
0.3120000000000001,0.311,0.37699999999999995,0.41941490206265447,-0.07728414096459377,0.17419501254677916,0.6497466408864462,-0.0007973377103864462
0.3130000000000001,0.311,0.37599999999999983,0.42118804444092983,-0.07847102232256045,0.16761327767818576,0.6459379013271671,-0.002098642846585612
0.3140000000000001,0.311,0.37499999999999994,0.4229462015569392,-0.07966459828794348,0.16106376112488024,0.6421622454247303,-0.0032686454259901604
0.3150000000000001,0.311,0.37399999999999983,0.4246894626681701,-0.08086479926122525,0.15454670183295602,0.6384198077411806,-0.004308891675797552
0.3160000000000001,0.311,0.37299999999999994,0.42641791647522254,-0.0820715552255746,0.1480623358229132,0.6347107186536539,-0.005220933245928025
0.3170000000000001,0.311,0.37199999999999983,0.42813165117070817,-0.08328479575815888,0.14161089613505531,0.6310351043713368,-0.006006326926212037
0.3180000000000001,0.311,0.37099999999999994,0.42983075448331937,-0.08450445004153148,0.13519261278190642,0.6273930869528134,-0.006666634360463997
0.3190000000000001,0.311,0.36999999999999983,0.4315153137207399,-0.08573044687510904,0.12880771270082408,0.623784784323288,-0.007203421757425131
0.3200000000000001,0.311,0.36899999999999994,0.4331854158132607,-0.08696271468667141,0.12245641971125455,0.62021031029334,-0.007618259600319685
0.3210000000000001,0.311,0.3679999999999998,0.4348411473478268,-0.08820118154395187,0.11613895447194009,0.6166697745771937,-0.007912722350701312
0.3220000000000001,0.311,0.36699999999999994,0.4364825946085604,-0.0894457751661811,0.10985553444171138,0.6131632828139929,-0.008088388152990678
0.3230000000000001,0.311,0.3659999999999998,0.4381098436093655,-0.09069642293575582,0.10360637384512895,0.6096909365873294,-0.008146838536878684
0.3240000000000001,0.311,0.36499999999999994,0.43972298012854,-0.09195305190992935,0.09739168363406733,0.6062528334456743,-0.008089658117368982
0.3250000000000001,0.311,0.3639999999999998,0.44132208973906445,-0.09321558883243888,0.09121167145739346,0.6028490669256875,-0.007918434294119717
0.3260000000000001,0.311,0.36299999999999993,0.4429072578384949,-0.094483960145267,0.08506654163076507,0.5994797265731714,-0.007634756950876363
0.3270000000000001,0.311,0.3619999999999998,0.4444785696772566,-0.09575809200032251,0.07895649510722451,0.5961448979670468,-0.007240218153096039
0.3280000000000001,0.311,0.36099999999999993,0.44603611038474306,-0.09703791027118802,0.07288172945113801,0.5928446627424463,-0.006736411846189633
0.3290000000000001,0.311,0.3599999999999998,0.44757996499472225,-0.09832334056486194,0.0668424388132355,0.589579098614638,-0.006124933553672118
0.3300000000000001,0.311,0.35899999999999993,0.4491102184691093,-0.09961430823344665,0.06083881390846527,0.5863482794047908,-0.005407380075554802
0.3310000000000001,0.311,0.3579999999999998,0.45062695572008704,-0.10091073838593771,0.05487104199536942,0.5831522750637235,-0.004585349187901287
0.33200000000000013,0.311,0.35699999999999993,0.45213026163104975,-0.10221255589986988,0.04893930685540871,0.5799911516993755,-0.0036604393415729
0.33300000000000013,0.311,0.3559999999999998,0.4536202210768808,-0.10351968543303379,0.043043788776556534,0.5768649716027424,-0.0026342493637984705
0.33400000000000013,0.311,0.3549999999999999,0.4550969189425266,-0.10483205143518917,0.03718466453773916,0.573773793274012,-0.0015083781605909168
0.33500000000000013,0.311,0.3539999999999998,0.4565604401408093,-0.10614957815968563,0.031362107394135294,0.5707176714507989,-0.0002844244199824153
0.3120000000000001,0.312,0.37599999999999995,0.4182344731524079,-0.07696731207227712,0.1703840855442887,0.6444694507695755,-0.001273755239506992
0.3130000000000001,0.312,0.37499999999999983,0.42000091542818646,-0.07814800730387131,0.16383536383286457,0.640689312340059,-0.0025102603062402626
0.3140000000000001,0.312,0.37399999999999994,0.42175244165586195,-0.0793353390930488,0.15731899544422692,0.6369422519326494,-0.0036171689504223836
0.3150000000000001,0.312,0.37299999999999983,0.42348914151132666,-0.08052923819051087,0.1508352151504009,0.6332284008314005,-0.004596022973321165
0.3160000000000001,0.312,0.37199999999999994,0.425211104102278,-0.08172963493880757,0.14438425481181622,0.6295478861688855,-0.005448369241389819
0.3170000000000001,0.312,0.37099999999999983,0.42691841801712455,-0.08293645928355671,0.13796634332572882,0.6259008309425629,-0.006175759409312413
0.3180000000000001,0.312,0.36999999999999994,0.4286111713689788,-0.08414964078469775,0.13158170657885335,0.6222873540326712,-0.006779749638612088
0.3190000000000001,0.312,0.36899999999999983,0.43028945183856077,-0.08536910862782014,0.1252305674019692,0.618707570220325,-0.007261900313724534
0.3200000000000001,0.312,0.36799999999999994,0.4319533467176979,-0.08659479163556742,0.11891314552623439,0.61516159020563,-0.007623775756363284
0.3210000000000001,0.312,0.3669999999999998,0.43360294294337726,-0.08782661827903253,0.11262965754204111,0.6116495206279625,-0.00786694393417895
0.3220000000000001,0.312,0.36599999999999994,0.4352383271382217,-0.0890645166892214,0.1063803168604654,0.6081714640860785,-0.007992976171068134
0.3230000000000001,0.312,0.3649999999999998,0.43685958564298555,-0.09030841466858264,0.10016533367739636,0.6047275191580527,-0.008003446854002023
0.3240000000000001,0.312,0.36399999999999993,0.4384668045512909,-0.09155823970250553,0.093984914939773,0.6013177804234209,-0.00789993313939625
0.3250000000000001,0.312,0.3629999999999998,0.44006006973979905,-0.09281391897088123,0.08783926431331521,0.5979423384848805,-0.007684014657657296
0.3260000000000001,0.312,0.36199999999999993,0.44163946689807676,-0.09407537935966914,0.08172858215262921,0.594601279990934,-0.007357273217491706
0.3270000000000001,0.312,0.3609999999999998,0.44320508155690475,-0.09534254747247488,0.07565306547312774,0.5912946876591398,-0.006921292509724581
0.3280000000000001,0.312,0.35999999999999993,0.4447569991143898,-0.09661534964211503,0.0696129079259552,0.5880226403004507,-0.006377657811028944
0.3290000000000001,0.312,0.3589999999999998,0.4462953048613645,-0.09789371194223091,0.06360829977344765,0.5847852128429741,-0.005727955687873116
0.3300000000000001,0.312,0.35799999999999993,0.44782008400515755,-0.09917756019887329,0.057639427867394954,0.5815824763569685,-0.004973773700908908
0.3310000000000001,0.312,0.3569999999999998,0.4493314216916408,-0.10046682000203429,0.05170647562702255,0.5784144980814621,-0.0041167001087781575
0.33200000000000013,0.312,0.3559999999999999,0.45082940302637314,-0.10176141671729959,0.04580962302324623,0.575281341448284,-0.003158323575552747
0.33300000000000013,0.312,0.3549999999999998,0.45231411309476965,-0.10306127549730587,0.03994904655981421,0.5721830661108408,-0.002100232876253775
0.33400000000000013,0.312,0.3539999999999999,0.4537856369806642,-0.10436632129332181,0.034124919257501156,0.5691197279700209,-0.0009440166050069219
0.3110000000000001,0.313,0.37599999999999983,0.4152854419779174,-0.07548416986651979,0.1731496839572646,0.6430197279963918,-0.0004173355963131842
0.3120000000000001,0.313,0.37499999999999994,0.41706017995598793,-0.07665207415170995,0.16660171880551117,0.6392351661658459,-0.0017197447173789293
0.3130000000000001,0.313,0.37399999999999983,0.41881998004137927,-0.07782662605227893,0.1600860052415409,0.6354835425218426,-0.002892715357820645
0.3140000000000001,0.313,0.37299999999999994,0.42056493294782665,-0.07900775707823281,0.15360277673566244,0.6317649892436538,-0.003937779704132456
0.3150000000000001,0.313,0.37199999999999983,0.42229512876034464,-0.08019539832941175,0.1471522639152969,0.6280796343768116,-0.004856474927234122
0.3160000000000001,0.313,0.37099999999999994,0.42401065698468343,-0.08138948050656256,0.14073469451396114,0.6244276018476851,-0.005650342914744859
0.3170000000000001,0.313,0.36999999999999983,0.425711606596131,-0.08258993392241482,0.13435029331940487,0.6208090114807255,-0.0063209299981233785
0.3180000000000001,0.313,0.36899999999999994,0.42739806608349173,-0.08379668851277677,0.12799928212806333,0.6172239790175553,-0.006869786676126741
0.3190000000000001,0.313,0.3679999999999998,0.4290701234917895,-0.085009673847829,0.12168187969629683,0.613672616132796,-0.00729846733541898
0.3200000000000001,0.313,0.36699999999999994,0.4307278664659005,-0.08622881914324183,0.11539830170255927,0.6101550304568047,-0.007608529969970107
0.3210000000000001,0.313,0.3659999999999998,0.43237138228442235,-0.08745405327159976,0.10914876070271333,0.6066713255918498,-0.007801535895124324
0.3220000000000001,0.313,0.36499999999999994,0.4340007579002092,-0.08868530477364128,0.10293346609495214,0.6032216011350069,-0.007879049463056436
0.3230000000000001,0.313,0.3639999999999998,0.43561607997282864,-0.08992250186965126,0.09675262408415226,0.5998059526984069,-0.007842637774761813
0.3240000000000001,0.313,0.36299999999999993,0.4372174349031748,-0.0911655724708595,0.09060643764626476,0.5964244719306931,-0.007693870391186245
0.3250000000000001,0.313,0.3619999999999998,0.4388049088637233,-0.09241444419083575,0.08449510649930397,0.593077246539738,-0.007434319043892287
0.3260000000000001,0.313,0.36099999999999993,0.44037858782838096,-0.09366904435694819,0.07841882707396569,0.5897643603147417,-0.007065557345097843
0.3270000000000001,0.313,0.3599999999999998,0.44193855760073497,-0.09492930002172581,0.07237779248486984,0.5864858931516275,-0.006589160495963371
0.3280000000000001,0.313,0.35899999999999993,0.44348490384018,-0.09619513797437587,0.06637219250654387,0.5832419210752422,-0.006006704996873832
0.3290000000000001,0.313,0.3579999999999998,0.4450177120873155,-0.0974664847522061,0.060402213549375194,0.5800325162645826,-0.005319768356612905
0.3300000000000001,0.313,0.35699999999999993,0.4465370677877202,-0.09874326665207528,0.054468038638431936,0.5768577470777678,-0.004529928802541442
0.3310000000000001,0.313,0.3559999999999998,0.4480430563140937,-0.10002540974177396,0.04856984739394044,0.5737176780790239,-0.0036387649909390384
0.33200000000000013,0.313,0.3549999999999999,0.44953576298724285,-0.10131283987151928,0.04270781601200485,0.5706123700631683,-0.002647855718528167
0.33300000000000013,0.313,0.3539999999999998,0.4510152730963848,-0.10260548268528039,0.03688211724901556,0.5675418800842258,-0.0015587796350626307
0.33400000000000013,0.313,0.3529999999999999,0.45248167191773275,-0.10390326363224034,0.03109292040634493,0.5645062614808565,-0.0003731149575205619
0.3110000000000001,0.314,0.37499999999999983,0.4141238951956462,-0.07517655763947537,0.1693629232101362,0.6377995798189288,-0.0008976743430932077
0.3120000000000001,0.314,0.37399999999999994,0.41589198016722917,-0.07633841818685788,0.1628478265504468,0.634043451944108,-0.0021361172976972417
0.3130000000000001,0.314,0.37299999999999983,0.41764519536013084,-0.07750686918837031,0.1563651141040654,0.6303202558473575,-0.0032468004247080545
0.3140000000000001,0.314,0.37199999999999994,0.41938363189910166,-0.07868184249305304,0.1499150152134393,0.626630120475522,-0.004231251430213592
0.3150000000000001,0.314,0.37099999999999983,0.4211073802693187,-0.079863269548803,0.14349775639615592,0.6229731706741597,-0.00509100265908749
0.3160000000000001,0.314,0.36999999999999994,0.4228165303656835,-0.0810510814133452,0.1371135612920005,0.6193495272018602,-0.005827590831197882
0.3170000000000001,0.314,0.36899999999999983,0.4245111715416015,-0.08224520876514951,0.13076265061309308,0.615759306748846,-0.006442556773184102
0.3180000000000001,0.314,0.36799999999999994,0.42619139265282385,-0.08344558191441688,0.12444524209675124,0.6122026219559247,-0.006937445146124828
0.3190000000000001,0.314,0.3669999999999998,0.42785728210025,-0.08465213081421967,0.1181615504616147,0.6086795814313319,-0.007313804172171097
0.3200000000000001,0.314,0.36599999999999994,0.42950892787334977,-0.08586478507151886,0.11191178736609729,0.605190289772973,-0.0075731853577314795
0.3210000000000001,0.314,0.3649999999999998,0.43114641758413713,-0.08708347395845649,0.10569616136798557,0.6017348475849364,-0.007717143213853531
0.3220000000000001,0.314,0.36399999999999993,0.43276983850754513,-0.08830812642341677,0.09951487788685685,0.5983133515019156,-0.007747234975256461
0.3230000000000001,0.314,0.3629999999999998,0.4343792776139222,-0.08953867110236359,0.093368139170749,0.5949258942076339,-0.007665020318909366
0.3240000000000001,0.314,0.36199999999999993,0.43597482160363704,-0.09077503633002273,0.08725614426164235,0.5915725644587139,-0.007472061079878547
0.3250000000000001,0.314,0.3609999999999998,0.4375565569372967,-0.09201715015118622,0.08117908896648275,0.5882534471064387,-0.00716992096761096
0.3260000000000001,0.314,0.35999999999999993,0.4391245698655236,-0.09326494033199036,0.0751371658268911,0.5849686231201789,-0.006760165280492718
0.3270000000000001,0.314,0.3589999999999998,0.4406789464572772,-0.09451833437122015,0.06913056409305222,0.5817181696109807,-0.0062443606210725346
0.3280000000000001,0.314,0.35799999999999993,0.44221977262597034,-0.09577725951162172,0.06315946970001833,0.5785021598556453,-0.005624074611281175
0.3290000000000001,0.314,0.3569999999999998,0.44374713415483924,-0.0970416427511585,0.05722406524350803,0.5753206633227498,-0.004900875606818962
0.3300000000000001,0.314,0.3559999999999999,0.44526111672073043,-0.0983114108543753,0.0513245299594303,0.5721737456964394,-0.004076332413471016
0.3310000000000001,0.314,0.3549999999999998,0.446761805916208,-0.09958649036363368,0.045461039703806876,0.5690614689036858,-0.0031520140026850794
0.33200000000000013,0.314,0.3539999999999999,0.4482492872706901,-0.10086680761042774,0.0396337669372079,0.5659838911397851,-0.0021294892299148042
0.33300000000000013,0.314,0.3529999999999998,0.4497236462706394,-0.10215228872658193,0.033842880706547424,0.5629410668967271,-0.0010103265518735388
0.3100000000000001,0.315,0.37499999999999994,0.41119195962953986,-0.07372121996167602,0.17211907561934028,0.6363823293586912,-4.4610314583047594e-05
0.3110000000000001,0.315,0.37399999999999983,0.41296834284758155,-0.07487047693362771,0.16560455605853355,0.6326217557810279,-0.0013479465646252867
0.3120000000000001,0.315,0.37299999999999994,0.414729831837868,-0.0760263352118718,0.15912232210367686,0.6288939757465573,-0.002523667463640529
0.3130000000000001,0.315,0.37199999999999983,0.4164765188293953,-0.07718872738640566,0.15267260175711533,0.6251991190951443,-0.0035732914839173846
0.3140000000000001,0.315,0.37099999999999994,0.41820849534898763,-0.07835758564433823,0.1462556202678486,0.6215373115794542,-0.004498341654732167
0.3150000000000001,0.315,0.36999999999999983,0.4199258522730502,-0.0795328417805566,0.13987160007498914,0.6179086748822202,-0.005300345305135505
0.3160000000000001,0.315,0.36899999999999994,0.42162867987686314,-0.08071442720849586,0.1335207607574764,0.6143133266332271,-0.00598083380430451
0.3170000000000001,0.315,0.3679999999999998,0.42331706788327983,-0.08190227297098132,0.1272033189844031,0.6107513804268049,-0.006541342298437745
0.3180000000000001,0.315,0.36699999999999994,0.4249911055065608,-0.08309630975106547,0.12091948846983605,0.6072229458417787,-0.006983409443359179
0.3190000000000001,0.315,0.3659999999999998,0.42665088149503916,-0.08429646788308075,0.11466947992717176,0.603728128457519,-0.007308577135590556
0.3200000000000001,0.315,0.36499999999999994,0.42829648417456373,-0.08550267736347587,0.10845350103025339,0.6002670298779633,-0.007518390240591571
0.3210000000000001,0.315,0.3639999999999998,0.42992800148239363,-0.08671486786199914,0.10227175637215917,0.5968397477478002,-0.007614396317937928
0.3220000000000001,0.315,0.36299999999999993,0.4315455210075829,-0.08793296873265592,0.0961244474296881,0.593446375776451,-0.007598145346224258
0.3230000000000001,0.315,0.3619999999999998,0.4331491300234423,-0.08915690902482289,0.09001177253023258,0.5900870037591514,-0.007471189445878632
0.3240000000000001,0.315,0.36099999999999993,0.4347389155220652,-0.09038661749442835,0.08393392681651499,0.5867617175975843,-0.007235082600986258
0.3250000000000001,0.315,0.3599999999999998,0.4363149642445733,-0.09162202261501526,0.07789110221931747,0.5834705993246819,-0.006891380380356978
0.3260000000000001,0.315,0.35899999999999993,0.4378773627108981,-0.09286305258891615,0.07188348742816572,0.5802137271273972,-0.00644163965795937
0.3270000000000001,0.315,0.3579999999999998,0.4394261972481106,-0.09410963535842205,0.06591126786616947,0.5769911753704575,-0.005887418333784169
0.3280000000000001,0.315,0.35699999999999993,0.4409615540164469,-0.09536169861692946,0.059974625664598165,0.5738030146213149,-0.005230275053527592
0.3290000000000001,0.315,0.3559999999999998,0.44248351903471556,-0.09661916982014904,0.054073739640182875,0.5706493116740994,-0.0044717689295398835
0.3300000000000001,0.315,0.3549999999999999,0.4439921782041916,-0.09788197619718239,0.04820878527758917,0.5675301295771983,-0.0036134592627048833
0.3310000000000001,0.315,0.3539999999999998,0.44548761733062964,-0.09915004476171817,0.04237993470719568,0.5644455276581767,-0.002656905263371853
0.33200000000000013,0.315,0.3529999999999999,0.44696992214539016,-0.10042330232319195,0.036587356689503366,0.5613955615497755,-0.0016036657750433912
0.33300000000000013,0.315,0.3519999999999998,0.448439178325773,-0.10170167549781715,0.03083121660030193,0.5583802832190186,-0.0004552989983996631
0.3100000000000001,0.316,0.37399999999999994,0.41004896732122575,-0.0734225670699,0.1683562918597195,0.6312182327141805,-0.0005287605683803875
0.3110000000000001,0.316,0.37299999999999983,0.41181874393996315,-0.07456591918241307,0.1618744969459464,0.6274859271487476,-0.0017689487146494362
0.3120000000000001,0.316,0.37199999999999994,0.4135736933739803,-0.07571581631116028,0.1554251179203862,0.6237864079694055,-0.0028831733368238494
0.3130000000000001,0.316,0.37099999999999983,0.41531390825606984,-0.07687219137438586,0.14900837870796038,0.6201198018267049,-0.0038729483764348774
0.3140000000000001,0.316,0.36999999999999994,0.41703948050615175,-0.0780349768963054,0.14262450049344172,0.6164862313163131,-0.004739791994680699
0.3150000000000001,0.316,0.36899999999999983,0.4187505013831674,-0.0792041050176177,0.13627370167197092,0.6128858149976334,-0.005485226321278083
0.3160000000000001,0.316,0.36799999999999994,0.42044706153416,-0.08037950750621801,0.12995619779503179,0.6093186674092068,-0.006110777198762227
0.3170000000000001,0.316,0.3669999999999998,0.4221292510429171,-0.08156111576786598,0.12367220152178195,0.605784899088016,-0.0066179739234743865
0.3180000000000001,0.316,0.36599999999999994,0.4237971594738032,-0.08274886085697772,0.11742192257598624,0.6022846165875024,-0.007008348984281765
0.3190000000000001,0.316,0.3649999999999998,0.4254508759143782,-0.08394267348740062,0.1112055677010094,0.5988179224981669,-0.00728343779684186
0.3200000000000001,0.316,0.36399999999999993,0.4270904890187173,-0.0851424840433139,0.10502334061955604,0.5953849154665402,-0.007444778438102633
0.3210000000000001,0.316,0.3629999999999998,0.42871608704138203,-0.08634822259010519,0.09887544199589365,0.5919856902165508,-0.0074939113756487645
0.3220000000000001,0.316,0.36199999999999993,0.43032775787766714,-0.08755981888531868,0.09276206939830589,0.5886203375704565,-0.007432379197974029
0.3230000000000001,0.316,0.3609999999999998,0.43192558909607276,-0.0887772023895834,0.08668341726745125,0.585288944471667,-0.0072617263422321
0.3240000000000001,0.316,0.35999999999999993,0.4335096679729065,-0.09000030227763342,0.08063967688430679,0.5819915940062983,-0.00698349882204757
0.3250000000000001,0.316,0.3589999999999998,0.4350800815223567,-0.09122904744931755,0.07463103633926203,0.578728365426104,-0.006599243953053547
0.3260000000000001,0.316,0.35799999999999993,0.43663691652634573,-0.092463366540576,0.06865768050559856,0.5754993341731202,-0.006110510078952469
0.3270000000000001,0.316,0.3569999999999998,0.43818025956280665,-0.09370318793448454,0.06271979101370385,0.5723045719033152,-0.0055188462974604564
0.3280000000000001,0.316,0.3559999999999999,0.43971019703181324,-0.09494843977226305,0.056817546228782184,0.5691441465117578,-0.004825802186468341
0.3290000000000001,0.316,0.3549999999999998,0.44122681518093515,-0.09619904996433812,0.050951121227262475,0.566018122156939,-0.004032927529942653
0.3300000000000001,0.316,0.3539999999999999,0.4427302001290046,-0.09745494620132049,0.04512068777651996,0.5629265592875636,-0.00314177204433601
0.3310000000000001,0.316,0.3529999999999998,0.4442204378883691,-0.09871605596501029,0.039326414318708536,0.5598695146688658,-0.0021538851069740385
0.33200000000000013,0.316,0.3519999999999999,0.4456976143859022,-0.09998230653942816,0.03356846595238409,0.5568470414084593,-0.0010708154841957487
0.3100000000000001,0.317,0.37299999999999994,0.40891183164773204,-0.07312538842817565,0.16462173625177354,0.6260958913165325,-0.0009831978543054024
0.3110000000000001,0.317,0.37199999999999983,0.4106750578227406,-0.07426287586563236,0.15817265944328784,0.6223917678898878,-0.0021614609726388415
0.3120000000000001,0.317,0.37099999999999994,0.4124235235327124,-0.07540685261890213,0.15175612561952143,0.6187204217374963,-0.003215396985512424
0.3130000000000001,0.317,0.36999999999999983,0.4141573218053366,-0.07655725193356243,0.14537235465865128,0.6150819763594246,-0.004146515111430604
0.3140000000000001,0.317,0.36899999999999994,0.4158765449450042,-0.07771400666989366,0.139021563716851,0.6114765512328951,-0.004956328459978655
0.3150000000000001,0.317,0.3679999999999998,0.41758128458449584,-0.0788770493132938,0.1327039671755676,0.607904261830611,-0.005646353784082611
0.3160000000000001,0.317,0.36699999999999994,0.4192716317341087,-0.08004631198480945,0.12641977659142736,0.6043652196382944,-0.006218111229104713
0.3170000000000001,0.317,0.3659999999999998,0.42094767683025386,-0.0812217264517472,0.12016920064869271,0.6008595321723907,-0.00667312407940298
0.3180000000000001,0.317,0.36499999999999994,0.4226095097791479,-0.08240322413827904,0.11395244511424574,0.5973873030001956,-0.007012918500197224
0.3190000000000001,0.317,0.3639999999999998,0.42425721999942617,-0.08359073613614545,0.10776971279443592,0.5939486317592266,-0.007239023277637344
0.3200000000000001,0.317,0.36299999999999993,0.4258908964654545,-0.08478419321537894,0.10162120349655772,0.5905436141778778,-0.007352969558039015
0.3210000000000001,0.317,0.3619999999999998,0.42751062774119175,-0.08598352583506548,0.09550711398936158,0.5871723420966699,-0.007356290581616961
0.3220000000000001,0.317,0.36099999999999993,0.4291165020204707,-0.08718866415421345,0.08942763796811029,0.5838349034880941,-0.007250521418927933
0.3230000000000001,0.317,0.3599999999999998,0.43070860715946885,-0.08839953804247304,0.08338296602398604,0.5805313824817938,-0.0070371987032424935
0.3240000000000001,0.317,0.35899999999999993,0.432287030711137,-0.08961607709109636,0.07737328560865203,0.5772618593844375,-0.006717860362732666
0.3250000000000001,0.317,0.3579999999999998,0.43385185995541287,-0.09083821062372047,0.0713987810079646,0.5740264107053175,-0.006294045351975943
0.3260000000000001,0.317,0.35699999999999993,0.43540318192907823,-0.09206586770729261,0.06545963331630024,0.5708251091790406,-0.0057672933841714236
0.3270000000000001,0.317,0.3559999999999998,0.4369410834538998,-0.0932989771629863,0.05955602040792906,0.5676580237892336,-0.005139144661199666
0.3280000000000001,0.317,0.3549999999999999,0.43846565116284353,-0.0945374675769837,0.05368811691746206,0.5645252197961818,-0.0044111396053922065
0.3290000000000001,0.317,0.3539999999999998,0.43997697152539095,-0.095781267311473,0.047856094215689204,0.5614267587594854,-0.0035848185910170357
0.3300000000000001,0.317,0.3529999999999999,0.44147513087141366,-0.09703030451548877,0.04206012039222102,0.5583626985650322,-0.002661721677131048
0.3310000000000001,0.317,0.3519999999999998,0.442960215413335,-0.09828450713574181,0.03630036023723915,0.5553330934523707,-0.0016433883402917331
0.33200000000000013,0.317,0.3509999999999999,0.44443231126718424,-0.09954380292751203,0.030576975224235685,0.552337994040643,-0.0005313572085566282
0.3090000000000001,0.318,0.37299999999999983,0.40600899331342677,-0.07170451352472722,0.1673641390974426,0.6247236525232285,-0.0001669545486078991
0.3100000000000001,0.318,0.37199999999999994,0.4077805128857701,-0.07282967589760438,0.16091532347508866,0.6210149826602922,-0.0014087043225739296
0.3110000000000001,0.318,0.37099999999999983,0.4095372441862012,-0.07396133850925564,0.15449895627471752,0.6173389546488542,-0.002526247546239979
0.3120000000000001,0.318,0.36999999999999994,0.4112792814187741,-0.07509943531869649,0.14811525600819017,0.6136956928821727,-0.0035210847234771053
0.3130000000000001,0.318,0.36899999999999983,0.41300671799734223,-0.07624389989796716,0.14176443853846987,0.6100853177463179,-0.0043947201650575
0.3140000000000001,0.318,0.36799999999999994,0.41471964660211136,-0.07739466544237027,0.13544671702389435,0.6065079456377035,-0.0051486617503610915
0.3150000000000001,0.318,0.3669999999999998,0.41641815923126135,-0.07855166478081996,0.12916230186610622,0.6029636889801565,-0.005784420684725879
0.3160000000000001,0.318,0.36599999999999994,0.4181023472500419,-0.07971483038624746,0.12291140066157316,0.5994526562429606,-0.006303511253266544
0.3170000000000001,0.318,0.3649999999999998,0.41977230143918737,-0.0808840943860287,0.11669421815113123,0.5959749519606568,-0.0067074505701686105
0.3180000000000001,0.318,0.36399999999999993,0.4214281120386577,-0.08205938857253782,0.11051095617851521,0.5925306767513939,-0.006997758327025833
0.3190000000000001,0.318,0.3629999999999998,0.42306986879021574,-0.08324064441368006,0.10436181364805647,0.5891199273378979,-0.007175956537289786
0.3200000000000001,0.318,0.36199999999999993,0.42469766098062955,-0.0844277930635288,0.09824698648500303,0.5857427965672879,-0.007243569280159415
0.3210000000000001,0.318,0.3609999999999998,0.4263115774755715,-0.08562076537293668,0.09216666759831117,0.5823993734332523,-0.007202122439635195
0.3220000000000001,0.318,0.35999999999999993,0.42791170675981505,-0.08681949190023554,0.08612104684501018,0.5790897430972093,-0.007053143445170173
0.3230000000000001,0.318,0.3589999999999998,0.4294981369696562,-0.08802390292190945,0.08011031099939821,0.575813986911485,-0.006798161009620253
0.3240000000000001,0.318,0.35799999999999993,0.4310709559274574,-0.08923392844335083,0.0741346437218153,0.5725721824413698,-0.00643870486724157
0.3250000000000001,0.318,0.3569999999999998,0.4326302511717465,-0.0904494982095505,0.06819422553012314,0.5693644034898965,-0.005976305509791193
0.3260000000000001,0.318,0.3559999999999999,0.4341761099869875,-0.0916705417159023,0.06228923377262172,0.5661907201204336,-0.005412493923333081
0.3270000000000001,0.318,0.3549999999999998,0.4357086194319055,-0.09289698821885742,0.05641984260483125,0.5630511986838145,-0.004748801324554467
0.3280000000000001,0.318,0.3539999999999999,0.4372278663655636,-0.09412876674682574,0.05058622296683758,0.5599459018397379,-0.003986758898352791
0.3290000000000001,0.318,0.3529999999999998,0.4387339374727607,-0.09536580611076896,0.044788542561598095,0.5568748885863644,-0.003127897533626257
0.3300000000000001,0.318,0.3519999999999999,0.4402269192878408,-0.09660803491503678,0.03902696583620717,0.5538382142840843,-0.0021737475618055346
0.3310000000000001,0.318,0.3509999999999998,0.44170689821690284,-0.09785538156809358,0.03330165396499452,0.5508359306822509,-0.0011258384955496331
0.3090000000000001,0.319,0.37199999999999983,0.4048899576421221,-0.07141598945900261,0.16365320862379693,0.6196558390522465,-0.0006254394701685206
0.3100000000000001,0.319,0.37099999999999994,0.40665497164206366,-0.0725354213829187,0.1572369673566596,0.6159751868665869,-0.0018060462351094028
0.3110000000000001,0.319,0.36999999999999983,0.40840526305781144,-0.0736612986860005,0.15085329934848427,0.6123271667268935,-0.00286405696828701
0.3120000000000001,0.319,0.36899999999999994,0.4101409264811645,-0.0747935556442142,0.1445024191114034,0.6087118999180554,-0.0038009674064548096
0.3130000000000001,0.319,0.3679999999999998,0.4118620557035815,-0.07593212615508886,0.13818453852604595,0.6051295037507832,-0.004618276773492004
0.3140000000000001,0.319,0.36699999999999994,0.41356874377265657,-0.07707694374793225,0.13189986678645868,0.6015800915766225,-0.005317487547574683
0.3150000000000001,0.319,0.3659999999999998,0.41526108304362325,-0.07822794159397747,0.12564861034722552,0.5980637728079182,-0.005900105221367691
0.3160000000000001,0.319,0.36499999999999994,0.41693916522835944,-0.07938505251668321,0.11943097287483022,0.5945806529357113,-0.006367638060266627
0.3170000000000001,0.319,0.3639999999999998,0.4186030814438924,-0.08054820900205617,0.11324715520218843,0.5911308335493741,-0.006721596857886113
0.3180000000000001,0.319,0.36299999999999993,0.42025292225597094,-0.0817173432091014,0.10709735528423293,0.5877144123547174,-0.0069634946881023604
0.3190000000000001,0.319,0.3619999999999998,0.4218887777215938,-0.08289238698017509,0.1009817681561524,0.5843314831968379,-0.007094846653651513
0.3200000000000001,0.319,0.36099999999999993,0.42351073743223167,-0.08407327185154315,0.09490058589614853,0.5809821360788736,-0.007117169635940841
0.3210000000000001,0.319,0.3599999999999998,0.4251188905476179,-0.08525992906383414,0.08885399758642301,0.5776664571853154,-0.007031982037943314
0.3220000000000001,0.319,0.35899999999999993,0.4267133258360454,-0.08645228957263679,0.08284218928185312,0.574384528902718,-0.0068408035313453665
0.3230000000000001,0.319,0.3579999999999998,0.4282941317066275,-0.08765028405903247,0.07686534397585444,0.5711364298434337,-0.006545154798111297
0.3240000000000001,0.319,0.35699999999999993,0.4298613962439004,-0.0888538429402174,0.07092364157185184,0.5679222348679921,-0.0061465572743069005
0.3250000000000001,0.319,0.3559999999999998,0.43141520723783,-0.09006289638007074,0.06501725885317863,0.5647420151098518,-0.005646532890697251
0.3260000000000001,0.319,0.3549999999999999,0.4329556522137319,-0.09127737429978246,0.059146369460607834,0.5615958379993319,-0.005046603815962811
0.3270000000000001,0.319,0.3539999999999998,0.4344828184604709,-0.09249720638849061,0.05331114386642223,0.558483767287974,-0.004348292197954842
0.3280000000000001,0.319,0.3529999999999999,0.4359967930565,-0.09372232211389372,0.04751174935134604,0.5554058630740566,-0.003553119905148009
0.3290000000000001,0.319,0.3519999999999998,0.43749766289538355,-0.09495265073280364,0.04174834998631388,0.5523621818299573,-0.002662608269614182
0.3300000000000001,0.319,0.3509999999999999,0.4389855147095723,-0.09618812130187203,0.036021106613119885,0.549352776425455,-0.001678277830659618
0.3310000000000001,0.319,0.3499999999999998,0.4404604350926084,-0.09742866268805682,0.030330176827447007,0.5463776961576458,-0.0006016480780425305
0.3090000000000001,0.32,0.37099999999999983,0.40377660569288887,-0.07112887673737729,0.15997025700836742,0.6146289076251493,-0.0010553255394458033
0.3100000000000001,0.32,0.36999999999999994,0.40553516885027246,-0.07224261683156857,0.15358658090014624,0.6109761866658615,-0.0021759742566547155
0.3110000000000001,0.32,0.36899999999999983,0.4072790747989247,-0.0733627480144705,0.14723559978198056,0.6073560860613793,-0.003175622386543113
0.3120000000000001,0.32,0.36799999999999994,0.40900841850987035,-0.07448920487819657,0.1409175241994667,0.6037687240246704,-0.004055760719870939
0.3130000000000001,0.32,0.3669999999999998,0.4107232941436969,-0.0756219216448627,0.13463256208216093,0.6002142148265912,-0.004817883221246204
0.3140000000000001,0.32,0.36599999999999994,0.41242379510700355,-0.07676083217664281,0.1283809186907853,0.5966926688125311,-0.005463486800522714
0.3150000000000001,0.32,0.3649999999999998,0.41411001410386733,-0.0779058699858873,0.12216279656579102,0.5932041924199984,-0.005994071078737492
0.3160000000000001,0.32,0.36399999999999993,0.41578204318479434,-0.07905696824526262,0.11597839547949682,0.5897488881981138,-0.006411138150348054
0.3170000000000001,0.32,0.3629999999999998,0.41743997379506337,-0.08021405979794173,0.10982791238825906,0.5863268548278595,-0.0067161923421938385
0.3180000000000001,0.32,0.36199999999999993,0.4190838968183486,-0.08137707716792568,0.10371154139148793,0.5829381871406585,-0.006910739971050718
0.3190000000000001,0.32,0.3609999999999998,0.42071390261920005,-0.08254595257031505,0.09762947369031033,0.5795829761402989,-0.006996289097368415
0.3200000000000001,0.32,0.35999999999999993,0.42233008108615233,-0.0837206179217102,0.09158189754899673,0.5762613090229218,-0.006974349278857369
0.3210000000000001,0.32,0.3589999999999998,0.4239325216656103,-0.08490100485056139,0.08556899825970858,0.5729732691999596,-0.006846431319623137
0.3220000000000001,0.32,0.35799999999999993,0.4255213134019438,-0.08608704470759224,0.07959095810720845,0.5697189363203564,-0.006614047020260711
0.3230000000000001,0.32,0.3569999999999998,0.4270965449699114,-0.08727866857626207,0.07364795634011377,0.5664983862929591,-0.006278708926655059
0.3240000000000001,0.32,0.3559999999999999,0.4286583047090972,-0.08847580728320856,0.06774016913903175,0.5633116913104705,-0.005841930077088792
0.3250000000000001,0.32,0.3549999999999998,0.4302066806540773,-0.08967839140873021,0.06186776959139451,0.5601589198732173,-0.005305223749940264
0.3260000000000001,0.32,0.3539999999999999,0.43174176056409486,-0.09088635129727807,0.056030927663305384,0.5570401368134457,-0.0046701032097543164
0.3270000000000001,0.32,0.3529999999999998,0.43326363195144524,-0.09209961706790126,0.05022981017906524,0.5539554033213798,-0.003938081455128551
0.3280000000000001,0.32,0.3519999999999999,0.43477238210749153,-0.09331811862478152,0.04446458079780634,0.5509047769694891,-0.0031106709655805698
0.3290000000000001,0.32,0.3509999999999998,0.43626809812814965,-0.09454178566769163,0.03873539999464917,0.5478883117390548,-0.002189383449641598
0.3300000000000001,0.32,0.3499999999999999,0.4377508669376624,-0.09577054770244285,0.03304242504152447,0.5449060580472143,-0.0011757295928502675
0.3310000000000001,0.32,0.3489999999999998,0.43922077531086323,-0.0970043340513961,0.027385809991749284,0.5419580627725584,-7.12188078438418e-05
0.3080000000000001,0.321,0.37099999999999994,0.40090204444741906,-0.0697414831859437,0.16269892487960438,0.6132999090409452,-0.0002746044515583093
0.3090000000000001,0.321,0.36999999999999983,0.40266889928927674,-0.0708431676690047,0.15631519834448251,0.6096425443553614,-0.0014573654701860242
0.3100000000000001,0.321,0.36899999999999994,0.4044210657678519,-0.07195125423379846,0.14996407631164044,0.6060176673727451,-0.002519223743900359
0.3110000000000001,0.321,0.3679999999999998,0.40615864010170444,-0.07306567815919644,0.1436457679319749,0.6024253972003257,-0.0034616618525839873
0.3120000000000001,0.321,0.36699999999999994,0.40788171763255315,-0.07418637435257708,0.1373604798133735,0.5988658490170782,-0.004286165466036614
0.3130000000000001,0.321,0.3659999999999998,0.409590392881883,-0.07531327735964928,0.13110841596918713,0.5953391340913305,-0.004994223123392316
0.3140000000000001,0.321,0.36499999999999994,0.411284759607091,-0.0764463213744041,0.12488977775908068,0.5918453597974236,-0.005587326006701213
0.3150000000000001,0.321,0.3639999999999998,0.41296491085302817,-0.0775854402490528,0.11870476384260192,0.5883846296355174,-0.0060669677118248486
0.3160000000000001,0.321,0.36299999999999993,0.41463093900078907,-0.07873056750409202,0.11255357012878858,0.584957043250044,-0.006434644014676503
0.3170000000000001,0.321,0.3619999999999998,0.41628293581610065,-0.0798816363384082,0.10643638973200735,0.5815626964493149,-0.006691852636008584
0.3180000000000001,0.321,0.36099999999999993,0.4179209924928656,-0.08103857963936525,0.10035341293050404,0.5782016812276111,-0.006840093002118665
0.3190000000000001,0.321,0.3599999999999998,0.4195451996955298,-0.0822013299930908,0.09430482712366169,0.5748740857834458,-0.006880866004021189
0.3200000000000001,0.321,0.35899999999999993,0.42115564760228713,-0.08336981969465021,0.08829081679790547,0.571579994542732,-0.006815673756079766
0.3210000000000001,0.321,0.3579999999999998,0.42275242593877976,-0.08454398075830766,0.08231156348739897,0.5683194881809356,-0.006646019348847846
0.3220000000000001,0.321,0.35699999999999993,0.424335624018301,-0.08572374492784648,0.07636724574327952,0.5650926436449162,-0.006373406605588924
0.3230000000000001,0.321,0.3559999999999998,0.4259053307741569,-0.08690904368685236,0.0704580391040894,0.5618995341769547,-0.005999339835187481
0.3240000000000001,0.321,0.3549999999999999,0.42746163479404475,-0.08809980826907984,0.0645841160634247,0.5587402293375077,-0.005525323584355934
0.3250000000000001,0.321,0.3539999999999998,0.4290046243501986,-0.08929596966877675,0.058745646044983314,0.5556147950299649,-0.004952862390062537
0.3260000000000001,0.321,0.3529999999999999,0.4305343874291959,-0.09049745865104493,0.0529427953785178,0.5525232935251386,-0.004283460532067861
0.3270000000000001,0.321,0.3519999999999998,0.43205101176019506,-0.09170420576216112,0.047175727276015295,0.5494657834873438,-0.003518621784658775
0.3280000000000001,0.321,0.3509999999999999,0.43355458484100573,-0.0929161413399792,0.041444601810152845,0.546442319998832,-0.0026598491692217605
0.3290000000000001,0.321,0.3499999999999998,0.4350451939635587,-0.09413319552425929,0.03574957589538563,0.5434529545864426,-0.0017086447074102264
0.3300000000000001,0.321,0.3489999999999999,0.436522926237761,-0.09535529826699835,0.030090803270932838,0.5404977352483904,-0.0006665091751766224
0.3080000000000001,0.322,0.36999999999999994,0.3998063531824723,-0.06946273218584006,0.15903925087209708,0.6083260342953611,-0.000708746150039602
0.3090000000000001,0.322,0.36899999999999983,0.4015668005688528,-0.07055885460268403,0.15268794592340856,0.6046964378957277,-0.0018322967434213425
0.3100000000000001,0.322,0.36799999999999994,0.4033126239730669,-0.07166132562256325,0.14636936502866052,0.6010993168658997,-0.0028365150284629034
0.3110000000000001,0.322,0.3669999999999998,0.405043919985828,-0.07277008083045991,0.14008371341649176,0.5975347872835953,-0.0037228786003496786
0.3120000000000001,0.322,0.36599999999999994,0.40676078431137475,-0.07388505544816631,0.1338311937929228,0.5940029613297413,-0.004492867841760256
0.3130000000000001,0.322,0.3649999999999998,0.40846331182377704,-0.07500618434401109,0.127612006283469,0.5905039473059348,-0.005147965704480076
0.3140000000000001,0.322,0.36399999999999993,0.4101515966231902,-0.07613340204264954,0.12142634838030829,0.5870378496528472,-0.005689657488363489
0.3150000000000001,0.322,0.3629999999999998,0.411825732087246,-0.07726664273493446,0.11527441489378189,0.5836047689688458,-0.006119430616335773
0.3160000000000001,0.322,0.36199999999999993,0.4134858109198562,-0.07840584028782736,0.1091563979046985,0.5802048020298427,-0.006438774405309541
0.3170000000000001,0.322,0.3609999999999998,0.41513192519945546,-0.0795509282543578,0.10307248671811288,0.576838041809899,-0.006649179834413033
0.3180000000000001,0.322,0.35999999999999993,0.416764166422538,-0.08070183988372473,0.09702286782358865,0.573504577499737,-0.006752139311986819
0.3190000000000001,0.322,0.3589999999999998,0.41838262554602207,-0.08185850813126967,0.09100772485406579,0.5702044945307716,-0.006749146437877138
0.3200000000000001,0.322,0.35799999999999993,0.41998739303034693,-0.0830208656686644,0.08502723855048916,0.5669378745945972,-0.006641695767545516
0.3210000000000001,0.322,0.3569999999999998,0.42157855887324697,-0.08418884489401599,0.07908158672559831,0.5637047956663255,-0.0064312825702940585
0.3220000000000001,0.322,0.3559999999999999,0.4231562126498234,-0.08536237794202443,0.073170944231004,0.5605053320276753,-0.006119402589415613
0.3230000000000001,0.322,0.3549999999999998,0.42472044354489313,-0.08654139669421176,0.06729548292823963,0.5573395542892541,-0.00570755180066029
0.3240000000000001,0.322,0.3539999999999999,0.42627134038743075,-0.08772583278909218,0.0614553716591362,0.5542075294154025,-0.005197226169642664
0.3250000000000001,0.322,0.3529999999999998,0.42780899168071507,-0.08891561763236663,0.05565077622151247,0.5511093207491524,-0.004589921409440678
0.3260000000000001,0.322,0.3519999999999999,0.42933348563199353,-0.09011068240721437,0.049881859342030224,0.5480449880353183,-0.003887132737349513
0.3270000000000001,0.322,0.3509999999999998,0.43084491018081467,-0.09131095808445806,0.04414878065544873,0.5450145874474589,-0.0030903546324687475
0.3280000000000001,0.322,0.3499999999999999,0.4323433530251401,-0.09251637543282291,0.038451696684397484,0.5420181716127915,-0.0022010805936967456
0.3290000000000001,0.322,0.3489999999999998,0.4338289016467664,-0.09372686502911827,0.03279076081952463,0.5390557896393811,-0.0012208028975244697
0.3300000000000001,0.322,0.3479999999999999,0.4353016433351588,-0.0949423572684703,0.027166123302089888,0.5361274871422007,-0.00015101235718332703
0.3080000000000001,0.323,0.36899999999999994,0.39871617869586456,-0.06918533245407446,0.15540730735177327,0.6033921944779866,-0.0011153534632563702
0.3090000000000001,0.323,0.3679999999999998,0.4004702719802049,-0.07027592992663746,0.14908841225915226,0.5997902794155804,-0.0021808418871531524
0.3100000000000001,0.323,0.36699999999999994,0.4022098053619077,-0.07137282307313683,0.1428023577447016,0.5962208255688268,-0.0031285536932279326
0.3110000000000001,0.323,0.3659999999999998,0.4039348757955859,-0.07247594778392828,0.13654934514739736,0.592683946021297,-0.003959961324259055
0.3120000000000001,0.323,0.36499999999999994,0.40564557933972495,-0.07358523959435004,0.13032957330026088,0.5891797499914039,-0.004676539713316802
0.3130000000000001,0.323,0.3639999999999998,0.4073420112129827,-0.07470063369428478,0.12414323847520092,0.5857083428517502,-0.005279766069562104
0.3140000000000001,0.323,0.36299999999999993,0.40902426585033963,-0.07582206493796277,0.11799053432981244,0.5822698261439418,-0.005771119662635698
0.3150000000000001,0.323,0.3619999999999998,0.4106924369543497,-0.07694946785355565,0.11187165185714888,0.5788642976024225,-0.006152081599388567
0.3160000000000001,0.323,0.36099999999999993,0.4123466175440099,-0.0780827766531284,0.10578677934231966,0.5754918511698544,-0.006424134602129136
0.3170000000000001,0.323,0.3599999999999998,0.41398690000287264,-0.07922192524237957,0.0997361023145213,0.5721525770210343,-0.0065887627794958825
0.3180000000000001,0.323,0.35899999999999993,0.4156133761225797,-0.08036684723063409,0.09371980350906567,0.5688465615812988,-0.0066474513985663106
0.3190000000000001,0.323,0.3579999999999998,0.4172261371451556,-0.0815174759407402,0.08773806282585382,0.5655738875495364,-0.006601686651934297
0.3200000000000001,0.323,0.35699999999999993,0.41882527380606693,-0.0826737444191021,0.08179105729471375,0.5623346339188766,-0.0064529554262171135
0.3210000000000001,0.323,0.3559999999999998,0.42041087636797403,-0.08383558544564769,0.07587896103957852,0.5591288760006349,-0.006202745064955328
0.3220000000000001,0.323,0.3549999999999999,0.4219830346608341,-0.08500293154392166,0.07000194524782251,0.5559566854459819,-0.005852543134667307
0.3230000000000001,0.323,0.3539999999999998,0.4235418381141703,-0.08617571499108895,0.06416017814000936,0.552818130271177,-0.005403837186820016
0.3240000000000001,0.323,0.3529999999999999,0.42508737579151457,-0.0873538678280762,0.0583538249412503,0.5497132748799449,-0.004858114521123075
0.3250000000000001,0.323,0.3519999999999998,0.42661973642047885,-0.08853732186963584,0.052583047855598156,0.5466421800887707,-0.004216861947401932
0.3260000000000001,0.323,0.3509999999999999,0.4281390084225957,-0.08972600871440761,0.04684800604414625,0.5436049031528383,-0.003481565548423292
0.3270000000000001,0.323,0.3499999999999998,0.42964527994148016,-0.0909198597550717,0.041148855600227026,0.5406014977900895,-0.002653710441749304
0.3280000000000001,0.323,0.3489999999999999,0.4311386388689985,-0.09211880618840898,0.03548574953105653,0.537632014208103,-0.0017347805428918894
0.3290000000000001,0.323,0.3479999999999998,0.4326191728707004,-0.09332277902537706,0.02985883773833662,0.5346964991307855,-0.0007262583284296433
0.3070000000000001,0.324,0.36899999999999983,0.395869097901607,-0.06783047411192815,0.15812226089257886,0.6021047367316277,-0.00036889297234775353
0.3080000000000001,0.324,0.36799999999999994,0.3976314842910015,-0.06890927672211136,0.15180300790567552,0.5984980840095976,-0.0014951510335734983
0.3090000000000001,0.324,0.3669999999999998,0.3993792762800787,-0.06999438606890031,0.14551650911602024,0.5949237625822931,-0.0025037087506645725
0.3100000000000001,0.324,0.36599999999999994,0.4011125721451599,-0.071085738703585,0.1392629644370201,0.5913818864276031,-0.0033960308467154837
0.3110000000000001,0.324,0.3649999999999998,0.4028314691965933,-0.07218327082110443,0.13304257134946856,0.5878725656710141,-0.004173584449363284
0.3120000000000001,0.324,0.36399999999999993,0.4045360638390944,-0.07328691826938678,0.12685552484632223,0.5843959066057357,-0.004837838885689401
0.3130000000000001,0.324,0.3629999999999998,0.4062264516279493,-0.07439661655891433,0.1207020173773445,0.5809520117087926,-0.0053902654732744595
0.3140000000000001,0.324,0.36199999999999993,0.4079027273250951,-0.07551230087225681,0.11458223879667317,0.5775409796609605,-0.0058323373069578965
0.3150000000000001,0.324,0.3609999999999998,0.4095649849503574,-0.07663390607370614,0.10849637631454866,0.5741629053661443,-0.006165529042104663
0.3160000000000001,0.324,0.35999999999999993,0.4112133178302111,-0.07776136671894834,0.10244461445287575,0.5708178799719401,-0.0063913166749523485
0.3170000000000001,0.324,0.3589999999999998,0.4128478186458528,-0.07889461706485658,0.0964271349982376,0.5675059908887568,-0.006511177319872993
0.3180000000000001,0.324,0.35799999999999993,0.4144685794766965,-0.08003359107924703,0.09044411696455854,0.5642273218119833,-0.0065265889848134424
0.3190000000000001,0.324,0.3569999999999998,0.41607569184264476,-0.08117822245070094,0.08449573655260637,0.5609819527439194,-0.006439030343624939
0.3200000000000001,0.324,0.3559999999999999,0.4176692467470867,-0.08232844459845395,0.07858216711522875,0.5577699600153204,-0.0062499805088224065
0.3210000000000001,0.324,0.3549999999999998,0.41924933471068193,-0.08348419068228956,0.07270357912340107,0.5545914163082372,-0.00596091880013247
0.3220000000000001,0.324,0.3539999999999999,0.42081604581130844,-0.08464539361241856,0.0668601401326932,0.5514463906803962,-0.005573324513436298
0.3230000000000001,0.324,0.3529999999999998,0.42236946971644884,-0.08581198605946921,0.06105201475707091,0.5483349485875807,-0.005088676689711542
0.3240000000000001,0.324,0.3519999999999999,0.42390969571757947,-0.08698390046444125,0.05527936463972031,0.5452571519079229,-0.004508453882368622
0.3250000000000001,0.324,0.3509999999999998,0.425436812760258,-0.08816106904861729,0.04954234842846515,0.5422130589680676,-0.003834133924143328
0.3260000000000001,0.324,0.3499999999999999,0.4269509094738472,-0.08934342382357703,0.04384112175138459,0.5392027245671739,-0.0030671936943935697
0.3270000000000001,0.324,0.3489999999999998,0.42845207419980136,-0.0905308966011396,0.03817583719575045,0.5362262000033149,-0.0022091088866101304
0.3280000000000001,0.324,0.3479999999999999,0.4299403950178224,-0.09172341900336156,0.03254664428956493,0.5332835330987804,-0.001261353776880558
0.3290000000000001,0.324,0.3469999999999998,0.43141595977127073,-0.09292092247244531,0.02695368948182991,0.530374768227914,-0.0002254009915913218
0.3070000000000001,0.325,0.3679999999999998,0.3947961593307826,-0.06756115461049156,0.15451325181193146,0.5972225325329887,-0.0007799382123440252
0.3080000000000001,0.325,0.36699999999999994,0.3965522335700366,-0.06863455775800405,0.14822626536327166,0.5936433997617322,-0.0018488488945122422
0.3090000000000001,0.325,0.3659999999999998,0.3982937765304705,-0.06971421549690508,0.141972147533381,0.5900965835400036,-0.0028015907740658944
0.3100000000000001,0.325,0.36499999999999994,0.4000208868453982,-0.0708000646742456,0.13575109439065502,0.5865821948913004,-0.003639623390033986
0.3110000000000001,0.325,0.3639999999999998,0.4017336621728931,-0.07189204178870064,0.12956329959016483,0.5831003410199086,-0.004364408397675809
0.3120000000000001,0.325,0.36299999999999993,0.40343219925592605,-0.07299008299991622,0.12340895431514952,0.5796511253276295,-0.004977409367718035
0.3130000000000001,0.325,0.3619999999999998,0.40511659397861177,-0.07409412413784983,0.11728824722590031,0.5762346474337293,-0.005480091581198245
0.3140000000000001,0.325,0.36099999999999993,0.406786941422182,-0.0752041007122799,0.11120136440669663,0.5728510031923894,-0.005873921821117366
0.3150000000000001,0.325,0.3599999999999998,0.40844333591611454,-0.07631994792227675,0.1051484893166713,0.5695002847139012,-0.006160368158964816
0.3160000000000001,0.325,0.35899999999999993,0.4100858710868584,-0.07744160066578727,0.09912980274651173,0.5661825803846485,-0.006340899739895697
0.3170000000000001,0.325,0.3579999999999998,0.41171463990594437,-0.07856899354929295,0.0931454827746632,0.5628979748870341,-0.006416986565068776
0.3180000000000001,0.325,0.35699999999999993,0.41332973473333534,-0.07970206089743163,0.08719570472741899,0.5596465492223519,-0.006390099270503571
0.3190000000000001,0.325,0.3559999999999998,0.4149312473596619,-0.08084073676275956,0.08128064113905918,0.5564283807312475,-0.006261708904547771
0.3200000000000001,0.325,0.3549999999999999,0.41651926904928177,-0.08198495493545617,0.0754004617204542,0.5532435431173479,-0.006033286705616436
0.3210000000000001,0.325,0.3539999999999998,0.41809389057390006,-0.08313464895313118,0.06955533332144828,0.5500921064693091,-0.005706303874415515
0.3220000000000001,0.325,0.3529999999999999,0.41965520225264435,-0.08428975211057442,0.06374541990224528,0.5469741372856215,-0.005282231349047473
0.3230000000000001,0.325,0.3519999999999998,0.421203293984339,-0.08545019746963671,0.05797088250486237,0.5438896984968,-0.004762539577923166
0.3240000000000001,0.325,0.3509999999999999,0.42273825528189135,-0.0866159178689995,0.052231879224841314,0.5408388494914866,-0.004148698291669932
0.3250000000000001,0.325,0.3499999999999998,0.42426017530236954,-0.08778684593407166,0.046528565186987635,0.5378216461398257,-0.0034421762756475568
0.3260000000000001,0.325,0.3489999999999999,0.42576914287677253,-0.08896291408676157,0.04086109252277077,0.53483814082073,-0.002644441141878888
0.3270000000000001,0.325,0.3479999999999998,0.427265246538308,-0.0901440545553783,0.03522961034939201,0.5318883824461773,-0.0017569591020047595
0.3280000000000001,0.325,0.3469999999999999,0.42874857454848275,-0.09133019938444602,0.02963426474990962,0.528972416488123,-0.0007811947397408335
0.3060000000000001,0.326,0.36799999999999994,0.39196419372481284,-0.06623135510331776,0.15721924544044555,0.5959634295587364,-3.568647454253032e-05
0.3070000000000001,0.326,0.3669999999999998,0.393728576317777,-0.0672931289919181,0.15093172588294157,0.5923795412321546,-0.0011644665338411547
0.3080000000000001,0.326,0.36599999999999994,0.3954783904311451,-0.06836116836596218,0.14467699182324845,0.5888278410381353,-0.002177142736815109
0.3090000000000001,0.326,0.3649999999999998,0.3972137360958173,-0.06943541071706383,0.13845523785204555,0.5853084408890291,-0.0030751672534966787
0.3100000000000001,0.326,0.36399999999999993,0.3989347122940995,-0.07051579318728791,0.13226665622471298,0.581821448890572,-0.003859994280756368
0.3110000000000001,0.326,0.3629999999999998,0.4006414170238318,-0.07160225257826806,0.1261114368007994,0.5783669693595513,-0.004533079850239936
0.3120000000000001,0.326,0.36199999999999993,0.40233394735851336,-0.07269472536037926,0.11998976698812606,0.5749451028429172,-0.005095881631369852
0.3130000000000001,0.326,0.3609999999999998,0.4040123995033416,-0.07379314768200124,0.11390183168798557,0.5715559461369417,-0.005549858729442535
0.3140000000000001,0.326,0.35999999999999993,0.4056768688512207,-0.07489745537891787,0.10784781324596912,0.5681995923048846,-0.00589647148241924
0.3150000000000001,0.326,0.3589999999999998,0.40732745003384907,-0.07600758398366021,0.10182789140386879,0.5648761306989042,-0.006137181251734843
0.3160000000000001,0.326,0.35799999999999993,0.40896423697035783,-0.07712346873502539,0.0958422432558028,0.5615856469788482,-0.006273450211954711
0.3170000000000001,0.326,0.3569999999999998,0.4105873229153042,-0.0782450445875203,0.08989104320306703,0.5583282231353519,-0.0063067411359406765
0.3180000000000001,0.326,0.3559999999999999,0.41219680050207724,-0.07937224622098132,0.08397446291755073,0.5551039375095481,-0.006238517180193956
0.3190000000000001,0.326,0.3549999999999998,0.4137927617850948,-0.0805050080501366,0.07809267130231091,0.5519128648161578,-0.006070241666085396
0.3200000000000001,0.326,0.3539999999999999,0.41537529828272207,-0.08164326423420738,0.07224583445769249,0.5487550761668553,-0.005803377861380063
0.3210000000000001,0.326,0.3529999999999998,0.4169445010110595,-0.08278694868661869,0.06643411564941705,0.5456306390918397,-0.005439388759091092
0.3220000000000001,0.326,0.3519999999999999,0.41850046052378526,-0.08393599508462674,0.06065767527472144,0.5425396175648929,-0.004979736855347054
0.3230000000000001,0.326,0.3509999999999998,0.4200432669445271,-0.08509033687905194,0.054916670837366476,0.5394820720264664,-0.004425883927908601
0.3240000000000001,0.326,0.3499999999999999,0.4215730100012645,-0.086249907303949,0.04921125692059317,0.5364580594093132,-0.003779290813358125
0.3250000000000001,0.326,0.3489999999999998,0.42308977905635353,-0.08741463938634407,0.04354158516199159,0.5334676331629706,-0.003041417183799487
0.3260000000000001,0.326,0.3479999999999999,0.42459366313626895,-0.08858446595594459,0.03790780423066132,0.5305108432795371,-0.0022137213238409975
0.3270000000000001,0.326,0.3469999999999998,0.42608475095991777,-0.08975931965487122,0.032310059807653356,0.5275877363192771,-0.001297659908510336
0.3280000000000001,0.326,0.3459999999999999,0.42756313096475645,-0.09093913294734352,0.02674849456698496,0.5246983554377289,-0.0002946877808586174
0.3060000000000001,0.327,0.36699999999999994,0.3909082018081336,-0.0659698934941248,0.1536329916910165,0.5911319937697382,-0.00045104152867654623
0.3070000000000001,0.327,0.3659999999999998,0.39266631358210197,-0.06702639038581105,0.147377596259504,0.5875754652551721,-0.0015231757981319788
0.3080000000000001,0.327,0.36499999999999994,0.3944099190657696,-0.06808910138679306,0.1411550986780116,0.5840511095557758,-0.0024807141701328334
0.3090000000000001,0.327,0.3639999999999998,0.3961391186401671,-0.0691579642751072,0.1349656897386871,0.5805590356690182,-0.003325103600324966
0.3100000000000001,0.327,0.36299999999999993,0.39785401162870715,-0.07023291648709201,0.1288095579157308,0.5770993488183231,-0.00405779279111991
0.3110000000000001,0.327,0.3619999999999998,0.39955469636120694,-0.07131389512646351,0.12268688930481916,0.5736721504688983,-0.004680232004159641
0.3120000000000001,0.327,0.36099999999999993,0.40124127023391437,-0.07240083697336085,0.11659786756724551,0.5702775383477516,-0.005193872866857567
0.3130000000000001,0.327,0.3599999999999998,0.40291382976561874,-0.07349367849350721,0.11054267388003299,0.5669156064628993,-0.005600168175942371
0.3140000000000001,0.327,0.35899999999999993,0.40457247065345475,-0.07459235584748304,0.10452148688305898,0.5635864451217666,-0.005900571696947739
0.3150000000000001,0.327,0.3579999999999998,0.4062172878239566,-0.07569680489996122,0.09853448263224822,0.5602901409532066,-0.0060965379595402
0.3160000000000001,0.327,0.35699999999999993,0.40784837548165365,-0.07680696122910657,0.09258183455656759,0.5570267769266929,-0.006189522051526095
0.3170000000000001,0.327,0.3559999999999998,0.4094658271570669,-0.07792276013594918,0.08666371341492324,0.553796432374348,-0.006180979409300187
0.3180000000000001,0.327,0.3549999999999999,0.41106973575001793,-0.0790441366537966,0.08078028725834467,0.5505991830135706,-0.006072365606253641
0.3190000000000001,0.327,0.3539999999999998,0.41266019357178574,-0.08017102555775679,0.07493172139092874,0.5474351009680368,-0.005865136139207382
0.3200000000000001,0.327,0.3529999999999999,0.4142372923880474,-0.08130336137424994,0.06911817833819323,0.544304254790509,-0.005560746215236546
0.3210000000000001,0.327,0.3519999999999998,0.4158011234525624,-0.08244107839045922,0.06333981781306733,0.5412067094885803,-0.0051606505332208764
0.3220000000000001,0.327,0.3509999999999999,0.4173517775470782,-0.08358411066399234,0.05759679668510976,0.5381425265455555,-0.0046663030684655805
0.3230000000000001,0.327,0.3499999999999998,0.4188893450136911,-0.0847323920323982,0.05188926895589071,0.5351117639463897,-0.004079156855212618
0.3240000000000001,0.327,0.3489999999999999,0.4204139157890996,-0.08588585612275365,0.04621738572876018,0.532114476202406,-0.0034006637676336944
0.3250000000000001,0.327,0.3479999999999998,0.4219255794347637,-0.0870444363612759,0.04058129518791149,0.5291507143760099,-0.002632274302600799
0.3260000000000001,0.327,0.3469999999999999,0.4234244251666611,-0.08820806598289135,0.034981142576351494,0.5262205261070643,-0.0017754373615774185
0.3270000000000001,0.327,0.3459999999999998,0.42491054188349564,-0.089376678040855,0.02941707017391206,0.5233239556383213,-0.0008316000324773871
0.3060000000000001,0.328,0.36599999999999994,0.3898574439160801,-0.0657096774654786,0.15007406141368973,0.5863392651368113,-0.000840166615496532
0.3070000000000001,0.328,0.3649999999999998,0.39160933612752646,-0.06676093195552742,0.14385077537964486,0.5828100093965733,-0.0018567498489444959
0.3080000000000001,0.328,0.36399999999999993,0.3933467839559055,-0.067818349697748,0.13766049663803162,0.5793129094235181,-0.0027602309808189354
0.3090000000000001,0.328,0.3629999999999998,0.3950698881244295,-0.06888186875594127,0.13150341221139622,0.5758480713358956,-0.0035520515983769735
0.3100000000000001,0.328,0.36199999999999993,0.3967787482897936,-0.06995142685997956,0.12537970682266092,0.5724155975092532,-0.004233654762384992
0.3110000000000001,0.328,0.3609999999999998,0.398473463106121,-0.07102696141480065,0.1192895628353696,0.5690155865917359,-0.004806484823802207
0.3120000000000001,0.328,0.35999999999999993,0.40015413028493546,-0.07210840950930306,0.11323316019903226,0.5656481335257456,-0.00527198723398806
0.3130000000000001,0.328,0.3589999999999998,0.4018208466510869,-0.0731957079254428,0.10721067639610807,0.5623133295659757,-0.005631608351728903
0.3140000000000001,0.328,0.35799999999999993,0.4034737081985602,-0.07428879314737184,0.10122228639203185,0.5590112622988443,-0.005886795247227926
0.3150000000000001,0.328,0.3569999999999998,0.4051128101415385,-0.07538760137057963,0.09526816259085497,0.5557420156642155,-0.00603899550243488
0.3160000000000001,0.328,0.3559999999999999,0.40673824696284916,-0.07649206851113065,0.08934847478974046,0.5525056699762947,-0.006089657007946659
0.3170000000000001,0.328,0.3549999999999998,0.408350112461955,-0.07760213021499232,0.08346339013766507,0.5493023019438202,-0.006040227758859526
0.3180000000000001,0.328,0.3539999999999999,0.4099484997981869,-0.07871772186729174,0.07761307309701228,0.5461319846941268,-0.005892155646862893
0.3190000000000001,0.328,0.3529999999999998,0.41153350153297075,-0.07983877860174576,0.07179768540801791,0.5429947877936736,-0.0056468882523156745
0.3200000000000001,0.328,0.3519999999999999,0.4131052096725861,-0.08096523530997242,0.06601738605336234,0.5398907772734096,-0.005305872633576111
0.3210000000000001,0.328,0.3509999999999998,0.414663715701979,-0.08209702665098194,0.0602723312287308,0.536820015650204,-0.004870555115766985
0.3220000000000001,0.328,0.3499999999999999,0.41620911062453686,-0.08323408706056845,0.05456267430952723,0.5337825619521744,-0.004342381077854162
0.3230000000000001,0.328,0.3489999999999998,0.4177414849944546,-0.08437635076078225,0.048888565827192546,0.5307784717426536,-0.0037227947405946583
0.3240000000000001,0.328,0.3479999999999999,0.41926092895107375,-0.0855237517693912,0.04325015344206779,0.5278077971452143,-0.003013238953113822
0.3250000000000001,0.328,0.3469999999999998,0.42076753224890734,-0.08667622390932016,0.03764758191932122,0.5248705868698976,-0.002215154978913352
0.3260000000000001,0.328,0.3459999999999999,0.42226138428746085,-0.08783370081819492,0.032080993109137715,0.5219668862371296,-0.001329982283758897
0.3270000000000001,0.328,0.3449999999999998,0.4237425741394274,-0.0889961159577444,0.0265505259246896,0.5190967372057886,-0.00035915832164488785
0.3050000000000001,0.329,0.3659999999999998,0.3870516775055077,-0.06441082830964308,0.1527664895331583,0.5851190522065388,-0.00012857959418990927
0.3060000000000001,0.329,0.36499999999999994,0.38881188585041426,-0.06545070049176542,0.14654236809019242,0.5815849514966641,-0.0012037477342475428
0.3070000000000001,0.329,0.3639999999999998,0.39055760923966404,-0.06649674689803846,0.14035117499629307,0.5780828808012836,-0.0021658587680240676
0.3080000000000001,0.329,0.36299999999999993,0.39228894987147406,-0.06754890621228977,0.13419309575781482,0.5746129471257011,-0.0030163473839664237
0.3090000000000001,0.329,0.3619999999999998,0.3940060088035283,-0.06860711678338588,0.12806831366071708,0.5711752537449636,-0.0037566496531701507
0.3100000000000001,0.329,0.36099999999999993,0.3957088860181777,-0.06967131663401543,0.12197700970912477,0.5677699002195012,-0.004388202854071172
0.3110000000000001,0.329,0.3599999999999998,0.3973976804862764,-0.07074144346938471,0.11591936256535305,0.5643969824170076,-0.00491244529034459
0.3120000000000001,0.329,0.35899999999999993,0.3990724902271087,-0.07181743468617091,0.10989554849687015,0.5610565925289875,-0.005330816107354055
0.3130000000000001,0.329,0.3579999999999998,0.4007334123642759,-0.0728992273814409,0.10390574132463379,0.5577488190913268,-0.005644755102585421
0.3140000000000001,0.329,0.35699999999999993,0.4023805431814557,-0.07398675836167899,0.09795011237412816,0.5544737470039872,-0.005855702533893586
0.3150000000000001,0.329,0.3559999999999998,0.40401397817328377,-0.07507996415181227,0.09202883042763985,0.5512314575531108,-0.005965098922811857
0.3160000000000001,0.329,0.3549999999999999,0.40563381209388505,-0.07617878100438888,0.08614206168342331,0.5480220284305544,-0.005974384857454107
0.3170000000000001,0.329,0.3539999999999998,0.4072401390047561,-0.07728314490868594,0.08028996971300878,0.5448455337574946,-0.005885000791120868
0.3180000000000001,0.329,0.3529999999999999,0.40883305231804506,-0.07839299159999785,0.07447271542573727,0.5417020441043671,-0.005698386840881708
0.3190000000000001,0.329,0.3519999999999998,0.41041264483858725,-0.07950825656877743,0.0686904570290537,0.5385916265166821,-0.005415982581136947
0.3200000000000001,0.329,0.3509999999999999,0.4119790088067712,-0.08062887507002496,0.06294334999775847,0.5355143445349602,-0.005039226840356131
0.3210000000000001,0.329,0.3499999999999998,0.4135322359322309,-0.08175478213250138,0.05723154704190412,0.5324702582209684,-0.004569557492111281
0.3220000000000001,0.329,0.3489999999999999,0.4150724174337516,-0.08288591256806212,0.05155519807842184,0.5294594241814696,-0.004008411248726302
0.3230000000000001,0.329,0.3479999999999998,0.41659964407146544,-0.08402220098103787,0.045914450203281554,0.5264818955915912,-0.0033572234525237298
0.3240000000000001,0.329,0.3469999999999999,0.4181140061812232,-0.08516358177752202,0.04030944766613669,0.5235377222215043,-0.0026174278671452812
0.3250000000000001,0.329,0.3459999999999998,0.4196155937046849,-0.0863099891747566,0.034740331848457075,0.5206269504609697,-0.001790456469325673
0.3260000000000001,0.329,0.3449999999999999,0.4211044962190415,-0.08746135721047305,0.029207241241510282,0.5177496233455875,-0.0008777392401185264
0.3050000000000001,0.33,0.3649999999999998,0.38601746494264927,-0.06415820782291572,0.14922997861810863,0.5803757494829702,-0.0005221691569031739
0.3060000000000001,0.33,0.36399999999999993,0.3877714936860987,-0.06519295607834169,0.14303782450920183,0.5768687629938895,-0.0015424571834166192
0.3070000000000001,0.33,0.3629999999999998,0.38951109848320054,-0.06623382844382754,0.136878706194728,0.5733937889454429,-0.00245115912322591
0.3080000000000001,0.33,0.36199999999999993,0.3912363818676202,-0.06728076387996515,0.13075280545799664,0.5699509315024747,-0.0032497042714611096
0.3090000000000001,0.33,0.3609999999999998,0.39294744522379604,-0.06833370102007041,0.12466030187716513,0.56654029112912,-0.003939523040674166
0.3100000000000001,0.33,0.35999999999999993,0.39464438885216285,-0.06939257817876181,0.11860137276802095,0.5631619646080483,-0.004522046789012857
0.3110000000000001,0.33,0.3589999999999998,0.39632731203288796,-0.07045733336067218,0.11257619312399648,0.5598160450586134,-0.004998707643294405
0.3120000000000001,0.33,0.35799999999999993,0.3979963130856993,-0.07152790426922467,0.10658493556279916,0.5565026219560109,-0.005370938318218915
0.3130000000000001,0.33,0.3569999999999998,0.39965148942572754,-0.07260422831543516,0.10062777027601162,0.5532217811523268,-0.00564017193097803
0.3140000000000001,0.33,0.3559999999999999,0.40129293761914375,-0.07368624262686405,0.09470486497883628,0.5499736048954201,-0.005807841813380916
0.3150000000000001,0.33,0.3549999999999998,0.4029207534341047,-0.07477388405652755,0.08881638486655431,0.5467581718514065,-0.005875381320372686
0.3160000000000001,0.33,0.3539999999999999,0.40453503188914347,-0.07586708919194664,0.08296249257125435,0.5435755571249463,-0.005844223636110327
0.3170000000000001,0.33,0.3529999999999998,0.4061358673010263,-0.07696579436418377,0.07714334812036547,0.5404258322818467,-0.005715801577436792
0.3180000000000001,0.33,0.3519999999999999,0.4077233533279623,-0.07806993565691984,0.07135910890058557,0.5373090653720827,-0.005491547395633716
0.3190000000000001,0.33,0.3509999999999998,0.40929758301170144,-0.07917944891563058,0.06560992962149326,0.5342253209514075,-0.005172892576560695
0.3200000000000001,0.33,0.3499999999999999,0.4108586488203131,-0.08029426975670696,0.05989596228360788,0.5311746601059346,-0.00476126764006842
0.3210000000000001,0.33,0.3489999999999998,0.41240664268184457,-0.08141433357665656,0.05421735614612825,0.5281571404755186,-0.004258101936217755
0.3220000000000001,0.33,0.3479999999999999,0.4139416560242027,-0.08253957556130039,0.04857425769909693,0.5251728162782623,-0.0036648234432904644
0.3230000000000001,0.33,0.3469999999999998,0.4154637798073868,-0.08366993069498112,0.042966810637246215,0.5222217383355494,-0.002982858563710186
0.3240000000000001,0.33,0.3459999999999999,0.41697310455783937,-0.08480533376979132,0.03739515583475546,0.5193039540971983,-0.0022136319203122645
0.3250000000000001,0.33,0.3449999999999998,0.41846972039849784,-0.08594571939484406,0.03185943132279931,0.5164195076660616,-0.0013585661524334654
0.3260000000000001,0.33,0.3439999999999999,0.4199537170785521,-0.08709102200544358,0.02635977226886752,0.513568439825746,-0.0004190817118717178
0.3050000000000001,0.331,0.3639999999999998,0.38498833462817494,-0.0639067801636311,0.14572054655044459,0.5756703717009197,-0.0008904844726821265
0.3060000000000001,0.331,0.36299999999999993,0.3867362337686974,-0.06493643776140569,0.13956034278598545,0.5721904120620853,-0.0018569538066546404
0.3070000000000001,0.331,0.3619999999999998,0.3884697696995446,-0.06597216985668186,0.13343327942287794,0.568742445618873,-0.0027132942153655845
0.3080000000000001,0.331,0.36099999999999993,0.3901890452821293,-0.06701391568624215,0.1273395345500494,0.5653265737293873,-0.003460929456835196
0.3090000000000001,0.331,0.3599999999999998,0.39189416222016044,-0.0680616141671088,0.12127928407061186,0.5619428940823725,-0.004101284147562171
0.3100000000000001,0.331,0.35899999999999993,0.3935852211247217,-0.06911520390506642,0.11525270164317915,0.5585915007151533,-0.004635783594436772
0.3110000000000001,0.331,0.3579999999999998,0.3952623215779552,-0.0701746232032099,0.10925995862340972,0.5552724840340054,-0.005065853621172744
0.3120000000000001,0.331,0.35699999999999993,0.39692556219279646,-0.0712398100706574,0.10330122401053843,0.5519859308321406,-0.005392920391739449
0.3130000000000001,0.331,0.3559999999999998,0.39857504066877614,-0.07231070223124694,0.09737666439822949,0.5487319243110004,-0.005618410229145283
0.3140000000000001,0.331,0.3549999999999999,0.4002108538476361,-0.07338723713234138,0.09148644392611024,0.5455105441005721,-0.005743749431601282
0.3150000000000001,0.331,0.3539999999999998,0.4018330977640802,-0.07446935195366829,0.08563072423237879,0.5423218662808932,-0.00577036408426345
0.3160000000000001,0.331,0.3529999999999999,0.4034418676942782,-0.07555698361623422,0.07980966441595458,0.5391659634033099,-0.005699679870739327
0.3170000000000001,0.331,0.3519999999999998,0.4050372582035941,-0.07665006879125931,0.07402342099288918,0.536042904512973,-0.005533121880139141
0.3180000000000001,0.331,0.3509999999999999,0.40661936318977726,-0.07774854390916253,0.06827214786132978,0.5329527551714519,-0.0052721144134822845
0.3190000000000001,0.331,0.3499999999999998,0.408188275925043,-0.07885234516857836,0.06255599626591686,0.5298955774798828,-0.0049180807879367835
0.3200000000000001,0.331,0.3489999999999999,0.40974408909877313,-0.079961408545396,0.05687511476505653,0.5268714301027393,-0.004472443140520508
0.3210000000000001,0.331,0.3479999999999998,0.4112868948512221,-0.0810756698018458,0.05122964920075563,0.5238803682913764,-0.0039366222293406965
0.3220000000000001,0.331,0.3469999999999999,0.4128167848133629,-0.08219506449555879,0.04561974267090571,0.5209224439092908,-0.0033120372358585934
0.3230000000000001,0.331,0.3459999999999998,0.414333850139081,-0.08331952798868772,0.04004553550262931,0.5179977054564612,-0.0026001055652705076
0.3240000000000001,0.331,0.3449999999999999,0.4158381815395321,-0.08444899545701019,0.03450716522800541,0.5151061980948632,-0.0018022426474670217
0.3250000000000001,0.331,0.3439999999999998,0.4173298693131753,-0.08558340189902246,0.0290047665614914,0.5122479636747661,-0.0009198617372419247
0.3040000000000001,0.332,0.36399999999999993,0.3822080274745469,-0.06263802476586525,0.14839944423028756,0.5744875250959106,-0.00021038704622555054
0.3050000000000001,0.332,0.3629999999999998,0.38396425367478476,-0.06365653916333315,0.14223810647236376,0.5710026342176003,-0.001234186584626408
0.3060000000000001,0.332,0.36199999999999993,0.38570607271201285,-0.06468113910842423,0.13610983438874277,0.5675496134068401,-0.00214788323606014
0.3070000000000001,0.332,0.3609999999999998,0.3874335890041409,-0.06571176443413794,0.13001480450899594,0.5641285649063993,-0.002952894318282863
0.3080000000000001,0.332,0.35999999999999993,0.38914690573280447,-0.06674835465284183,0.1239531912583514,0.5607395873014237,-0.0036506379139463335
0.3090000000000001,0.332,0.3589999999999998,0.39084612491354576,-0.06779084896455953,0.11792516689534818,0.5573827755385833,-0.004242532711086284
0.3100000000000001,0.332,0.35799999999999993,0.3925313474607481,-0.06883918626537397,0.11193090145169415,0.5540582209448112,-0.004729997838001043
0.3110000000000001,0.332,0.3569999999999998,0.39420267325133335,-0.06989330515592398,0.10597056267740024,0.5507660112462021,-0.005114452694930514
0.3120000000000001,0.332,0.3559999999999999,0.3958602011843546,-0.07095314394996169,0.10004431598551397,0.5475062305878969,-0.005397316780122483
0.3130000000000001,0.332,0.3549999999999998,0.39750402923673506,-0.07201864068295839,0.09415232440350062,0.5442789595550807,-0.005580009512768977
0.3140000000000001,0.332,0.3539999999999999,0.3991342545188149,-0.07308973312080654,0.08829474852514117,0.5410842751933804,-0.005663950053175597
0.3150000000000001,0.332,0.3529999999999998,0.4007509733251632,-0.07416635876855111,0.0824717464670427,0.537922251030579,-0.0056505571196384
0.3160000000000001,0.332,0.3519999999999999,0.40235428118286626,-0.07524845487920676,0.07668347382605338,0.5347929570977068,-0.005541248802646278
0.3170000000000001,0.332,0.3509999999999998,0.40394427289933,-0.07633595846252943,0.07093008363979962,0.5316964599533003,-0.0053374423768133145
0.3180000000000001,0.332,0.3499999999999999,0.40552104260539235,-0.07742880629396454,0.06521172635069757,0.528632822703955,-0.005040554111775904
0.3190000000000001,0.332,0.3489999999999998,0.40708468379737506,-0.07852693492349631,0.05952854977089676,0.5256021050292936,-0.0046519990803332665
0.3200000000000001,0.332,0.3479999999999999,0.4086352893797885,-0.07963028068460384,0.05388069905101655,0.522604363205003,-0.004173190967083263
0.3210000000000001,0.332,0.3469999999999998,0.41017295169899587,-0.08073877970318087,0.04826831664948248,0.5196396501280219,-0.0036055418734724353
0.3220000000000001,0.332,0.3459999999999999,0.41169776258300095,-0.08185236790656951,0.04269154230431827,0.5167080153394046,-0.002950462124803965
0.3230000000000001,0.332,0.3449999999999998,0.41320981337370594,-0.08297098103250046,0.03715051300885224,0.5138095050506652,-0.002209360075321288
0.3240000000000001,0.332,0.3439999999999999,0.4147091949612258,-0.08409455463806478,0.03164536298692022,0.5109441621697828,-0.0013836419133477895
0.3250000000000001,0.332,0.3429999999999998,0.41619599781396105,-0.08522302410877007,0.026176223671759858,0.5081120263254455,-0.0004747114668957695
0.3040000000000001,0.333,0.36299999999999993,0.3811950542235645,-0.062393940299602685,0.14491209993273166,0.5698302755947654,-0.000583300905809693
0.3050000000000001,0.333,0.3619999999999998,0.3829451894551235,-0.06340747868210603,0.13878257086902518,0.566372254621458,-0.001553923379767605
0.3060000000000001,0.333,0.36099999999999993,0.384680977395662,-0.06442705371775469,0.13268621016171844,0.562946083988823,-0.0024158781301062485
0.3070000000000001,0.333,0.3599999999999998,0.38640252278410586,-0.06545260550707277,0.12662319068892414,0.5595518631705685,-0.003170576916568909
0.3080000000000001,0.333,0.35899999999999993,0.3881099291149219,-0.06648407383737232,0.12059368324357962,0.556189688012866,-0.003819432013156352
0.3090000000000001,0.333,0.3579999999999998,0.38980329870816194,-0.06752139819092118,0.11459785647019477,0.5528596507544341,-0.004363856051562368
0.3100000000000001,0.333,0.35699999999999993,0.3914827327743457,-0.06856451775328462,0.10863587680621525,0.549561840044192,-0.004805261860461988
0.3110000000000001,0.333,0.3559999999999998,0.3931483314780101,-0.06961337142164867,0.10270790842545027,0.5462963409627151,-0.0051450622995189085
0.3120000000000001,0.333,0.3549999999999999,0.3948001939973324,-0.07066789781332902,0.09681411318660771,0.5430632350404987,-0.005384670090869442
0.3130000000000001,0.333,0.3539999999999998,0.3964384185797413,-0.07172803527425353,0.09095465058302672,0.5398626002797698,-0.005525497645184188
0.3140000000000001,0.333,0.3529999999999999,0.3980631025974517,-0.07279372188755466,0.08512967769658454,0.5366945111751827,-0.005568956886243561
0.3150000000000001,0.333,0.3519999999999998,0.3996743425981309,-0.07386489548219309,0.0793393491517761,0.533559038735734,-0.00551645907102636
0.3160000000000001,0.333,0.3509999999999999,0.40127223435325543,-0.07494149364166784,0.07358381707708928,0.5304562505059817,-0.005369414609101508
0.3170000000000001,0.333,0.3499999999999998,0.40285687290580396,-0.07602345371269364,0.06786323106396183,0.5273862105900303,-0.005129232878267664
0.3180000000000001,0.333,0.3489999999999999,0.4044283526133736,-0.07711071281399538,0.062177738132351376,0.5243489796735393,-0.00479732203968688
0.3190000000000001,0.333,0.3479999999999998,0.40598676719016125,-0.07820320784509081,0.056527482694882315,0.5213446150475043,-0.004375088850312719
0.3200000000000001,0.333,0.3469999999999999,0.4075322097496839,-0.07930087549511934,0.0509126065274262,0.5183731706319014,-0.0038639384761604417
0.3210000000000001,0.333,0.3459999999999998,0.4090647728383624,-0.08040365225164636,0.045333248736776736,0.5154346970010903,-0.0032652743010922382
0.3220000000000001,0.333,0.3449999999999999,0.4105845484754021,-0.08151147440957171,0.0397895457361939,0.5125292414071169,-0.0025804977392353944
0.3230000000000001,0.333,0.3439999999999998,0.4120916281849479,-0.08262427807996026,0.0342816312187269,0.5096568478060257,-0.0018110080436938014
0.3240000000000001,0.333,0.3429999999999999,0.41358610303040505,-0.08374199919893108,0.028809636133292585,0.5068175568830904,-0.0009582021164973378
0.3250000000000001,0.333,0.3419999999999998,0.41506806364452364,-0.08486457353655164,0.023373688664269046,0.5040114060784286,-2.3474318562408114e-05
0.3040000000000001,0.334,0.36199999999999993,0.3801870165538976,-0.06215099824163721,0.1414515911146138,0.565210191423985,-0.0009318551235576525
0.3050000000000001,0.334,0.3609999999999998,0.3819311095995747,-0.06315959260829106,0.13535385159566254,0.5617789527139381,-0.0018503298260918732
0.3060000000000001,0.334,0.35999999999999993,0.3836609149626411,-0.06417417521835354,0.12928938034658155,0.5583795430045015,-0.002661558408105537
0.3070000000000001,0.334,0.3589999999999998,0.3853765376956729,-0.06519468643936505,0.12325834662563627,0.5550120590325945,-0.003366946937922513
0.3080000000000001,0.334,0.35799999999999993,0.38707808159866647,-0.0662210663329164,0.11726091762413261,0.5516765939393034,-0.003967901752234531
0.3090000000000001,0.334,0.3569999999999998,0.38876564928895707,-0.0672532546627767,0.11129725840259042,0.5483732372881501,-0.004465829303552951
0.3100000000000001,0.334,0.3559999999999999,0.3904393422660807,-0.06829119090309173,0.10536753183464685,0.5451020750844074,-0.004862136003196724
0.3110000000000001,0.334,0.3549999999999998,0.392099260975244,-0.06933481424662456,0.09947189855091655,0.5418631897961131,-0.005158228059285171
0.3120000000000001,0.334,0.3539999999999999,0.3937455048668319,-0.07038406361317867,0.09361051688652286,0.5386566603719827,-0.005355511311776258
0.3130000000000001,0.334,0.3529999999999998,0.3953781724520138,-0.07143887765791823,0.08778354283308223,0.5354825622652823,-0.005455391062376434
0.3140000000000001,0.334,0.3519999999999999,0.3969973613581388,-0.07249919477992843,0.08199112999065002,0.5323409674523653,-0.005459271903085133
0.3150000000000001,0.334,0.3509999999999998,0.3986031683794502,-0.07356495313067617,0.07623342952528982,0.5292319444565579,-0.005368557540671469
0.3160000000000001,0.334,0.3499999999999999,0.4001956895253609,-0.07463609062262551,0.07051059012972179,0.5261555583691268,-0.0051846506199681765
0.3170000000000001,0.334,0.3489999999999998,0.4017750200680627,-0.07571254493781597,0.06482275798149442,0.5231118708731414,-0.004908952543374343
0.3180000000000001,0.334,0.3479999999999999,0.4033412545856369,-0.07679425353655962,0.05917007670979605,0.5201009402652784,-0.004542863290510355
0.3190000000000001,0.334,0.3469999999999998,0.40489448700406777,-0.077881153666076,0.05355268736183307,0.5171228214808735,-0.004087781235195202
0.3200000000000001,0.334,0.3459999999999999,0.4064348106398169,-0.07897318236921831,0.047970728370414814,0.5141775661174145,-0.0035451029620186293
0.3210000000000001,0.334,0.3449999999999998,0.4079623182335427,-0.08007027649320948,0.04242433552624347,0.5112652224588199,-0.0029162230811312223
0.3220000000000001,0.334,0.3439999999999999,0.409477101989789,-0.08117237269838118,0.036913641948990286,0.5083858355005034,-0.0022025340430586234
0.3230000000000001,0.334,0.3429999999999998,0.410979253609262,-0.08227940746691335,0.03143877806466017,0.5055394469751351,-0.001405425953184821
0.3240000000000001,0.334,0.3419999999999999,0.4124688643231358,-0.08339131711162844,0.025999871581815822,0.5027260953774577,-0.0005262863861700239
0.3030000000000001,0.335,0.3619999999999998,0.37743144864423034,-0.060911510034202906,0.14411699917520693,0.5640632483523094,-0.00028210750316278593
0.3040000000000001,0.335,0.36099999999999993,0.37918388283347776,-0.061909192760417994,0.13801783063665266,0.5606269951953651,-0.0012566869014685456
0.3050000000000001,0.335,0.3599999999999998,0.3809219819938546,-0.06291287485885609,0.13195185989662772,0.5572224504953018,-0.0021240282024496057
0.3060000000000001,0.335,0.35899999999999993,0.38264585281699853,-0.06392249727015677,0.125919254606355,0.5538497118705606,-0.0028855314805076478
0.3070000000000001,0.335,0.3579999999999998,0.38435560066181723,-0.06493800062827426,0.11992018043366777,0.5505088733558171,-0.0035425969824504355
0.3080000000000001,0.335,0.35699999999999993,0.3860513296266086,-0.0659593252684283,0.11395480099768539,0.547200025419464,-0.004096624983883145
0.3090000000000001,0.335,0.3559999999999998,0.387733142618933,-0.06698641123510089,0.10802327780696208,0.5439232549832268,-0.004549015640192111
0.3100000000000001,0.335,0.3549999999999999,0.38940114142037513,-0.06801919829011066,0.10212577020317522,0.5406786454424585,-0.004901168832768758
0.3110000000000001,0.335,0.3539999999999998,0.39105542674989596,-0.06905762592084082,0.09626243530414628,0.5374662766844354,-0.005154484011297283
0.3120000000000001,0.335,0.3529999999999999,0.39269609832328667,-0.07010163334842652,0.0904334279523635,0.5342862251108356,-0.00531036003131756
0.3130000000000001,0.335,0.3519999999999998,0.3943232549087763,-0.07115115953610462,0.08463890066943316,0.5311385636574727,-0.0053701949899642824
0.3140000000000001,0.335,0.3509999999999999,0.3959369943823285,-0.07220614319757489,0.07887900360715429,0.5280233618160568,-0.00533538605712295
0.3150000000000001,0.335,0.3499999999999998,0.39753741377826907,-0.07326652280539127,0.07315388450438223,0.5249406856570834,-0.005207329303946035
0.3160000000000001,0.335,0.3489999999999999,0.39912460933754756,-0.07433223659946508,0.06746368864908951,0.5218905978511329,-0.004987419530429306
0.3170000000000001,0.335,0.3479999999999998,0.4006986765553433,-0.07540322259555021,0.061808558838088064,0.518873157692457,-0.004677050089488025
0.3180000000000001,0.335,0.3469999999999999,0.4022597102241376,-0.0764794185937918,0.05618863534403092,0.5158884211221214,-0.004277612710422676
0.3190000000000001,0.335,0.3459999999999998,0.40380780447560066,-0.0775607621872855,0.05060405587927259,0.5129364407521749,-0.0037904973194726292
0.3200000000000001,0.335,0.3449999999999999,0.4053430528232801,-0.07864719077069862,0.04505495556815357,0.5100172658891359,-0.0032170918619795225
0.3210000000000001,0.335,0.3439999999999998,0.40686554819619203,-0.07973864154885692,0.039541466916132396,0.5071309425595036,-0.002558782120135463
0.3220000000000001,0.335,0.3429999999999999,0.408375382978589,-0.08083505154541207,0.03406371978420357,0.5042775135337649,-0.0018169515333162634
0.3230000000000001,0.335,0.3419999999999998,0.40987264904216886,-0.081936357611438,0.028621841364793833,0.501457018353148,-0.0009929810161645597
0.3240000000000001,0.335,0.3409999999999999,0.4113574377803606,-0.08304249643412953,0.023215956158071774,0.4986694933540248,-8.82487773877106e-05
0.3030000000000001,0.336,0.3609999999999998,0.3764391923257828,-0.060675668378660313,0.14067825091198424,0.5594900378902999,-0.0006353755398173996
0.3040000000000001,0.336,0.35999999999999993,0.37818562167783876,-0.061668518050672805,0.13461073074483376,0.556080411679186,-0.001558420805384722
0.3050000000000001,0.336,0.3589999999999998,0.37991777477685995,-0.06266731937932424,0.128576506432012,0.5527024721449796,-0.0023756283284178427
0.3060000000000001,0.336,0.35799999999999993,0.38163575862147087,-0.06367201356392348,0.12257574204680928,0.5493563142059673,-0.003088392475277542
0.3070000000000001,0.336,0.3569999999999998,0.3833396788697432,-0.06468254150427424,0.11660859969756596,0.5460420292268304,-0.0036981075470520763
0.3080000000000001,0.336,0.3559999999999999,0.3850296399112241,-0.06569884380851515,0.11067523946287774,0.5427597050368119,-0.004206167639244286
0.3090000000000001,0.336,0.3549999999999998,0.38670574493668236,-0.06672086080102722,0.10477581932907024,0.5395094259492113,-0.004613966496095207
0.3100000000000001,0.336,0.3539999999999999,0.3883680960028324,-0.0677485325304373,0.09891049513575963,0.5362912727809517,-0.004922897361095961
0.3110000000000001,0.336,0.3529999999999998,0.3900167940956211,-0.06878179877768943,0.09307942051969224,0.5331053228729328,-0.00513435282246209
0.3120000000000001,0.336,0.3519999999999999,0.3916519391896248,-0.06982059906417834,0.08728274686406433,0.5299516501111058,-0.00524972465509882
0.3130000000000001,0.336,0.3509999999999998,0.393273630303529,-0.07086487265995982,0.08152062325115694,0.5268303249475816,-0.005270403659170472
0.3140000000000001,0.336,0.3499999999999999,0.3948819655553796,-0.07191455859202972,0.07579319641437934,0.5237414144218473,-0.005197779495506594
0.3150000000000001,0.336,0.3489999999999998,0.3964770422132814,-0.07296959565260325,0.07010061069928214,0.5206849821840582,-0.0050332405191245815
0.3160000000000001,0.336,0.3479999999999999,0.3980589567434815,-0.07402992240751141,0.06444300802173916,0.5176610885165068,-0.004778173609571831
0.3170000000000001,0.336,0.3469999999999998,0.399627804857989,-0.07509547720458394,0.058820527829848486,0.5146697903572225,-0.004433963999626077
0.3180000000000001,0.336,0.3459999999999999,0.40118368155758166,-0.0761661981820727,0.05323330707027565,0.5117111413237817,-0.004001995102438016
0.3190000000000001,0.336,0.3449999999999998,0.402726681173765,-0.07724202327712891,0.0476814801554898,0.5087851917368095,-0.0034836483373817916
0.3200000000000001,0.336,0.3439999999999999,0.40425689741130716,-0.07832289023429018,0.042165178932729315,0.5058919886443286,-0.002880302955084858
0.3210000000000001,0.336,0.3429999999999998,0.40577442338191777,-0.07940873661396632,0.036684532656328296,0.5030315758471068,-0.0021933358604142566
0.3220000000000001,0.336,0.3419999999999999,0.4072793516439364,-0.08049949980099598,0.031239667960825748,0.5002039939227707,-0.001424121436533374
0.3230000000000001,0.336,0.3409999999999998,0.4087717742345507,-0.08159511701314737,0.025830708837633158,0.49740928025221864,-0.0005740313675247459
0.3030000000000001,0.337,0.3599999999999998,0.37545172982542774,-0.06044092093282683,0.13726609609717125,0.5549532549055822,-0.0009651595377664218
0.3040000000000001,0.337,0.35899999999999993,0.3771922019478531,-0.06142896833335613,0.1312302030898504,0.5515701677872742,-0.0018376689896509348
0.3050000000000001,0.337,0.3579999999999998,0.37891845633827964,-0.062422920143634694,0.125227701294868,0.5482187440064841,-0.0026057277862651627
0.3060000000000001,0.337,0.35699999999999993,0.38063060029515583,-0.06342271782112274,0.11925875123799612,0.5448990758147648,-0.0032707244603312237
0.3070000000000001,0.337,0.3559999999999998,0.38232873976860593,-0.06442830253087975,0.11332351149714473,0.5416112519391054,-0.003834047247053364
0.3080000000000001,0.337,0.3549999999999999,0.3840129794324012,-0.06543961515323814,0.10742213863938489,0.53835535760275,-0.0042970839467176
0.3090000000000001,0.337,0.3539999999999998,0.3856834227537046,-0.06645659629168417,0.1015547871617994,0.535131474542445,-0.0046612217841484095
0.3100000000000001,0.337,0.3529999999999999,0.3873401720575857,-0.06747918628070398,0.09572160943306414,0.5319396810301938,-0.004927847260970723
0.3110000000000001,0.337,0.3519999999999998,0.3889833285902876,-0.0685073251937841,0.08992275563962514,0.5287800518928084,-0.005098346005578368
0.3120000000000001,0.337,0.3509999999999999,0.39061299257855525,-0.0695409528514369,0.08415837373542069,0.5256526585333987,-0.005174102618758274
0.3130000000000001,0.337,0.3499999999999998,0.3922292632850553,-0.07058000882932185,0.07842860939490884,0.5225575689522339,-0.005156500516178858
0.3140000000000001,0.337,0.3489999999999999,0.39383223906364645,-0.07162443246639122,0.07273360596792691,0.5194948477690979,-0.0050469217680881515
0.3150000000000001,0.337,0.3479999999999998,0.39542201740986627,-0.07267416287308022,0.06707350443596921,0.5164645562462349,-0.004846746935437775
0.3160000000000001,0.337,0.3469999999999999,0.39699869500910134,-0.07372913893961448,0.06144844337482498,0.5134667523094756,-0.004557354905498759
0.3170000000000001,0.337,0.3459999999999998,0.3985623677841604,-0.07478929934424394,0.055858558916665975,0.5105014905733024,-0.004180122724223854
0.3180000000000001,0.337,0.3449999999999999,0.4001131309382279,-0.07585458256160407,0.05030398471602455,0.5075688223634163,-0.0037164254276121165
0.3190000000000001,0.337,0.3439999999999998,0.4016510789967467,-0.07692492687106389,0.044784851915978065,0.5046687957410273,-0.0031676358710673175
0.3200000000000001,0.337,0.3429999999999999,0.40317630585002096,-0.07800027036509617,0.039301289120383685,0.5018014555275523,-0.0025351245594315026
0.3210000000000001,0.337,0.3419999999999998,0.40468890478679775,-0.07908055095768969,0.03385342236389425,0.4989668433290464,-0.0018202594735845113
0.3220000000000001,0.337,0.3409999999999999,0.40618896853404024,-0.08016570639273717,0.02844137508852537,0.4961649975621096,-0.0010244058993497587
0.3230000000000001,0.337,0.3399999999999998,0.40767658928905975,-0.08125567425247085,0.023065268118231733,0.493395953479079,-0.00014892625390260268
0.3020000000000001,0.338,0.35999999999999993,0.37272020019053875,-0.0592299021288705,0.13991806102315513,0.5538408108046248,-0.00034465665263186396
0.3030000000000001,0.338,0.3589999999999998,0.37446903071341925,-0.06020726218311265,0.13388044736857577,0.5504526290109157,-0.0012720739139144115
0.3040000000000001,0.338,0.35799999999999993,0.37620359274761545,-0.06119053785542761,0.12787615875057728,0.5470959925562395,-0.0020950314189848544
0.3050000000000001,0.338,0.3569999999999998,0.3779239953164932,-0.06217967115391843,0.12190535403728926,0.5437709945695035,-0.0028149121425345876
0.3060000000000001,0.338,0.3559999999999999,0.3796303460112036,-0.06317460379368213,0.11596819023512539,0.5404777246678278,-0.0034330986623901556
0.3070000000000001,0.338,0.3549999999999998,0.38132275106699176,-0.0641752772043909,0.11006482242326578,0.5372162689735969,-0.0039509730325635525
0.3080000000000001,0.338,0.3539999999999999,0.3830013154350379,-0.06518163253785507,0.10419540368973021,0.5339867101360084,-0.0043699166487420026
0.3090000000000001,0.338,0.3529999999999998,0.38466614285204564,-0.06619361067581588,0.09836008507042206,0.5307891273481957,-0.0046913101107044705
0.3100000000000001,0.338,0.3519999999999999,0.3863173359047711,-0.0672111522377022,0.09255901549423734,0.527623596368896,-0.0049165330790649775
0.3110000000000001,0.338,0.3509999999999998,0.3879549960931823,-0.06823419758848694,0.08679234172860373,0.5244901895436588,-0.005046964128149069
0.3120000000000001,0.338,0.3499999999999999,0.3895792238897618,-0.06926268684667058,0.08106020833085327,0.5213889758245673,-0.005083980596268099
0.3130000000000001,0.338,0.3489999999999998,0.3911901187947857,-0.07029655989226298,0.07536275759903042,0.5183200207925276,-0.005028958430869902
0.3140000000000001,0.338,0.3479999999999999,0.39278777939156695,-0.07133575637481407,0.06970012952816529,0.5152833866801511,-0.004883272032257713
0.3150000000000001,0.338,0.3469999999999998,0.39437230339699425,-0.07238021572156239,0.0640724617700423,0.5122791323929039,-0.004648294095038204
0.3160000000000001,0.338,0.3459999999999999,0.3959437877095587,-0.07342987714555416,0.05847988959297058,0.509307313533017,-0.004325395446063715
0.3170000000000001,0.338,0.3449999999999998,0.39750232845688166,-0.07448467965384659,0.052922545844153464,0.5063679824223524,-0.003915944881341513
0.3180000000000001,0.338,0.3439999999999999,0.3990480210386679,-0.07554456205570831,0.04740056091694275,0.5034611881267927,-0.003421309001288772
0.3190000000000001,0.338,0.3429999999999998,0.40058096016863026,-0.07660946297088875,0.041914062719431634,0.500586976479777,-0.002842852045029874
0.3200000000000001,0.338,0.3419999999999999,0.4021012399169579,-0.07767932083788089,0.03646317664382897,0.49774539010712376,-0.0021819357235382565
0.3210000000000001,0.338,0.3409999999999998,0.4036089537439696,-0.07875407392219509,0.031048025539177144,0.4949364684524331,-0.001439919050977614
0.3220000000000001,0.338,0.3399999999999999,0.40510419453977986,-0.07983366032469064,0.025668729685758992,0.4921602478015738,-0.0006181581772764424
0.3020000000000001,0.339,0.35899999999999993,0.37174815540031536,-0.059002021432705824,0.13652734392286528,0.5493496882839946,-0.000679252606516606
0.3030000000000001,0.339,0.3579999999999998,0.3734910647958825,-0.05997468664035037,0.13052121678902362,0.5459878919092149,-0.0015567209431888267
0.3040000000000001,0.339,0.35699999999999993,0.375219763422323,-0.06095322089036284,0.12454850825638521,0.5426576171346233,-0.0023310960854848184
0.3050000000000001,0.339,0.3559999999999998,0.37693436059622987,-0.06193756644099416,0.11860937368697329,0.5393589544566991,-0.003003755162308063
0.3060000000000001,0.339,0.3549999999999999,0.3786349641945454,-0.06292766526444059,0.11270396659967087,0.5360919908902718,-0.00357607468077642
0.3070000000000001,0.339,0.3539999999999998,0.380321680730737,-0.06392345905432908,0.10683243860401512,0.5328568099858129,-0.004049430402248852
0.3080000000000001,0.339,0.3529999999999999,0.3819946154265685,-0.06492488923321996,0.10099493933758276,0.529653491849975,-0.004425197211810478
0.3090000000000001,0.339,0.3519999999999998,0.38365387228167247,-0.06593189696025441,0.09519161640782837,0.5264821131645991,-0.004704748984212685
0.3100000000000001,0.339,0.3509999999999999,0.3852995541379081,-0.06694442313882257,0.08942261533440651,0.5233427472082179,-0.004889458443459858
0.3110000000000001,0.339,0.3499999999999998,0.3869317627425061,-0.06796240842436636,0.08368807949709332,0.5202354638759461,-0.004980697020255703
0.3120000000000001,0.339,0.3489999999999999,0.38855059880725507,-0.06898579323220624,0.07798815008596298,0.5171603297012713,-0.004979834704938752
0.3130000000000001,0.339,0.3479999999999998,0.3901561620638025,-0.07001451774542745,0.07232296605509135,0.514117407878294,-0.004888239897183783
0.3140000000000001,0.339,0.3469999999999999,0.39174855131882325,-0.07104852192286942,0.06669266407862713,0.5111067582828284,-0.004707279253877343
0.3150000000000001,0.339,0.3459999999999998,0.3933278645044205,-0.07208774550707603,0.06109737850802696,0.5081284374967495,-0.0044383175327775085
0.3160000000000001,0.339,0.3449999999999999,0.39489419872619075,-0.07313212803239265,0.05553724133476392,0.5051824988294387,-0.004082717435775301
0.3170000000000001,0.339,0.3439999999999998,0.3964476503107761,-0.07418160883301639,0.050012382154963564,0.5022689923423187,-0.0036418394499506245
0.3180000000000001,0.339,0.3429999999999999,0.39798831484868175,-0.07523612705112655,0.044522928133715035,0.49938796487227427,-0.0031170416861183957
0.3190000000000001,0.339,0.3419999999999998,0.39951628723620536,-0.07629562164501179,0.039069003974997046,0.496539460056403,-0.0025096797171974116
0.3200000000000001,0.339,0.3409999999999999,0.4010316617179025,-0.0773600313972453,0.03365073189213137,0.4937235183563619,-0.0018211064157775542
0.3210000000000001,0.339,0.3399999999999998,0.4025345319201954,-0.07842929492285095,0.02826823157972426,0.490940177083875,-0.001052671789248144
0.3220000000000001,0.339,0.3389999999999999,0.4040249908911013,-0.07950335067752687,0.022921620190806655,0.48818947042531086,-0.00020572281724274503
0.3010000000000001,0.34,0.3589999999999998,0.3690294682080376,-0.057813069007945764,0.13917099933833424,0.5482611802934894,-5.960373752529613e-05
0.3020000000000001,0.34,0.35799999999999993,0.3707807673730253,-0.058775188860778066,0.13316297964976753,0.5448942763401634,-0.000991203107866448
0.3030000000000001,0.34,0.3569999999999998,0.37251780211253605,-0.059743188839202814,0.12718831585965762,0.5415587773733894,-0.0018196909730343533
0.3040000000000001,0.34,0.3559999999999999,0.37424068355608847,-0.060717011737537144,0.12124716160582794,0.5382547747621759,-0.0025464392232977147
0.3050000000000001,0.34,0.3549999999999998,0.375949521306511,-0.061696600063716835,0.11533966877254181,0.5349823564027982,-0.0031728190242014363
0.3060000000000001,0.34,0.3539999999999999,0.3776444235196336,-0.06268189604647956,0.10946598741958988,0.5317416067396997,-0.0037002006998812648
0.3070000000000001,0.34,0.3529999999999998,0.37932549698042295,-0.06367284164275748,0.10362626571857247,0.5285326067829524,-0.004129953612891802
0.3080000000000001,0.34,0.3519999999999999,0.3809928471745977,-0.06466937854507016,0.09782064988837004,0.525355434129506,-0.004463446036309639
0.3090000000000001,0.34,0.3509999999999998,0.38264657835807875,-0.06567144818909137,0.09204928413620377,0.5222101629818301,-0.004702045022943621
0.3100000000000001,0.34,0.3499999999999999,0.3842867936213811,-0.06667899176124155,0.08631231060416224,0.5190968641688962,-0.004847116269648611
0.3110000000000001,0.34,0.3489999999999998,0.3859135949526221,-0.06769195020632557,0.08060986931527715,0.5160156051684844,-0.004900023977104265
0.3120000000000001,0.34,0.3479999999999999,0.3875270832966535,-0.06871026423532833,0.07494209812447111,0.5129664501268476,-0.0048621307071692495
0.3130000000000001,0.34,0.3469999999999998,0.38912735861032083,-0.0697338743331571,0.06930913267309484,0.5099494598825605,-0.004734797236023502
0.3140000000000001,0.34,0.3459999999999999,0.39071451991750317,-0.07076272076654191,0.06371110634309197,0.5069646919873529,-0.00451938240526502
0.3150000000000001,0.34,0.3449999999999998,0.39228866535962864,-0.07179674359192327,0.05814815021965591,0.5040122007293716,-0.004217242971146885
0.3160000000000001,0.34,0.3439999999999999,0.39384989224358075,-0.07283588266336329,0.05262039305051488,0.5010920371573673,-0.0038297334499998448
0.3170000000000001,0.34,0.3429999999999998,0.3953982970891848,-0.07388007764056555,0.047127961210135155,0.49820424910305333,-0.003358205963507544
0.3180000000000001,0.34,0.3419999999999999,0.39693397567210936,-0.07492926799685438,0.041670978667838095,0.49534888120608433,-0.0028040100819133537
0.3190000000000001,0.34,0.3409999999999998,0.39845702306571235,-0.0759833930272224,0.036249566956243005,0.49252597493813327,-0.0021684926660354605
0.3200000000000001,0.34,0.3399999999999999,0.3999675336834531,-0.07704239185640008,0.030863845141333595,0.4897355686273379,-0.0014529977086089677
0.3210000000000001,0.34,0.3389999999999998,0.4014656013125838,-0.07810620344691362,0.025513929797294,0.4869776974839739,-0.0006588661742857969
0.3010000000000001,0.341,0.3579999999999998,0.3680725932421963,-0.05759186927034112,0.13580155350699755,0.5438149823164399,-0.00039887394761414785
0.3020000000000001,0.341,0.35699999999999993,0.36981800683095706,-0.058549399199954416,0.12982488067731252,0.5404743113445049,-0.001281100789228922
0.3030000000000001,0.341,0.3559999999999998,0.37154921293482995,-0.05951276333845241,0.123881655547289,0.5371650212343764,-0.0020615626355338507
0.3040000000000001,0.341,0.3549999999999999,0.3732663229698838,-0.06048190472252209,0.11797202828895213,0.5338872007566997,-0.0027416255185730883
0.3050000000000001,0.341,0.3539999999999998,0.37496944681833244,-0.06145676610927294,0.11209614733859158,0.5306409352405294,-0.0033226545273714984
0.3060000000000001,0.341,0.3529999999999999,0.3766586929082051,-0.06243728998343463,0.10625415932930461,0.5274263065905958,-0.003806013696476842
0.3070000000000001,0.341,0.3519999999999998,0.3783341682892248,-0.0634234185645136,0.1004462090220978,0.5242433933100621,-0.0041930658859271885
0.3080000000000001,0.341,0.3509999999999999,0.37999597870449237,-0.06441509381425307,0.09467243924735161,0.5210922705162562,-0.004485172659938908
0.3090000000000001,0.341,0.3499999999999998,0.3816442286597978,-0.06541225744396933,0.08893299084442803,0.5179730099642355,-0.004683694157558389
0.3100000000000001,0.341,0.3489999999999999,0.38327902148793325,-0.0664148509221084,0.08322800260833876,0.5148856800658144,-0.004789988961075704
0.3110000000000001,0.341,0.3479999999999998,0.38490045941161155,-0.06742281548177567,0.07755761123572943,0.5118303459123953,-0.004805413959113668
0.3120000000000001,0.341,0.3469999999999999,0.38650864360254894,-0.068436092128432,0.07192195127667146,0.5088070692948208,-0.004731324207699408
0.3130000000000001,0.341,0.3459999999999998,0.38810367423671144,-0.06945462164755921,0.06632115509096026,0.5058159087266543,-0.004569072787671671
0.3140000000000001,0.341,0.3449999999999999,0.38968565054930376,-0.07047834461240189,0.06075535280269191,0.502856919467031,-0.004320010659056168
0.3150000000000001,0.341,0.3439999999999998,0.39125467088512034,-0.07150720139179469,0.05522467225951834,0.4999301535427023,-0.00398548651337054
0.3160000000000001,0.341,0.3429999999999999,0.3928108327465542,-0.07254113215798848,0.049729238996784185,0.497035659771851,-0.0035668466242746288
0.3170000000000001,0.341,0.3419999999999998,0.3943542328410087,-0.0735800768945326,0.044269176200867885,0.49417348378765025,-0.003065434696121281
0.3180000000000001,0.341,0.3409999999999999,0.39588496712374754,-0.07462397540414288,0.03884460467690869,0.4913436680635719,-0.0024825917108543295
0.3190000000000001,0.341,0.3399999999999998,0.39740313083969914,-0.07567276731669917,0.0334556428170953,0.4885462519359196,-0.0018196557741542926
0.3200000000000001,0.341,0.3389999999999999,0.39890881856591565,-0.07672639209715319,0.028102406573249677,0.4857812716300921,-0.0010779619610635383
0.3210000000000001,0.341,0.3379999999999998,0.4004021242452012,-0.07778478905348701,0.022785009430248117,0.4830487602861275,-0.0002588421595729178
0.3010000000000001,0.342,0.3569999999999998,0.3671202708950519,-0.057371678533181335,0.13245830847314918,0.5394040572705094,-0.0007157189232176453
0.3020000000000001,0.342,0.3559999999999999,0.36885984472093986,-0.058324647259366334,0.12651295893465245,0.536089531689611,-0.0015495266107694583
0.3030000000000001,0.342,0.3549999999999998,0.37058526776381073,-0.05928340472114035,0.12060114630069929,0.5328063613643139,-0.00228290305496804
0.3040000000000001,0.342,0.3539999999999999,0.3722966517194324,-0.060247894197155996,0.11472301730663502,0.5295546324986822,-0.0029172083159076725
0.3050000000000001,0.342,0.3529999999999998,0.3739941067426756,-0.061218058693238014,0.1088787169712431,0.5263344278846577,-0.003453801298317804
0.3060000000000001,0.342,0.3519999999999999,0.37567774152704075,-0.06219384094944387,0.10306838852833858,0.5231458269211223,-0.0038940396423917667
0.3070000000000001,0.342,0.3509999999999998,0.3773476633805048,-0.06317518344724175,0.09729217336058962,0.5199889056327864,-0.00423927960887029
0.3080000000000001,0.342,0.3499999999999999,0.3790039782970907,-0.06416202841672464,0.09155021094048103,0.5168637366914824,-0.004490875959121048
0.3090000000000001,0.342,0.3489999999999998,0.3806467910260519,-0.06515431784398525,0.08584263876881018,0.5137703894352063,-0.0046501818302360776
0.3100000000000001,0.342,0.3479999999999999,0.3822762051361577,-0.06615199347849446,0.08016959232339384,0.5107089298901798,-0.0047185486064604265
0.3110000000000001,0.342,0.3469999999999998,0.3838923230785788,-0.067154996840571,0.07453120500666889,0.5076794207925668,-0.004697325786534782
0.3120000000000001,0.342,0.3459999999999999,0.3854952462458424,-0.0681632692289709,0.06892760809563393,0.5046819216087796,-0.00458786084765659
0.3130000000000001,0.342,0.3449999999999998,0.38708507502703615,-0.0691767517284409,0.0633589306989682,0.501716488559336,-0.004391499106554918
0.3140000000000001,0.342,0.3439999999999999,0.38866190886275626,-0.07019538521737533,0.057825299712422354,0.4987831746413526,-0.00410958357781443
0.3150000000000001,0.342,0.3429999999999998,0.39022584629545365,-0.07121911037556106,0.05232683977963935,0.4958820296501616,-0.0037434548303980717
0.3160000000000001,0.342,0.3419999999999999,0.3917769850173655,-0.07224786769183895,0.046863673255356,0.49301310020524053,-0.0032944508412934316
0.3170000000000001,0.342,0.3409999999999998,0.39331542191784974,-0.07328159747194453,0.04143592016790715,0.49017642977196707,-0.0027639068479814195
0.3180000000000001,0.342,0.3399999999999999,0.39484125312630536,-0.0743202398462651,0.03604369819025907,0.4873720586873158,-0.002153155200016259
0.3190000000000001,0.342,0.3389999999999998,0.3963545740538994,-0.0753637347777029,0.030687122606964625,0.48460002418342274,-0.0014635252084063402
0.3200000000000001,0.342,0.3379999999999999,0.397855479436006,-0.07641202206949992,0.025366306287257313,0.4818603604132922,-0.0006963429953663796
0.3000000000000001,0.343,0.35699999999999993,0.36442448542216577,-0.056209855730912986,0.13508870701368492,0.5383478555114304,-0.00012392826525190262
0.3010000000000001,0.343,0.3559999999999998,0.3661724727771084,-0.0571524918467646,0.12914117712525638,0.5350281460816682,-0.0010107218837949843
0.3020000000000001,0.343,0.3549999999999999,0.36790625221241346,-0.058100927870142226,0.12322712582741184,0.5317396777748282,-0.0017970500658582855
0.3030000000000001,0.343,0.3539999999999998,0.36962593732819454,-0.05905510759424945,0.11734669807347582,0.528482537662682,-0.002484268052404981
0.3040000000000001,0.343,0.3529999999999999,0.37133164009318254,-0.06001497453928444,0.11150003719177405,0.5252568094141226,-0.003073729822294296
0.3050000000000001,0.343,0.3519999999999998,0.37302347092823784,-0.06098047195924386,0.10568728481266301,0.52206257331621,-0.0035667879912564225
0.3060000000000001,0.343,0.3509999999999999,0.37470153878580703,-0.061951542848928606,0.09990858080171999,0.5188999062920969,-0.003964793706574567
0.3070000000000001,0.343,0.3499999999999998,0.37636595122565764,-0.0629281299510095,0.0941640631933933,0.5157688819208339,-0.004269096534991575
0.3080000000000001,0.343,0.3489999999999999,0.3780168144863074,-0.06391017576315595,0.08845386813053155,0.5126695704585621,-0.0044810443456895915
0.3090000000000001,0.343,0.3479999999999998,0.37965423355424793,-0.06489762254530579,0.08277812980753013,0.5096020388580977,-0.004601983189734409
0.3100000000000001,0.343,0.3469999999999999,0.3812783122280703,-0.06589041232694552,0.0771369804163837,0.5065663507912358,-0.004633257174158929
0.3110000000000001,0.343,0.3459999999999998,0.3828891531812715,-0.06688848691452784,0.0715305500943439,0.5035625666691417,-0.004576208333083509
0.3120000000000001,0.343,0.3449999999999999,0.38448685802119364,-0.06789178789887451,0.06595896687586039,0.5005907436657941,-0.004432176494884742
0.3130000000000001,0.343,0.3439999999999998,0.38607152734420286,-0.06890025666272498,0.06042235665088001,0.4976509357388618,-0.004202499147947273
0.3140000000000001,0.343,0.3429999999999999,0.38764326079049827,-0.06991383438824986,0.05492084311784113,0.4947431936538261,-0.003888511301485863
0.3150000000000001,0.343,0.3419999999999998,0.38920215709450723,-0.07093246206466826,0.049454547747766614,0.49186756500657924,-0.0034915453464229827
0.3160000000000001,0.343,0.3409999999999999,0.3907483141326819,-0.07195608049587802,0.044023589744754135,0.48902409424726656,-0.003012930912433962
0.3170000000000001,0.343,0.3399999999999998,0.3922818289709174,-0.07298463030813435,0.03862808601256878,0.486212822704074,-0.0024539947248542835
0.3180000000000001,0.343,0.3389999999999999,0.39380279790736217,-0.0740180519577533,0.03326815112333191,0.4834337886075298,-0.0018160604596471463
0.3190000000000001,0.343,0.3379999999999998,0.3953113165141304,-0.07505628573879976,0.027943897285155367,0.4806870271163642,-0.0011004485963247886
0.3200000000000001,0.343,0.3369999999999999,0.3968074796797538,-0.07609927179090273,0.022655434316651697,0.4779725703404618,-0.0003084762724543423
0.3000000000000001,0.34400000000000003,0.3559999999999999,0.3634869887665718,-0.05599612774921535,0.13176641747938797,0.5339807064722134,-0.0004455288078379985
0.3010000000000001,0.34400000000000003,0.3549999999999998,0.36522917071464706,-0.05693430428143276,0.12585007182235766,0.5306869916472499,-0.0012844546241318582
0.3020000000000001,0.34400000000000003,0.3539999999999999,0.36695720069549764,-0.05787823588535222,0.11996729225734279,0.527424491990126,-0.0020242293837547977
0.3030000000000001,0.34400000000000003,0.3529999999999998,0.36867119258232733,-0.05882786658865353,0.11411822034163768,0.5241932920389353,-0.002666202346978664
0.3040000000000001,0.34400000000000003,0.3519999999999999,0.3703712586101969,-0.05978314015259772,0.10830299602633438,0.5209934729601273,-0.0032117213058779313
0.3050000000000001,0.34400000000000003,0.3509999999999998,0.3720575094594171,-0.06074400007886266,0.10252175758343565,0.5178251125652603,-0.0036621324877107904
0.3060000000000001,0.34400000000000003,0.3499999999999999,0.3737300543348777,-0.06171038961633568,0.09677464153856764,0.5146882853336298,-0.004018780451007387
0.3070000000000001,0.34400000000000003,0.3489999999999998,0.37538900104176304,-0.06268225176814742,0.09106178260779867,0.5115830624300222,-0.00428300797808448
0.3080000000000001,0.34400000000000003,0.3479999999999999,0.37703445605687974,-0.06365952929873482,0.08538331363688935,0.5085095117251682,-0.0044561559613829314
0.3090000000000001,0.34400000000000003,0.3469999999999998,0.3786665245977278,-0.06464216474093408,0.07973936554243966,0.5054676978183966,-0.00453956328478973
0.3100000000000001,0.34400000000000003,0.3459999999999999,0.38028531068661175,-0.06563010040326123,0.0741300672602782,0.5024576820567856,-0.004534566702558579
0.3110000000000001,0.34400000000000003,0.3449999999999998,0.3818909172134087,-0.0666232783771454,0.06855554569455674,0.4994795225587488,-0.004442500713360118
0.3120000000000001,0.34400000000000003,0.3439999999999999,0.38348344599440193,-0.06762164054430345,0.06301592566845816,0.49653327423529026,-0.004264697431181739
0.3130000000000001,0.34400000000000003,0.3429999999999998,0.38506299782741127,-0.06862512858415065,0.05751132988305608,0.4936189888123699,-0.0040024864543545015
0.3140000000000001,0.34400000000000003,0.3419999999999999,0.3866296725465674,-0.06963368398124457,0.05204187887118259,0.49073671485422915,-0.003657194730375273
0.3150000000000001,0.34400000000000003,0.3409999999999998,0.38818356907263274,-0.07064724803276756,0.04660769096089811,0.48788649778724563,-0.00323014641992541
0.3160000000000001,0.34400000000000003,0.3399999999999999,0.38972478546085954,-0.07166576185608141,0.04120888223936944,0.4850683799231065,-0.0027226627587064074
0.3170000000000001,0.34400000000000003,0.3389999999999998,0.39125341894825644,-0.07268916639631455,0.035845566516122314,0.48228240048242,-0.0021360619170952156
0.3180000000000001,0.34400000000000003,0.3379999999999999,0.392769565996405,-0.07371740243393529,0.03051785529310146,0.47952859562002803,-0.001471658859015952
0.3190000000000001,0.34400000000000003,0.3369999999999998,0.39427332233321893,-0.07475041059237482,0.025225857734719814,0.4768069984498156,-0.0007307651995412797
0.3000000000000001,0.34500000000000003,0.3549999999999999,0.36255391547077803,-0.05578336634065062,0.12847009124241798,0.5296481467229148,-0.0007454945366278838
0.3010000000000001,0.34500000000000003,0.3539999999999998,0.36429033674780553,-0.056717110928185675,0.12258490441109761,0.5263803388224056,-0.001537477713877175
0.3020000000000001,0.34500000000000003,0.3529999999999999,0.36601266177910036,-0.05765656618059914,0.11673336864240252,0.5231437187027486,-0.002231611728517057
0.3030000000000001,0.34500000000000003,0.3519999999999998,0.36772100470429603,-0.05860167635965547,0.11091562212576903,0.5199383684003919,-0.002829239753587117
0.3040000000000001,0.34500000000000003,0.3509999999999999,0.36941547801820646,-0.05955238546727136,0.10513180146329222,0.5167643666083209,-0.0033317032937005206
0.3050000000000001,0.34500000000000003,0.3499999999999998,0.3710961926541513,-0.060508637252170344,0.09938204159873944,0.5136217886963774,-0.003740342090721084
0.3060000000000001,0.34500000000000003,0.3489999999999999,0.37276325806313587,-0.06147037521672662,0.09366647574888619,0.5105107067288933,-0.004056494024124353
0.3070000000000001,0.34500000000000003,0.3479999999999998,0.3744167822894815,-0.06243754262379296,0.0879852353410293,0.507431189486837,-0.004281495005415994
0.3080000000000001,0.34500000000000003,0.3469999999999999,0.37605687204204963,-0.06341008250369065,0.08233844995205691,0.5043833024876726,-0.004416678867828417
0.3090000000000001,0.34500000000000003,0.3459999999999998,0.37768363276329553,-0.06438793766124098,0.07672624725215955,0.5013671080070591,-0.004463377251837377
0.3100000000000001,0.34500000000000003,0.3449999999999999,0.37929716869328417,-0.0653710506829462,0.07114875295268487,0.49838266509836987,-0.004422919487147844
0.3110000000000001,0.34500000000000003,0.3439999999999998,0.3808975829323356,-0.0663593639440945,0.06560609075377644,0.49543002961754634,-0.0042966324694159366
0.3120000000000001,0.34500000000000003,0.3429999999999999,0.38248497749989124,-0.06735281961608396,0.060098382298539324,0.4925092542429562,-0.004085840535853341
0.3130000000000001,0.34500000000000003,0.3419999999999998,0.38405945338950664,-0.06835135967370987,0.05462574712940697,0.4896203884988001,-0.003791865336800421
0.3140000000000001,0.34500000000000003,0.3409999999999999,0.38562111062366655,-0.069354925902484,0.049188302645354606,0.4867634787794021,-0.003416025704799753
0.3150000000000001,0.34500000000000003,0.3399999999999998,0.38717004830399454,-0.07036345990609079,0.04378616406341226,0.48393856837085825,-0.002959637522138684
0.3160000000000001,0.34500000000000003,0.3389999999999999,0.3887063646590749,-0.07137690311378876,0.03841944438292282,0.4811456974760745,-0.00242401358596989
0.3170000000000001,0.34500000000000003,0.3379999999999998,0.390230157091745,-0.07239519678789975,0.033088254351002364,0.47838490323840477,-0.0018104634722535635
0.3180000000000001,0.34500000000000003,0.3369999999999999,0.3917415222218513,-0.0734182820312856,0.027792702431787927,0.47565621976690753,-0.0011202933981161508
0.3190000000000001,0.34500000000000003,0.3359999999999998,0.3932405559279833,-0.07444609979490772,0.022532894776676374,0.4729596781601127,-0.0003548060833892287
0.2990000000000001,0.34600000000000003,0.3549999999999998,0.359880376406071,-0.05464794867897898,0.13108729312291084,0.5286229887985624,-0.00018053743114583576
0.3000000000000001,0.34600000000000003,0.3539999999999999,0.3616252382137552,-0.05557156682513373,0.1251996410923958,0.525349923556026,-0.0010243882953697263
0.3010000000000001,0.34600000000000003,0.3529999999999998,0.36335594312883596,-0.05650090689817129,0.11934558624849902,0.5221079344044766,-0.0017703406953553866
0.3020000000000001,0.34600000000000003,0.3519999999999999,0.36507260728902985,-0.057435913653459354,0.11352526493596943,0.518897104242119,-0.0024197333945228175
0.3030000000000001,0.34600000000000003,0.3509999999999998,0.3667753450938842,-0.058376531586470645,0.10773881200637989,0.5157175126342318,-0.002973903377100056
0.3040000000000001,0.34600000000000003,0.3499999999999999,0.36846426929153564,-0.059322704939280615,0.1019863607428575,0.5125692358316837,-0.0034341857631810836
0.3050000000000001,0.34600000000000003,0.3489999999999998,0.37013949106193716,-0.060274377707129956,0.09626804278987894,0.5094523467915851,-0.0038019137174235378
0.3060000000000001,0.34600000000000003,0.3479999999999999,0.3718011200959163,-0.06123149364515836,0.0905839880841928,0.5063669151958151,-0.00407841835205346
0.3070000000000001,0.34600000000000003,0.3469999999999998,0.3734492646707521,-0.06219399627518617,0.08493432479420135,0.5033130074717302,-0.004265028625265444
0.3080000000000001,0.34600000000000003,0.3459999999999999,0.3750840317213163,-0.06316182889257581,0.07931917925937935,0.5002906868135254,-0.0043630712337424625
0.3090000000000001,0.34600000000000003,0.3449999999999998,0.37670552690903075,-0.06413493457319232,0.07373867593377566,0.49730001320331835,-0.004373870501523014
0.3100000000000001,0.34600000000000003,0.3439999999999999,0.3783138546857544,-0.0651132561804575,0.0681929373322576,0.49434104343194735,-0.004298748264508011
0.3110000000000001,0.34600000000000003,0.3429999999999998,0.37990911835650615,-0.06609673637240371,0.06268208398340827,0.4914138311224898,-0.004139023752272299
0.3120000000000001,0.34600000000000003,0.3419999999999999,0.3814914201381608,-0.06708531760889261,0.05720623438025107,0.48851842675060997,-0.0038960134660103365
0.3130000000000001,0.34600000000000003,0.3409999999999998,0.3830608612144249,-0.06807894215874256,0.051765504938100664,0.4856548776701827,-0.0035710310534719236
0.3140000000000001,0.34600000000000003,0.3399999999999999,0.3846175417905805,-0.06907755210707209,0.04636000995146475,0.4828232281337185,-0.00316538718229995
0.3150000000000001,0.34600000000000003,0.3389999999999998,0.38616156114372263,-0.07008108936254343,0.040989861558084456,0.4800235193178893,-0.0026803894109525914
0.3160000000000001,0.34600000000000003,0.3379999999999999,0.38769301767047637,-0.07108949566472775,0.03565516970123389,0.477255789346644,-0.0021173420572866645
0.3170000000000001,0.34600000000000003,0.3369999999999998,0.3892120089342883,-0.0721027125914827,0.030356042096612617,0.4745200733153518,-0.0014775460663843673
0.3180000000000001,0.34600000000000003,0.3359999999999999,0.3907186317081261,-0.07312068156633712,0.025092584200865478,0.4718164033159284,-0.0007622988763606817
0.2990000000000001,0.34700000000000003,0.3539999999999998,0.358961795547866,-0.05444143989607356,0.1278116109350732,0.5243330936169823,-0.00048532631390398734
0.3000000000000001,0.34700000000000003,0.3529999999999999,0.3607009298799803,-0.05536072454092932,0.1219549793200362,0.5210857861729667,-0.001282761938003113
0.3010000000000001,0.34700000000000003,0.3519999999999998,0.3624259623202125,-0.05628568732264388,0.11613202821801241,0.5178695271194053,-0.001983582276213175
0.3020000000000001,0.34700000000000003,0.3509999999999999,0.3641370092661331,-0.05721627322345715,0.11034289064600881,0.5146843968846263,-0.0025891199991195414
0.3030000000000001,0.34700000000000003,0.3499999999999998,0.3658341853707577,-0.05815242697213933,0.10458769814672471,0.5115304725935416,-0.0031007058041423036
0.3040000000000001,0.34700000000000003,0.3489999999999999,0.36751760362916686,-0.05909409305041519,0.09886658071271515,0.5084078280858052,-0.003519668333412357
0.3050000000000001,0.34700000000000003,0.3479999999999998,0.36918737546168473,-0.060041215699461435,0.09317966671878623,0.5053165339358137,-0.0038473340861917803
0.3060000000000001,0.34700000000000003,0.3469999999999999,0.37084361079282185,-0.060993738926505794,0.08752708285263947,0.5022566574730865,-0.004085027324260731
0.3070000000000001,0.34700000000000003,0.3459999999999998,0.37248641812671557,-0.06195160651155231,0.08190895405303009,0.4992282628018939,-0.004234069973397515
0.3080000000000001,0.34700000000000003,0.3449999999999999,0.37411590461823263,-0.06291476201412438,0.07632540345119668,0.49623141082374533,-0.004295781519227656
0.3090000000000001,0.34700000000000003,0.3439999999999998,0.3757321761418357,-0.06388314878018053,0.07077655231430792,0.4932661592569613,-0.004271478899666014
0.3100000000000001,0.34700000000000003,0.3429999999999999,0.37733533735545866,-0.06485670994899762,0.06526251999398364,0.49033256266033315,-0.004162476392561247
0.3110000000000001,0.34700000000000003,0.3419999999999998,0.3789254917630625,-0.06583538846023598,0.05978342387607071,0.487430672453148,-0.003970085500868151
0.3120000000000001,0.34700000000000003,0.3409999999999999,0.38050274177331794,-0.06681912706094478,0.054339379333333576,0.4845605369397087,-0.003695614833457041
0.3130000000000001,0.34700000000000003,0.3399999999999998,0.382067188754567,-0.067807868312689,0.048930499684763776,0.4817222013318659,-0.0033403699846125366
0.3140000000000001,0.34700000000000003,0.3389999999999999,0.38361893308951617,-0.06880155459875956,0.04355689615276546,0.47891570777081083,-0.0029056534105705266
0.3150000000000001,0.34700000000000003,0.3379999999999998,0.385158074225366,-0.0698001281313071,0.03821867782531875,0.47614109535311694,-0.002392764303332807
0.3160000000000001,0.34700000000000003,0.3369999999999999,0.38668471072154215,-0.07080353095864214,0.03291595162018328,0.47339840015290247,-0.001802998463492845
0.3170000000000001,0.34700000000000003,0.3359999999999998,0.3881989402969714,-0.07181170497247973,0.027648822252663473,0.4706876552471724,-0.0011376481716436947
0.3180000000000001,0.34700000000000003,0.3349999999999999,0.3897008598727646,-0.07282459191524962,0.02241739220460285,0.468008890740254,-0.0003980020580735318
0.2990000000000001,0.34800000000000003,0.3529999999999998,0.3580475130079191,-0.054235857098711863,0.1245616560946163,0.5200771230411319,-0.0007692381921910046
0.3000000000000001,0.34800000000000003,0.3519999999999999,0.3597809635577335,-0.05515083484506129,0.11873601773757897,0.5168554856710141,-0.0015211565205064496
0.3010000000000001,0.34800000000000003,0.3509999999999998,0.36150036699292704,-0.056071447353380106,0.11294414075177647,0.5136648676076703,-0.002177730520809752
0.3020000000000001,0.34800000000000003,0.3499999999999999,0.3632058399644505,-0.056997639832431585,0.10718615485387095,0.5105053468406534,-0.002740286671564153
0.3030000000000001,0.34800000000000003,0.3489999999999998,0.3648974973724485,-0.057929357243874845,0.10146218830712417,0.5073769980842491,-0.0032101492896708
0.3040000000000001,0.34800000000000003,0.3479999999999999,0.36657545245272866,-0.0588665443085738,0.09577236784440774,0.5042798927969392,-0.0035886404504871863
0.3050000000000001,0.34800000000000003,0.3469999999999998,0.3682398168597727,-0.059809145513015485,0.09011681859874734,0.5012140992012323,-0.0038770799027437915
0.3060000000000001,0.34800000000000003,0.3459999999999999,0.36989070074567526,-0.060757105115820574,0.0844956640378188,0.4981796823042123,-0.004076784977780617
0.3070000000000001,0.34800000000000003,0.3449999999999998,0.3715282128354624,-0.06171036715438428,0.0789090259013348,0.49517670391713126,-0.004189070493891214
0.3080000000000001,0.34800000000000003,0.3439999999999999,0.3731524604981055,-0.06266887545152387,0.07335702414257586,0.49220522267824607,-0.004215248655220962
0.3090000000000001,0.34800000000000003,0.3429999999999998,0.37476354981530624,-0.06363257362228418,0.06783977687209235,0.4892652940731712,-0.00415662894723748
0.3100000000000001,0.34800000000000003,0.3419999999999999,0.3763615856453051,-0.06460140508078474,0.0623574003066275,0.48635697045672655,-0.00401451802815969
0.3110000000000001,0.34800000000000003,0.3409999999999998,0.3779466716854019,-0.06557531304710511,0.0569100087202947,0.48348030107607604,-0.0037902196170190687
0.3120000000000001,0.34800000000000003,0.3399999999999999,0.3795189105305807,-0.06655424055427085,0.051497714397484524,0.48063533209279996,-0.0034850343784728448
0.3130000000000001,0.34800000000000003,0.3389999999999998,0.3810784037283614,-0.06753813045527907,0.04612062759053198,0.47782210660581553,-0.0031002598051136365
0.3140000000000001,0.34800000000000003,0.3379999999999999,0.3826252518335025,-0.06852692543015183,0.04077885647920663,0.4750406646752823,-0.0026371900975932297
0.3150000000000001,0.34800000000000003,0.3369999999999998,0.3841595544580895,-0.0695205679930392,0.03547250713306719,0.47229104334659044,-0.0020971160424079014
0.3160000000000001,0.34800000000000003,0.3359999999999999,0.3856814103192375,-0.070519000499413,0.030201683476156236,0.4695732766729521,-0.0014813248882431882
0.3170000000000001,0.34800000000000003,0.3349999999999998,0.3871909172863022,-0.07152216515317283,0.0249664872540265,0.46688739574214094,-0.0007911002204463074
0.3180000000000001,0.34800000000000003,0.3339999999999999,0.38868817242354253,-0.07253000401390432,0.019767018003144943,0.46423342869954,-2.7721834637953885e-05
0.2980000000000001,0.34900000000000003,0.3529999999999999,0.35539558113186004,-0.05312614472530273,0.12716572696375397,0.5190817960199954,-0.0002301223146940791
0.2990000000000001,0.34900000000000003,0.3519999999999998,0.3571375024895346,-0.05403119586134372,0.12133734133822417,0.5158548305138728,-0.0010328164053758498
0.3000000000000001,0.34900000000000003,0.3509999999999999,0.3588653125373632,-0.05494189311306831,0.11554266769700268,0.5126587750287165,-0.0017401024893506783
0.3010000000000001,0.34900000000000003,0.3499999999999998,0.3605791300246188,-0.05585818216239687,0.10978183384554953,0.5094937084100359,-0.0023533030365602142
0.3020000000000001,0.34900000000000003,0.3489999999999999,0.36227907184936836,-0.05678000844427761,0.1040549662320131,0.5063597062383012,-0.0028737382393735737
0.3030000000000001,0.34900000000000003,0.3479999999999998,0.36396525315256967,-0.05770731715280609,0.0983621898668902,0.5032568408476592,-0.0033027259433538285
0.3040000000000001,0.34900000000000003,0.3469999999999999,0.3656377874045657,-0.05864005324746648,0.09270362825174883,0.5001851813448862,-0.0036415815715317643
0.3050000000000001,0.34900000000000003,0.3459999999999998,0.3672967864879592,-0.05957816145942042,0.08707940330884308,0.49714479363097386,-0.003891618041484586
0.3060000000000001,0.34900000000000003,0.3449999999999999,0.368942360776436,-0.06052158629797327,0.0814896353153224,0.49413574042019265,-0.004054145677880837
0.3070000000000001,0.34900000000000003,0.3439999999999998,0.3705746192100007,-0.06147027205709815,0.07593444284119796,0.49115808126087074,-0.0041304721196368105
0.3080000000000001,0.34900000000000003,0.3429999999999999,0.37219366936588627,-0.0624241628220104,0.07041394269050381,0.4882118725577595,-0.004121902221936095
0.3090000000000001,0.34900000000000003,0.3419999999999998,0.37379961752734375,-0.06338320247587692,0.06492824984821206,0.4852971675927261,-0.0040297379555517526
0.3100000000000001,0.34900000000000003,0.3409999999999999,0.375392568747313,-0.06434733470654722,0.059477477426958934,0.48241401654756505,-0.003855278300712464
0.3110000000000001,0.34900000000000003,0.3399999999999998,0.3769726269108744,-0.06531650301339821,0.054061736618457555,0.47956246652546386,-0.0035998191388489052
0.3120000000000001,0.34900000000000003,0.3389999999999999,0.37853989479385397,-0.06629065071417514,0.04868113664802514,0.47674256157497547,-0.0032646531406890795
0.3130000000000001,0.34900000000000003,0.3379999999999998,0.38009447411763764,-0.06726972095195723,0.043335784732910776,0.4739543427118771,-0.0028510696523400877
0.3140000000000001,0.34900000000000003,0.3369999999999999,0.38163646560380265,-0.0682536567020983,0.03802578604128682,0.47119784794379443,-0.0023603545785075373
0.3150000000000001,0.34900000000000003,0.3359999999999998,0.3831659690241457,-0.06924240077925833,0.032751243654263074,0.46847311229350663,-0.0017937902637312252
0.3160000000000001,0.34900000000000003,0.3349999999999999,0.3846830832483985,-0.0702358958444362,0.02751225853237354,0.465780167823703,-0.0011526553722858617
0.3170000000000001,0.34900000000000003,0.3339999999999998,0.3861879062913764,-0.07123408441208572,0.022308929481933158,0.46311904366040046,-0.00043822476654552505
0.2980000000000001,0.35000000000000003,0.3519999999999999,0.35449546824859585,-0.05292661214954155,0.1239361090170119,0.5148674142190827,-0.0005189124387060089
0.2990000000000001,0.35000000000000003,0.3509999999999998,0.3562317378918254,-0.05382745177552075,0.11813857893497191,0.5116659713277145,-0.00127659371800053
0.3000000000000001,0.35000000000000003,0.3499999999999999,0.35795395030956445,-0.05473389473924118,0.11237484010780859,0.5084954090935282,-0.0019401198663955566
0.3010000000000001,0.35000000000000003,0.3489999999999998,0.3596622244979452,-0.05564588694219269,0.10664501708191287,0.5053558039541995,-0.0025108071591774354
0.3020000000000001,0.35000000000000003,0.3479999999999999,0.3613566775958065,-0.05656337404514528,0.10094923306200933,0.5022472291108004,-0.002989969410828755
0.3030000000000001,0.35000000000000003,0.3469999999999998,0.36303742497882985,-0.057486301474162685,0.09528760983771838,0.4991697545475179,-0.0033789179097359796
0.3040000000000001,0.35000000000000003,0.3459999999999999,0.36470458034580966,-0.05841461442679306,0.08966026770817281,0.49612344704941946,-0.0036789613446426804
0.3050000000000001,0.35000000000000003,0.3449999999999998,0.3663582558014682,-0.059348257878247,0.08406732541373274,0.4931083702251517,-0.003891405724738013
0.3060000000000001,0.35000000000000003,0.3439999999999999,0.3679985619351566,-0.06028717658778677,0.07850890006959108,0.4901245845257556,-0.004017554295033881
0.3070000000000001,0.35000000000000003,0.3429999999999998,0.3696256078960522,-0.061231315105138975,0.07298510710595704,0.48717214726642016,-0.0040587074467992295
0.3080000000000001,0.35000000000000003,0.3419999999999999,0.3712395014639711,-0.06218061777700223,0.06749606020890128,0.48425111264815535,-0.004016162622767643
0.3090000000000001,0.35000000000000003,0.3409999999999998,0.3728403491180487,-0.06313502875367215,0.06204187126649082,0.48136153177842167,-0.0038912142193600584
0.3100000000000001,0.35000000000000003,0.3399999999999999,0.37442825610035424,-0.0640944919956545,0.05662265031622057,0.47850345269501315,-0.003685153483646071
0.3110000000000001,0.35000000000000003,0.3389999999999998,0.37600332647832047,-0.06505895128044736,0.051238505498196,0.47567692038661824,-0.0033992684089640176
0.3120000000000001,0.35000000000000003,0.3379999999999999,0.37756566320330875,-0.06602835020927418,0.045889543010469845,0.47288197681744254,-0.003034843626367507
0.3130000000000001,0.35000000000000003,0.3369999999999998,0.3791153681652722,-0.06700263221394549,0.040575867064178026,0.4701186609495121,-0.0025931602930781665
0.3140000000000001,0.35000000000000003,0.3359999999999999,0.3806525422473996,-0.0679817405637329,0.03529757984497362,0.467387008766489,-0.002075495979843539
0.3150000000000001,0.35000000000000003,0.3349999999999998,0.38217728537618345,-0.06896561837227022,0.03005478147781673,0.4646870532982314,-0.0014831245560941236
0.3160000000000001,0.35000000000000003,0.3339999999999999,0.38368969656898744,-0.06995420860455556,0.02484756998995438,0.46201882464356064,-0.0008173160726513608
0.3170000000000001,0.35000000000000003,0.3329999999999998,0.38518987398122695,-0.0709474540838731,0.019676041279662753,0.45938234999690414,-7.933664362822467e-05
0.2980000000000001,0.35100000000000003,0.3509999999999999,0.3535995326950164,-0.05272796672455267,0.12073198407171275,0.510686310614212,-0.0007875523578553013
0.2990000000000001,0.35100000000000003,0.3499999999999998,0.35533019330808,-0.053624620449683864,0.11496528070479616,0.5075103026121189,-0.0015010925029549996
0.3000000000000001,0.35100000000000003,0.3489999999999999,0.3570468505637425,-0.05452683513642537,0.10923244545724536,0.5043651445674517,-0.002121718431819866
0.3010000000000001,0.35100000000000003,0.3479999999999998,0.35874962369869007,-0.05543455690552429,0.10353359964243329,0.5012509105403692,-0.002650740132514439
0.3020000000000001,0.35100000000000003,0.3469999999999999,0.3604386300864403,-0.05634773164318833,0.09786886325300125,0.49816767138207413,-0.0030894649550016265
0.3030000000000001,0.35100000000000003,0.3459999999999998,0.3621139853312815,-0.05726630500700082,0.09223835488490553,0.49511549475531125,-0.003439197547661657
0.3040000000000001,0.35100000000000003,0.3449999999999999,0.36377580335446785,-0.05819022243197722,0.08664219166382002,0.4920944451541499,-0.003701239786331644
0.3050000000000001,0.35100000000000003,0.3439999999999998,0.36542419647692864,-0.05911942913673415,0.08108048917703109,0.4891045839239022,-0.00387689069805942
0.3060000000000001,0.35100000000000003,0.3429999999999999,0.3670592754979262,-0.06005387012973011,0.07555336140933194,0.4861459692824086,-0.003967446379243258
0.3070000000000001,0.35100000000000003,0.3419999999999998,0.3686811497700494,-0.060993490215624814,0.07006092067928961,0.48321865634063826,-0.003974199908391983
0.3080000000000001,0.35100000000000003,0.3409999999999999,0.3702899272700371,-0.06193823400169702,0.06460327758378535,0.4803226971245602,-0.0038984412551858923
0.3090000000000001,0.35100000000000003,0.3399999999999998,0.37188571466736764,-0.06288804590434115,0.05918054094389848,0.47745814059726455,-0.0037414571853709444
0.3100000000000001,0.35100000000000003,0.3389999999999999,0.37346861738783466,-0.06384287015565206,0.05379281775356047,0.474625032680777,-0.0035045311616706456
0.3110000000000001,0.35100000000000003,0.3379999999999998,0.37503873967585666,-0.06480265081005743,0.04844021313108202,0.4718234162787785,-0.0031889432416609027
0.3120000000000001,0.35100000000000003,0.3369999999999999,0.3765961846529736,-0.06576733175100284,0.04312283027439927,0.46905333129982035,-0.0027959699727179
0.3130000000000001,0.35100000000000003,0.3359999999999998,0.3781410543725846,-0.06673685669768882,0.03784077042063568,0.46631481468081687,-0.0023268842846748267
0.3140000000000001,0.35100000000000003,0.3349999999999999,0.37967344987446816,-0.06771116921185928,0.032594132805161706,0.46360790041066846,-0.001782955379922617
0.3150000000000001,0.35100000000000003,0.3339999999999998,0.3811934712347446,-0.06869021270465792,0.027383014624505174,0.46093261955332654,-0.0011654486216352688
0.3160000000000001,0.35100000000000003,0.3329999999999999,0.3827012176135165,-0.06967393044344132,0.022207511003099766,0.45828900027370495,-0.00047562542032383685
0.2970000000000001,0.352,0.35099999999999987,0.35096858415115306,-0.05164328343018839,0.12332299494837419,0.5097196489023176,-0.00027331696668588673
0.2980000000000001,0.352,0.35,0.3527077491566822,-0.052530204265207436,0.11755326485450758,0.5065382445918031,-0.001036566733582503
0.2990000000000001,0.352,0.34899999999999987,0.35443284302416395,-0.05342269750914178,0.11181735803741416,0.5033875833191677,-0.0017068249224647149
0.3000000000000001,0.352,0.348,0.35614398718628815,-0.0543207097359408,0.10611539382603191,0.5002677399940658,-0.0022853979027582932
0.3010000000000001,0.352,0.34699999999999986,0.3578413011141588,-0.05522418728532024,0.100447490329922,0.49717878632753737,-0.0027735892876915337
0.3020000000000001,0.352,0.346,0.3595249024098902,-0.056133076268504896,0.09481376435782453,0.4941207908509644,-0.0031726998787651763
0.3030000000000001,0.352,0.34499999999999986,0.3611949069003999,-0.05704732257408546,0.08921433134117827,0.49109381893571524,-0.003484027605047565
0.3040000000000001,0.352,0.344,0.3628514287235022,-0.057966871874,0.08364930526118547,0.48809793281274744,-0.003708867455119679
0.3050000000000001,0.352,0.34299999999999986,0.36449458041054267,-0.05889166962956873,0.0781187985820575,0.485133191594511,-0.0038485114034167173
0.3060000000000001,0.352,0.34199999999999997,0.36612447296490025,-0.05982166109771498,0.07262292218495658,0.48219965129386694,-0.003904248331395379
0.3070000000000001,0.352,0.34099999999999986,0.3677412159369835,-0.060756791337177235,0.06716178530795042,0.4792973648470582,-0.0038773639435029945
0.3080000000000001,0.352,0.33999999999999997,0.3693449174949131,-0.06169700521486186,0.06173549548857914,0.4764263821348278,-0.00376914067897449
0.3090000000000001,0.352,0.33899999999999986,0.37093568449305103,-0.06264224741228973,0.056344158510586335,0.47358675000329753,-0.0035808576202407596
0.3100000000000001,0.352,0.33799999999999997,0.37251362253551656,-0.06359246243201669,0.05098787835309541,0.47077851228854395,-0.003313790396455199
0.3110000000000001,0.352,0.33699999999999986,0.3740788360384328,-0.06454759460422306,0.04566675714241692,0.4680017098377177,-0.0029692110849565377
0.3120000000000001,0.352,0.33599999999999997,0.3756314282883859,-0.06550758809331031,0.04038089510817817,0.4652563805322923,-0.00254838810962032
0.3130000000000001,0.352,0.33499999999999985,0.3771715014970885,-0.06647238690451863,0.03513039054221977,0.4625425593125792,-0.0020525861363812426
0.3140000000000001,0.352,0.33399999999999996,0.378699156855883,-0.06744193489066569,0.029915339758985124,0.45986027820001524,-0.001483065967193515
0.3150000000000001,0.352,0.33299999999999985,0.38021449458563267,-0.06841617575884001,0.024735837057529454,0.457209566322604,-0.0008410844308984885
0.3160000000000001,0.352,0.33199999999999996,0.3817176139843935,-0.0693950530771976,0.01959197469063027,0.45459044993836756,-0.00012789427419878773
0.2970000000000001,0.353,0.34999999999999987,0.35008650555887694,-0.051450493218547506,0.12013890400949429,0.5055790925416253,-0.0005468788575093107
0.2980000000000001,0.353,0.349,0.35182009250575347,-0.0523333206022908,0.11439986365449697,0.5024229773324723,-0.0012664700478266372
0.2990000000000001,0.353,0.34799999999999986,0.35353966151689126,-0.05322167859669404,0.1086947219091389,0.4992975742129046,-0.001894293104922267
0.3000000000000001,0.353,0.347,0.3552453342589579,-0.05411551398826016,0.10302359490741068,0.4962029557451415,-0.0024316481102891092
0.3010000000000001,0.353,0.34599999999999986,0.35693723043141057,-0.05501477333533155,0.09738659758350221,0.49313919132064227,-0.0028798322177502854
0.3020000000000001,0.353,0.345,0.35861546785897475,-0.05591940297373749,0.0917838435907022,0.4901063471797679,-0.003240139600352486
0.3030000000000001,0.353,0.34399999999999986,0.36028016258530066,-0.05682934902256579,0.08621544522478017,0.4871044864316627,-0.003513861392172822
0.3040000000000001,0.353,0.34299999999999997,0.36193142895897756,-0.05774455739005972,0.08068151335240732,0.48413366907400446,-0.0037022856232491307
0.3050000000000001,0.353,0.34199999999999986,0.3635693797160025,-0.058664973779582394,0.07518215734236673,0.4811939520145093,-0.0038066971483228743
0.3060000000000001,0.353,0.34099999999999997,0.36519412605826024,-0.059590543695735625,0.06971748500248673,0.47828538909060003,-0.0038283775713400473
0.3070000000000001,0.353,0.33999999999999986,0.3668057777284066,-0.060521212450488734,0.06428760251895438,0.475408031092365,-0.0037686051641994366
0.3080000000000001,0.353,0.33899999999999997,0.3684044430804995,-0.06145692516945139,0.05889261440011051,0.4725619257835255,-0.0036286547818526298
0.3090000000000001,0.353,0.33799999999999986,0.3699902291483755,-0.06239762679821254,0.053532623420755675,0.4697471179231103,-0.003409797772935444
0.3100000000000001,0.353,0.33699999999999997,0.3715632417092174,-0.06334326210870883,0.04820773057571492,0.4669636492888345,-0.003113301887737044
0.3110000000000001,0.353,0.33599999999999985,0.3731235853456576,-0.06429377570568591,0.04291803502904866,0.4642115586996848,-0.0027404311818017366
0.3120000000000001,0.353,0.33499999999999996,0.3746713635042238,-0.06524911203320166,0.03766363407191018,0.4614908820393066,-0.0022924459178787293
0.3130000000000001,0.353,0.33399999999999985,0.37620667854993106,-0.06620921538122347,0.03244462308084961,0.45880165227824826,-0.0017706024649089365
0.3140000000000001,0.353,0.33299999999999996,0.3777296318207211,-0.06717402989216073,0.027261095477923398,0.4561438995001593,-0.0011761531944057078
0.3150000000000001,0.353,0.33199999999999985,0.37924032367744065,-0.06814349956757762,0.02211314269704864,0.4535176509235855,-0.0005103463764255757
0.2960000000000001,0.354,0.35,0.3474663476950427,-0.05038533637923401,0.12272231194134854,0.5046327058280781,-3.23557448069986e-05
0.2970000000000001,0.354,0.34899999999999987,0.3492084872036517,-0.05125855299297148,0.11698007337699509,0.5014711855882661,-0.0008009878419015341
0.2980000000000001,0.354,0.348,0.3509365377994788,-0.052137311581665714,0.11127169234201335,0.49834027179521473,-0.001477766779533516
0.2990000000000001,0.354,0.34699999999999986,0.3526506234524558,-0.053021559371764865,0.10559728290119344,0.495240037853331,-0.002063989320186199
0.3000000000000001,0.354,0.346,0.35435086605719873,-0.05391124336206952,0.0999569580229968,0.49217055400608145,-0.0025609491725123827
0.3010000000000001,0.354,0.34499999999999986,0.3560373855355494,-0.05480631032918553,0.09435082949494507,0.48913188735478885,-0.0029699369499525917
0.3020000000000001,0.354,0.344,0.35771029992894615,-0.0557067068331114,0.08877900784326123,0.48612410187758,-0.0032922401205332484
0.3030000000000001,0.354,0.34299999999999986,0.35936972549196344,-0.05661237922290031,0.08324160225682317,0.48314725845049533,-0.00352914295103998
0.3040000000000001,0.354,0.34199999999999997,0.36101577677818864,-0.05752327364249897,0.0777387205147334,0.4802014148663806,-0.0036819264446575524
0.3050000000000001,0.354,0.34099999999999986,0.3626485667226828,-0.058439336036615996,0.07227046892137447,0.4772866258569919,-0.0037518682731987173
0.3060000000000001,0.354,0.33999999999999997,0.3642682067202833,-0.0593605121567422,0.06683695224042478,0.4744029431132729,-0.0037402427035960265
0.3070000000000001,0.354,0.33899999999999986,0.3658748067004063,-0.060286747567209586,0.061438273634719986,0.47155041530782227,-0.0036483205197782777
0.3080000000000001,0.354,0.33799999999999997,0.3674684751976413,-0.06121798765138668,0.0560745346118942,0.4687290881156412,-0.003477368941183775
0.3090000000000001,0.354,0.33699999999999986,0.3690493194200547,-0.062154177617900166,0.05074583496896138,0.46593900423699103,-0.003228651536192638
0.3100000000000001,0.354,0.33599999999999997,0.3706174453126699,-0.06309526250693714,0.04545227274529237,0.46318020342006166,-0.002903428133156985
0.3110000000000001,0.354,0.33499999999999985,0.3721729576195074,-0.06404118719662785,0.04019394417210154,0.4604527224833046,-0.0025029547271781354
0.3120000000000001,0.354,0.33399999999999996,0.37371595994199663,-0.06499189640941633,0.03497094363124866,0.457756595340387,-0.002028483385121422
0.3130000000000001,0.354,0.33299999999999985,0.3752465547935422,-0.06594733471861002,0.029783363614471238,0.45509185302102856,-0.001481262148282184
0.3140000000000001,0.354,0.33199999999999996,0.37676484365389,-0.06690744655481697,0.024631294682811417,0.45245852369746486,-0.0008625349317255265
0.3150000000000001,0.354,0.33099999999999985,0.3782709270190538,-0.06787217621252789,0.01951482543274412,0.44985663270758297,-0.0001735414231870012
0.2960000000000001,0.355,0.349,0.34659791279148927,-0.05019824527107623,0.11955810058937194,0.5005320689049113,-0.0003107030117657991
0.2970000000000001,0.355,0.34799999999999986,0.3483345047132042,-0.05106745879585006,0.11384641580924915,0.497395693176318,-0.00103615068754025
0.2980000000000001,0.355,0.347,0.35005706027858113,-0.05194217306506288,0.10816866238244022,0.4942898927077795,-0.0016709515761910466
0.2990000000000001,0.355,0.34599999999999986,0.3517657036848458,-0.0528223355111961,0.10252495121649198,0.49121473858623294,-0.0022163961507779134
0.3000000000000001,0.355,0.345,0.3534605570485658,-0.05370789334505808,0.09691539214147332,0.4881702987654666,-0.002673771665080805
0.3010000000000001,0.355,0.34399999999999986,0.3551417405080949,-0.05459879356116708,0.09134009382728377,0.4851566380846801,-0.0030443621150840414
0.3020000000000001,0.355,0.34299999999999997,0.3568093723157655,-0.05549498294321225,0.08579916370117296,0.4821738182893973,-0.0033294481902782225
0.3030000000000001,0.355,0.34199999999999986,0.35846356893134057,-0.056396408069697826,0.08029270787337021,0.4792218980501721,-0.003530307221418465
0.3040000000000001,0.355,0.34099999999999997,0.3601044451078175,-0.057303015319623236,0.07482083106621999,0.4763009329845716,-0.003648213120365517
0.3050000000000001,0.355,0.33999999999999986,0.361732113973719,-0.058214750878326116,0.06938363654687535,0.47341097567713253,-0.003684436315064526
0.3060000000000001,0.355,0.33899999999999997,0.3633466871113443,-0.0591315607434081,0.06398122606319177,0.47055207570016383,-0.0036402436790936073
0.3070000000000001,0.355,0.33799999999999986,0.36494827463152857,-0.06005339073068879,0.05861369978542647,0.46772427963706015,-0.003516898456644971
0.3080000000000001,0.355,0.33699999999999997,0.36653698524408423,-0.06098018648033079,0.05328115624935859,0.4649276311025618,-0.0033156601834457688
0.3090000000000001,0.355,0.33599999999999985,0.36811292632609893,-0.06191189346295948,0.04798369230362962,0.46216217076624355,-0.003037784603684911
0.3100000000000001,0.355,0.33499999999999996,0.3696762039852742,-0.06284845698589651,0.04272140306020479,0.4594279363746014,-0.0026845235835403075
0.3110000000000001,0.355,0.33399999999999985,0.37122692312202926,-0.06378982219942145,0.037494381848505,0.4567249627746124,-0.0022571250219387204
0.3120000000000001,0.355,0.33299999999999996,0.37276518748776055,-0.06473593410313165,0.03230272017098593,0.4540532819360795,-0.001756832758324561
0.3130000000000001,0.355,0.33199999999999985,0.3742910997393767,-0.06568673755228704,0.02714650766315533,0.4514129229764973,-0.001184886477905653
0.3140000000000001,0.355,0.33099999999999996,0.3758047614936499,-0.06664217726424747,0.022025832054302908,0.4488039121844839,-0.0005425216150385017
0.2960000000000001,0.356,0.348,0.3457334484175315,-0.0500119723323219,0.11641900531379107,0.49646370060559475,-0.0005697673661618774
0.2970000000000001,0.356,0.34699999999999986,0.34746453389311993,-0.05087720668371113,0.11073784365612419,0.49335238217777816,-0.0012528643604770226
0.2980000000000001,0.356,0.346,0.34918163536584496,-0.051747900929820984,0.10509068485728555,0.49027160655331764,-0.0018465094248855327
0.2990000000000001,0.356,0.34499999999999986,0.3508848772542739,-0.05262400270895964,0.0994776366960987,0.4872214425299115,-0.002351986660747412
0.3000000000000001,0.356,0.344,0.3525743818910701,-0.05350545944365172,0.0938988058935474,0.48420195579985775,-0.0027705767890647444
0.3010000000000001,0.356,0.34299999999999986,0.35425026962525846,-0.05439221834592323,0.08835429802875616,0.4812132089694977,-0.0031035571137945465
0.3020000000000001,0.356,0.34199999999999997,0.35591265891437207,-0.05528422642268458,0.0828442174596061,0.4782552615801443,-0.003352201476352911
0.3030000000000001,0.356,0.34099999999999986,0.35756166641771375,-0.056181430481325074,0.0773686672459212,0.47532817012566775,-0.0035177802056424335
0.3040000000000001,0.356,0.33999999999999997,0.3591974070821121,-0.057083777135275765,0.07192774908119466,0.47243198807600123,-0.003601560060710175
0.3050000000000001,0.356,0.33899999999999986,0.360819994224086,-0.05799121280978039,0.06652156322448267,0.469566765896758,-0.003604804168332686
0.3060000000000001,0.356,0.33799999999999997,0.36242953960803675,-0.05890368374772968,0.06115020843783727,0.4667325510704242,-0.0035287719555975403
0.3070000000000001,0.356,0.33699999999999986,0.3640261535208813,-0.059821136015548726,0.05581378192672857,0.4639293881191007,-0.003374719077537152
0.3080000000000001,0.356,0.33599999999999997,0.36560994484244635,-0.06074351550922359,0.050512379284532206,0.46115731862534487,-0.0031438973411021427
0.3090000000000001,0.356,0.33499999999999985,0.36718102111369094,-0.06167076796034084,0.04524609444005537,0.4584163812555392,-0.0028375546250845388
0.3100000000000001,0.356,0.33399999999999996,0.3687394886000091,-0.06260283894220903,0.040015019609172475,0.455706611782938,-0.0024569347967347164
0.3110000000000001,0.356,0.33299999999999985,0.37028545235322285,-0.06353967387608206,0.03481924524743758,0.4530280431095704,-0.0020032776254616065
0.3120000000000001,0.356,0.33199999999999996,0.3718190162698207,-0.06448121803738362,0.029658860007059258,0.45038070529031893,-0.001477818693668232
0.3130000000000001,0.356,0.33099999999999985,0.3733402831454502,-0.0654274165619899,0.024533950697222154,0.44776462555691454,-0.0008817893053350168
0.3140000000000001,0.356,0.32999999999999996,0.37484935472925307,-0.06637821445256627,0.019444602246021556,0.44517982834182385,-0.00021641639275656824
0.2950000000000001,0.357,0.34799999999999986,0.3431332524595691,-0.0489707062499004,0.11898957626463977,0.49554415812264746,-7.893017918340905e-05
0.2960000000000001,0.357,0.347,0.3448729309339693,-0.04982651380710598,0.11330493934448115,0.4924273699231893,-0.0008100480332209371
0.2970000000000001,0.357,0.34599999999999986,0.3465985507253211,-0.050687792727072835,0.10765426887300836,0.4893410211897124,-0.0014516161930008403
0.2980000000000001,0.357,0.345,0.34831023866453725,-0.05155449106874581,0.10203767047767213,0.486285181556272,-0.002004915819289646
0.2990000000000001,0.357,0.34399999999999986,0.3500081193856525,-0.05242655667601538,0.09645524883670918,0.4832599175601484,-0.0024712245626110144
0.3000000000000001,0.357,0.34299999999999997,0.3516923154315926,-0.05330393718280444,0.09090710758873041,0.480265292660451,-0.002851816536027979
0.3010000000000001,0.357,0.34199999999999986,0.3533629473563586,-0.054186580018238534,0.08539334925132411,0.4773013672591696,-0.0031479622809235525
0.3020000000000001,0.357,0.34099999999999997,0.35502013381699654,-0.055074432411976224,0.07991407513946727,0.4743681987211088,-0.0033609287237805242
0.3030000000000001,0.357,0.33999999999999986,0.35666399166684093,-0.05596744139970207,0.07446938529302857,0.4714658413924184,-0.00349197912942357
0.3040000000000001,0.357,0.33899999999999997,0.3582946360410604,-0.05686555382862996,0.06905937840463022,0.4685943466233466,-0.0035423730456248022
0.3050000000000001,0.357,0.33799999999999986,0.35991218043879064,-0.05776871636317241,0.06368415175442418,0.46575376278871383,-0.003513366243786663
0.3060000000000001,0.357,0.33699999999999997,0.3615167368011984,-0.058676875490701545,0.058343801146404986,0.46294413530881484,-0.0034062106540645853
0.3070000000000001,0.357,0.33599999999999985,0.3631084155860704,-0.059589977527349,0.05303842085058521,0.4601655066723952,-0.0032221542961506523
0.3080000000000001,0.357,0.33499999999999996,0.36468732583813784,-0.06050796862393987,0.047768103547968836,0.4574179164578547,-0.00296244120614092
0.3090000000000001,0.357,0.33399999999999985,0.3662535752571621,-0.0614307947719575,0.04253294027594902,0.45470140135630277,-0.0026283113588951735
0.3100000000000001,0.357,0.33299999999999996,0.3678072702612505,-0.06235840180958871,0.03733302038296678,0.4520159951943508,-0.002221000588367877
0.3110000000000001,0.357,0.33199999999999985,0.3693485160487619,-0.06329073542782983,0.03216843148036039,0.44936172895715293,-0.0017417405038835333
0.3120000000000001,0.357,0.33099999999999996,0.3708774166564848,-0.06422774117664248,0.02703925939926993,0.4467386308118852,-0.0011917584040861086
0.3130000000000001,0.357,0.32999999999999985,0.3723940750141414,-0.06516936447115036,0.02194558815315403,0.44414672613172534,-0.0005722771891448972
0.2950000000000001,0.358,0.34699999999999986,0.34228213542864433,-0.048789949957009505,0.11587006447622979,0.4915147213736282,-0.0003428138814158578
0.2960000000000001,0.358,0.346,0.34401633687242295,-0.0496418659524811,0.11021581550941459,0.488422847547921,-0.0010320346319742588
0.2970000000000001,0.358,0.34499999999999986,0.345736531366715,-0.050499213010785984,0.10459560304105683,0.4853613805227548,-0.0016328840500009073
0.2980000000000001,0.358,0.344,0.34744284595702557,-0.051361939390412614,0.09900952960506186,0.4823303876718899,-0.0021466369247145345
0.2990000000000001,0.358,0.34299999999999986,0.3491354054870517,-0.05222999314060436,0.09345769680654244,0.47932993329940615,-0.0025745643802876327
0.3000000000000001,0.358,0.34199999999999997,0.350814332704306,-0.053103322106313744,0.08794020523148219,0.4763600786606934,-0.0029179338502651787
0.3010000000000001,0.358,0.34099999999999986,0.3524797483620893,-0.05398187393334589,0.08245715436250169,0.47342088198147014,-0.0031780090456550968
0.3020000000000001,0.358,0.33999999999999997,0.3541317713114709,-0.054865596073625504,0.07700864250262131,0.4705123984772552,-0.00335604991540691
0.3030000000000001,0.358,0.33899999999999986,0.35577051859427367,-0.05575443579053918,0.07159476669748883,0.4676346803748039,-0.003453312600234461
0.3040000000000001,0.358,0.33799999999999997,0.3573961055286347,-0.05664834016440857,0.06621562266824287,0.46478777693292705,-0.0034710493814274785
0.3050000000000001,0.358,0.33699999999999986,0.35900864579097047,-0.05754725609807452,0.060871304743834856,0.46197173446321294,-0.003410508623541546
0.3060000000000001,0.358,0.33599999999999997,0.3606082514940441,-0.05845113032256163,0.055561905801111026,0.45918659635155984,-0.0032729347129552295
0.3070000000000001,0.358,0.33499999999999985,0.3621950332613382,-0.05935990940280306,0.05028751720229241,0.45643240308091787,-0.003059567990367681
0.3080000000000001,0.358,0.33399999999999996,0.3637691002973946,-0.06027353974347386,0.04504822874362389,0.4537091922531744,-0.0027716446811935393
0.3090000000000001,0.358,0.33299999999999985,0.3653305604558553,-0.06119196759489044,0.03984412860193424,0.4510169986115683,-0.002410396821212004
0.3100000000000001,0.358,0.33199999999999996,0.3668795203026445,-0.062115139058985754,0.034675303286916453,0.44835585406302314,-0.001977052179284666
0.3110000000000001,0.358,0.33099999999999985,0.3684160851778505,-0.06304300009526191,0.02954183759452443,0.4457257877036313,-0.0014728341765185464
0.3120000000000001,0.358,0.32999999999999996,0.36994035925386254,-0.06397549652694325,0.024443814564481525,0.44312682583922486,-0.0008989618038505749
0.3130000000000001,0.358,0.32899999999999985,0.37145244558981144,-0.06491257404702017,0.019381315442323847,0.44055899201171145,-0.00025664953675178827
0.2950000000000001,0.359,0.34599999999999986,0.3414348783079112,-0.04860997757462882,0.11277543941745523,0.48751695243133,-0.0005880739440056217
0.2960000000000001,0.359,0.345,0.34316364293405494,-0.04945802503849703,0.10715154625553139,0.4844499058579843,-0.0012362073394692752
0.2970000000000001,0.359,0.34399999999999986,0.3448784521476871,-0.05031146363409543,0.10156175738018812,0.4814132321918661,-0.0017971364904802861
0.2980000000000001,0.359,0.34299999999999997,0.3465794332031727,-0.05117024181926801,0.09600617226190165,0.47840699657448865,-0.0022721297387169083
0.2990000000000001,0.359,0.34199999999999986,0.34826671114816854,-0.0520343078483001,0.09048488946084492,0.47543126110636497,-0.0026624516092294027
0.3000000000000001,0.359,0.34099999999999997,0.3499404089290818,-0.05290360977685361,0.08499800653594435,0.4724860848657116,-0.002969362787586723
0.3010000000000001,0.359,0.33999999999999986,0.35160064749302733,-0.053778095466975394,0.07954561996576057,0.46957152392996343,-0.003194120090694816
0.3020000000000001,0.359,0.33899999999999997,0.35324754587953394,-0.054657712592309754,0.07412782506602907,0.466687631394329,-0.00333797642860411
0.3030000000000001,0.359,0.33799999999999986,0.3548812213135789,-0.05554240864335959,0.06874471591893265,0.4638344573934076,-0.003402180762297209
0.3040000000000001,0.359,0.33699999999999997,0.35650178929095255,-0.05643213093289579,0.06339638530247713,0.4610120491214685,-0.0033879780544048485
0.3050000000000001,0.359,0.33599999999999985,0.35810936366014434,-0.057326826601415797,0.058082924623801324,0.4582204508549793,-0.0032966092143152
0.3060000000000001,0.359,0.33499999999999996,0.35970405670027306,-0.058226442622746774,0.05280442385775446,0.4554597039733922,-0.003129311039228956
0.3070000000000001,0.359,0.33399999999999985,0.36128597919552685,-0.059130925809712506,0.04756097149028076,0.45272984698104823,-0.0028873161509426586
0.3080000000000001,0.359,0.33299999999999996,0.3628552405053043,-0.06004022281986447,0.042352654462588235,0.4500309155298704,-0.0025718529277973462
0.3090000000000001,0.359,0.33199999999999985,0.3644119486321698,-0.060954280161269234,0.03717955811751621,0.44736294244283714,-0.002184145432891727
0.3100000000000001,0.359,0.33099999999999996,0.36595621028505826,-0.06187304419843809,0.03204176615511804,0.4447259577349466,-0.001725413340727352
0.3110000000000001,0.359,0.32999999999999985,0.36748813094109,-0.06279646115819192,0.026939360585888947,0.4421199886388773,-0.0011968718592104332
0.3120000000000001,0.359,0.32899999999999996,0.3690078149036342,-0.06372447713569387,0.021872421687721792,0.43954505962680795,-0.0005997316498290266
0.2940000000000001,0.36,0.346,0.33885405682815156,-0.04759198646001259,0.11533325774463664,0.48662320436957435,-0.00012003439876878338
0.2950000000000001,0.36,0.34499999999999986,0.3405914583335481,-0.04843078555106963,0.10970561439733491,0.483550625716021,-0.000815192799812757
0.2960000000000001,0.36,0.344,0.34231482598810714,-0.04927498734799969,0.10411204366091682,0.48050831890264,-0.0014230370527452234
0.2970000000000001,0.36,0.34299999999999986,0.34402428957076386,-0.05012454071041881,0.09855264276829133,0.4774963498993212,-0.0019448329298842673
0.2980000000000001,0.36,0.34199999999999997,0.34571997653902187,-0.050979394295309795,0.09302750815345429,0.4745147816435563,-0.002381842251945359
0.2990000000000001,0.36,0.34099999999999986,0.34740201213882604,-0.051839496561739515,0.0875367353577199,0.4715636740588841,-0.0027353228756588927
0.3000000000000001,0.36,0.33999999999999997,0.3490705195099749,-0.05270479577566656,0.08208041894288477,0.4686430840758236,-0.0030065286734095257
0.3010000000000001,0.36,0.33899999999999986,0.35072561978787814,-0.05357524001496076,0.0766586524096424,0.46575306564985464,-0.003196709506750231
0.3020000000000001,0.36,0.33799999999999997,0.35236743219519734,-0.05445077717445113,0.07127152811730847,0.4628936697836276,-0.003307111190138632
0.3030000000000001,0.36,0.33699999999999986,0.35399607413470613,-0.055331354971138565,0.06591913721110974,0.46006494454738844,-0.0033389754510540163
0.3040000000000001,0.36,0.33599999999999997,0.35561166127458993,-0.056216920949535114,0.06060156955333238,0.4572669350989676,-0.003293539883680559
0.3050000000000001,0.36,0.33499999999999985,0.3572143076302705,-0.05710742248703524,0.05531891365821517,0.4544996837066742,-0.0031720378968867705
0.3060000000000001,0.36,0.33399999999999996,0.3588041256422162,-0.05800280679944956,0.05007125662953741,0.4517632297697127,-0.0029756986577681235
0.3070000000000001,0.36,0.33299999999999985,0.36038122625028507,-0.05890302094654031,0.044858684103718634,0.4490576098420038,-0.0027057470306766484
0.3080000000000001,0.36,0.33199999999999996,0.3619457189637763,-0.05980801183772118,0.03968128019370911,0.44638285765299446,-0.0023634035122228805
0.3090000000000001,0.36,0.33099999999999985,0.3634977119294332,-0.060717726237768006,0.034539127439883376,0.4437390041309993,-0.0019498841633677636
0.3100000000000001,0.36,0.32999999999999996,0.365037311994471,-0.06163211077259279,0.02943230676154554,0.44112607742678717,-0.0014664005374679916
0.3110000000000001,0.36,0.32899999999999985,0.36656462476836293,-0.06255111193512103,0.024360897411535805,0.43854410293581997,-0.0009141596060564805
0.3120000000000001,0.36,0.32799999999999996,0.36807975468085113,-0.0634746760911447,0.019324976933329793,0.43599310332346247,-0.00029436368139492634
0.2940000000000001,0.361,0.345,0.3380198598300102,-0.0474173548233545,0.11225792423904583,0.48266340996043994,-0.00037013870717019295
0.2950000000000001,0.361,0.34399999999999986,0.3397518529045893,-0.04825237034654935,0.10666050235071618,0.47961551729458185,-0.0010246436265065502
0.2960000000000001,0.361,0.34299999999999997,0.3414698630706413,-0.04909274917704712,0.10109721945495344,0.47659786239478363,-0.0015929855474502604
0.2970000000000001,0.361,0.34199999999999986,0.3431740203091831,-0.049938440367750664,0.09556816975582921,0.4736105090272274,-0.002076423796533701
0.2980000000000001,0.361,0.34099999999999997,0.34486445227521406,-0.05078939277456702,0.09007344667776568,0.47065351795254573,-0.0024762136035281802
0.2990000000000001,0.361,0.33999999999999986,0.34654128440747056,-0.051645555061013836,0.0846131427731016,0.4677269469459056,-0.0027936060910151144
0.3000000000000001,0.361,0.33899999999999997,0.3482046400336451,-0.05250687570300822,0.07918734963327524,0.46483085081565567,-0.003029848256410188
0.3010000000000001,0.361,0.33799999999999986,0.3498546404720362,-0.053373302993722005,0.07379615780856762,0.46196528142502036,-0.00318618294706788
0.3020000000000001,0.361,0.33699999999999997,0.35149140512310406,-0.05424478504864339,0.0684396567292146,0.4591302877106416,-0.0032638488276230497
0.3030000000000001,0.361,0.33599999999999985,0.35311505156220413,-0.05512126981066026,0.06311793463249733,0.4563259157051952,-0.0032640803419350505
0.3040000000000001,0.361,0.33499999999999996,0.35472569562480344,-0.05600270505530859,0.057831078494854755,0.4535522085578785,-0.0031881076693997534
0.3050000000000001,0.361,0.33399999999999985,0.35632345148813144,-0.05688903839611194,0.05257917396402308,0.4508092065554997,-0.003037156675249923
0.3060000000000001,0.361,0.33299999999999996,0.3579084317490025,-0.057780217289979924,0.04736230530075452,0.44809694714507387,-0.0028124488571804537
0.3070000000000001,0.361,0.33199999999999985,0.3594807474980295,-0.0586761890427047,0.04218055532030143,0.44541546495608475,-0.0025152012870052944
0.3080000000000001,0.361,0.33099999999999996,0.3610405083896644,-0.05957690081456669,0.0370340053388415,0.44276479182182904,-0.002146626548852392
0.3090000000000001,0.361,0.32999999999999985,0.36258782271001266,-0.060482299625926265,0.03192273512023571,0.44014495680412513,-0.00170793267279256
0.3100000000000001,0.361,0.32899999999999996,0.36412279743991366,-0.06139233236298071,0.026846822831889012,0.437555986214538,-0.0012003230671319412
0.3110000000000001,0.361,0.32799999999999985,0.36564553831663166,-0.0623069457834903,0.02180634499818789,0.4349979036390894,-0.0006249964463330695
0.2940000000000001,0.362,0.344,0.3371894156235462,-0.04724347429699726,0.10920724984928917,0.4787346985450454,-0.0006022524878753488
0.2950000000000001,0.362,0.34299999999999986,0.3389160395816436,-0.048074728432705674,0.1036400158549901,0.4757114048682343,-0.001216890504068053
0.2960000000000001,0.362,0.34199999999999997,0.3406287313831177,-0.04891130683441988,0.09810698503061238,0.47271831369770356,-0.001746505633686734
0.2970000000000001,0.362,0.34099999999999986,0.342327621205478,-0.04975315874817432,0.09260824858015156,0.46975548662306715,-0.002192350687111464
0.2980000000000001,0.362,0.33999999999999997,0.34401283689566947,-0.05060023322854256,0.08714389694568725,0.4668229822561569,-0.0025556742361193523
0.2990000000000001,0.362,0.33899999999999986,0.34568450407970985,-0.05145247914318496,0.08171401971653336,0.4639208562505182,-0.00283772060602353
0.3000000000000001,0.362,0.33799999999999997,0.3473427462678146,-0.05230984517754129,0.07631870554244674,0.46104916132103324,-0.0030397298600481747
0.3010000000000001,0.362,0.33699999999999986,0.34898768495586063,-0.053172279839648666,0.0709580420513777,0.4582079472641006,-0.003162937776636914
0.3020000000000001,0.362,0.33599999999999997,0.35061943971688725,-0.05403973146506494,0.0656321157731321,0.4553972609787602,-0.0032085758190714495
0.3030000000000001,0.362,0.33499999999999985,0.3522381282936559,-0.05491214822192297,0.060341012064396043,0.4526171464873941,-0.00317787109982501
0.3040000000000001,0.362,0.33399999999999996,0.35384386668378437,-0.055789478116098995,0.055084815041900145,0.44986764495637666,-0.0030720463394938308
0.3050000000000001,0.362,0.33299999999999985,0.3554367692213816,-0.05667166899643067,0.049863607517826564,0.44714879471887453,-0.002892319820020006
0.3060000000000001,0.362,0.33199999999999996,0.3570169486546794,-0.057558668560069456,0.04467747093774778,0.4444606312961561,-0.002639905333328552
0.3070000000000001,0.362,0.33099999999999985,0.3585845162202272,-0.05845042435790718,0.03952648532474405,0.441803187419542,-0.0023160121262518537
0.3080000000000001,0.362,0.32999999999999996,0.36013958171279187,-0.05934688380004934,0.034410729223537675,0.4391764930536949,-0.001921844840507246
0.3090000000000001,0.362,0.32899999999999985,0.36168225355325645,-0.06024799416138046,0.029330279653122095,0.43658057541930745,-0.0014586034508212511
0.3100000000000001,0.362,0.32799999999999996,0.3632126388514756,-0.06115370258720098,0.024285212056722152,0.43401545901574784,-0.0009274831983212975
0.3110000000000001,0.362,0.32699999999999985,0.36473084346800644,-0.06206395609888813,0.019275600259024042,0.43148116564515765,-0.000329674522269654
0.2930000000000001,0.363,0.34399999999999986,0.33462739406964526,-0.04624816270032524,0.11175240514828631,0.47786573549932904,-0.00015615120627577445
0.2940000000000001,0.363,0.34299999999999997,0.3363627022850611,-0.0470703415222784,0.10618114799774699,0.47483684979426477,-0.0008168420695254565
0.2950000000000001,0.363,0.34199999999999986,0.3380839960855931,-0.047897856293128614,0.10064406714515091,0.47183806776212883,-0.001392388569445839
0.2960000000000001,0.363,0.34099999999999997,0.33979140829115967,-0.048730656642172,0.09514125146413849,0.4688694518133979,-0.0018840413108930781
0.2970000000000001,0.363,0.33999999999999986,0.34148506927017275,-0.04956869200838045,0.08967278918377274,0.4659310613889564,-0.002293046519903077
0.2980000000000001,0.363,0.33899999999999997,0.3431651070560895,-0.0504119116447462,0.08423876779270634,0.46302295297850865,-0.0026206460469504426
0.2990000000000001,0.363,0.33799999999999986,0.34483164745683303,-0.05126026462272357,0.07883927394539181,0.4601451801415574,-0.00286807736018572
0.3000000000000001,0.363,0.33699999999999997,0.3464848141598075,-0.05211369983686829,0.07347439337676823,0.45729779352617494,-0.0030365735324805482
0.3010000000000001,0.363,0.33599999999999985,0.34812472883324563,-0.052972166009573336,0.06814421082084178,0.454480840889551,-0.0031273632210385965
0.3020000000000001,0.363,0.33499999999999996,0.3497515112175667,-0.053835611695907094,0.06284880993329713,0.4516943671195467,-0.0031416706390235537
0.3030000000000001,0.363,0.33399999999999985,0.3513652792178831,-0.054703985288608946,0.057588273219277966,0.448938414254712,-0.003080715523019849
0.3040000000000001,0.363,0.33299999999999996,0.35296614898899287,-0.055577235023136454,0.05236268196509043,0.44621302150670994,-0.0029457130937269385
0.3050000000000001,0.363,0.33199999999999985,0.3545542350169164,-0.05645530898286144,0.04717211617371088,0.4435182252809313,-0.0027378740121533924
0.3060000000000001,0.363,0.33099999999999996,0.35612965019647264,-0.0573381551043151,0.04201665450419971,0.44085405919898446,-0.002458404330879983
0.3070000000000001,0.363,0.32999999999999985,0.3576925059053599,-0.0582257211825182,0.03689637421474452,0.4382205541212862,-0.0021085054412277246
0.3080000000000001,0.363,0.32899999999999996,0.35924291207406794,-0.05911795487639708,0.03181135111014897,0.43561773816951505,-0.001689374016838256
0.3090000000000001,0.363,0.32799999999999985,0.3607809772535713,-0.060014803714255334,0.02676165948963699,0.43304563674979835,-0.0012022019532475694
0.3100000000000001,0.363,0.32699999999999996,0.36230680867825477,-0.06091621509933727,0.021747372101750945,0.4305042725750868,-0.0006481763052226426
0.3110000000000001,0.363,0.32599999999999985,0.3638205123275291,-0.06182213631539184,0.016768560099641724,0.42799366568980557,-2.8479220713308398e-05
0.2930000000000001,0.364,0.34299999999999986,0.3338097315629496,-0.04607945330262915,0.1087207345053983,0.47397407129675906,-0.0003931259016614064
0.2940000000000001,0.364,0.34199999999999997,0.33553969804616457,-0.04689795315120675,0.10317953176031633,0.4709696449765081,-0.0010143648610793886
0.2950000000000001,0.364,0.34099999999999986,0.3372557002963437,-0.047721750423311386,0.0976725681303839,0.4679952869151455,-0.00155158416883305
0.2960000000000001,0.364,0.33999999999999997,0.3389578713231116,-0.04855079493553529,0.09219992952486156,0.465051057373572,-0.002006027917373421
0.2970000000000001,0.364,0.33899999999999986,0.3406463416803525,-0.04938503631958971,0.08676170122651146,0.4621370136709848,-0.0023789356841472306
0.2980000000000001,0.364,0.33799999999999997,0.34232123958259314,-0.05022442402658979,0.08135796779553323,0.4592532102027799,-0.002671542536897763
0.2990000000000001,0.364,0.33699999999999986,0.34398269101435097,-0.051068907331449774,0.07598881297914123,0.4563996984604839,-0.0028850790298906217
0.3000000000000001,0.364,0.33599999999999997,0.34563081983499955,-0.0519184353374066,0.07065431962581309,0.4535765270523809,-0.003020771192544326
0.3010000000000001,0.364,0.33499999999999985,0.34726574787995085,-0.05277295698068643,0.06535456960266305,0.45078374172384,-0.0030798405110669842
0.3020000000000001,0.364,0.33399999999999996,0.3488875950519542,-0.053632421035286676,0.060089643720425565,0.44802138537812947,-0.0030635039030628575
0.3030000000000001,0.364,0.33299999999999985,0.3504964794134326,-0.054496776117894746,0.05485962165916548,0.4452894980965285,-0.002972973686834031
0.3040000000000001,0.364,0.33199999999999996,0.35209251727143825,-0.05536597069282665,0.04966458190278898,0.44258811716204977,-0.002809457544843569
0.3050000000000001,0.364,0.33099999999999985,0.35367582325905855,-0.05623995307717632,0.04450460167324437,0.4399172770788552,-0.002574158482334627
0.3060000000000001,0.364,0.32999999999999996,0.35524651041294375,-0.057118671445962034,0.03937975687162804,0.43727700959557464,-0.002268274781337944
0.3070000000000001,0.364,0.32899999999999985,0.35680469024726214,-0.058002073837386564,0.034290122019688785,0.43466734372758126,-0.0018929999501196837
0.3080000000000001,0.364,0.32799999999999996,0.3583504728235654,-0.058890108158156984,0.029235770208532175,0.432088305780074,-0.0014495226695479682
0.3090000000000001,0.364,0.32699999999999985,0.3598839668184512,-0.059782722188906734,0.024216773047924123,0.429539919370157,-0.0009390267358579162
0.3100000000000001,0.364,0.32599999999999996,0.3614052795863854,-0.06067986358965519,0.019233200619782384,0.427022205450095,-0.0003626910001999061
0.2930000000000001,0.365,0.34199999999999986,0.33299571809768247,-0.04591146360646068,0.10571349712904911,0.4701129207255357,-0.0006127182481203385
0.2940000000000001,0.365,0.34099999999999997,0.3347203812924313,-0.046726305846334276,0.10020231387639143,0.4671328669467859,-0.0011952695016299413
0.2950000000000001,0.365,0.33999999999999986,0.3364311302515534,-0.047546407330545847,0.09472543040892727,0.4641828448670601,-0.0016949150079346616
0.2960000000000001,0.365,0.33899999999999997,0.3381280981688741,-0.048371718062816635,0.08928292969641498,0.46126291262586194,-0.0021128922810322408
0.2970000000000001,0.365,0.33799999999999986,0.33981141577833196,-0.049202187867404844,0.08387489410105713,0.45837312544651343,-0.0024504341882334406
0.2980000000000001,0.365,0.33699999999999997,0.3414812114702618,-0.0500377663932583,0.07850140528408023,0.4555135356567982,-0.0027087689572058583
0.2990000000000001,0.365,0.33599999999999985,0.3431376114005538,-0.05087840311836131,0.07316254411346199,0.45268419270786014,-0.002889120174160171
0.3000000000000001,0.365,0.33499999999999996,0.34478073959534467,-0.05172404735418397,0.06785839057682987,0.4498851431949271,-0.0029927067742747167
0.3010000000000001,0.365,0.33399999999999985,0.3464107180521656,-0.05257464825028272,0.06258902370308528,0.4471164308773629,-0.003020743026442155
0.3020000000000001,0.365,0.33299999999999996,0.34802766683105096,-0.05343015479898946,0.05735452148421793,0.4443780967002692,-0.002974438509311785
0.3030000000000001,0.365,0.33199999999999985,0.3496317041468444,-0.05429051584024962,0.05215496080468166,0.44167017881481924,-0.0028549980836492274
0.3040000000000001,0.365,0.33099999999999996,0.3512229464539901,-0.05515568006650755,0.04699041737343109,0.4389927126010854,-0.0026636218578466944
0.3050000000000001,0.365,0.32999999999999985,0.3528015085278696,-0.05602559602775672,0.041860965659370704,0.4363457306883679,-0.0024015051490521066
0.3060000000000001,0.365,0.32899999999999996,0.3543675035422389,-0.056900212136606974,0.03676667883245653,0.43372926297857456,-0.002069838439670283
0.3070000000000001,0.365,0.32799999999999985,0.35592104314314044,-0.0577794766734787,0.03170762870679508,0.4311433366680407,-0.001669807329796105
0.3080000000000001,0.365,0.32699999999999996,0.3574622375186846,-0.0586633377918503,0.02668388568900958,0.428587976270403,-0.001202592486116259
0.3090000000000001,0.365,0.32599999999999985,0.3589911954665984,-0.059551743523561775,0.02169551872607994,0.42606320364013256,-0.000669369586713946
0.3100000000000001,0.365,0.32499999999999996,0.36050802445704594,-0.0604446417842222,0.01674259526108153,0.4235690379947426,-7.130926397559516e-05
0.2920000000000001,0.366,0.34199999999999997,0.33045193416995966,-0.04493825562900178,0.10824608419837291,0.4692677720038326,-0.00018772397665962545
0.2930000000000001,0.366,0.34099999999999986,0.332185332556671,-0.045744190435595286,0.10273060658967999,0.4662820685374936,-0.0008153791248997205
0.2940000000000001,0.366,0.33999999999999997,0.33390473056233766,-0.04655539628102975,0.09724940677062387,0.4633263001353083,-0.0013599960104745297
0.2950000000000001,0.366,0.33899999999999986,0.335610264145384,-0.047371823534140024,0.0918025652832007,0.46040052574903473,-0.0018228102992010192
0.2960000000000001,0.366,0.33799999999999997,0.3373020666784735,-0.048193422385632456,0.0863901621855098,0.4575048014229557,-0.002205052864625922
0.2970000000000001,0.366,0.33699999999999986,0.33898026907034284,-0.04902014285205832,0.08101227694855621,0.4546391803121036,-0.0025079498055254543
0.2980000000000001,0.366,0.33599999999999997,0.3406449998818585,-0.04985193477988992,0.07566898835997592,0.45180371270319974,-0.0027327224542296573
0.2990000000000001,0.366,0.33499999999999985,0.34229638543508817,-0.05068874784981023,0.07036037443441158,0.44899844603296624,-0.002880587377463247
0.3000000000000001,0.366,0.33399999999999996,0.3439345499178985,-0.05153053158106312,0.06508651232831,0.44622342491002814,-0.0029527563689854073
0.3010000000000001,0.366,0.33299999999999985,0.34555961548490477,-0.052377235335995025,0.0598474782588406,0.44347869113436283,-0.002950436436072266
0.3020000000000001,0.366,0.33199999999999996,0.34717170234852,-0.05322880832466121,0.05464334742798956,0.4407642837192972,-0.002874829778203752
0.3030000000000001,0.366,0.33099999999999985,0.3487709288711164,-0.054085199609585265,0.049474193950864255,0.4380802389119949,-0.0027271337614455556
0.3040000000000001,0.366,0.32999999999999996,0.35035741164974665,-0.05494635811058723,0.04434009078912638,0.4354265902155853,-0.002508540886754616
0.3050000000000001,0.366,0.32899999999999985,0.3519312655973963,-0.05581223260972874,0.039241109686894794,0.4328033684106415,-0.0022202387533993076
0.3060000000000001,0.366,0.32799999999999996,0.3534926040203255,-0.05668277175633167,0.03417732111167738,0.4302106015774745,-0.0018634100180855429
0.3070000000000001,0.366,0.32699999999999985,0.35504153869189503,-0.057557924072052,0.029148794197378303,0.4276483151195931,-0.0014392323495965474
0.3080000000000001,0.366,0.32599999999999996,0.35657817992226815,-0.05843763795608097,0.02415559669256902,0.4251165317853523,-0.0009488783804258907
0.3090000000000001,0.366,0.32499999999999984,0.3581026366259562,-0.059321861690385405,0.019197794910874193,0.42261527169094903,-0.000393515654824113
0.2920000000000001,0.367,0.34099999999999997,0.3296504324659765,-0.04477527346682285,0.10525756684953354,0.46544276990784766,-0.0004121864526339912
0.2930000000000001,0.367,0.33999999999999986,0.33137855397076454,-0.045577630623260354,0.09977197613291464,0.46248130103506496,-0.001001550811148992
0.2940000000000001,0.367,0.33899999999999997,0.33309272454591543,-0.046385221139293005,0.09432072256130947,0.45954973053746373,-0.0015089759317504885
0.2950000000000001,0.367,0.33799999999999986,0.33479308032723154,-0.047197995565262225,0.08890388377331121,0.4566481152713871,-0.0019356909070279496
0.2960000000000001,0.367,0.33699999999999997,0.3364797548608926,-0.048015904278690624,0.08352153694146305,0.45377650921219403,-0.002282919910612099
0.2970000000000001,0.367,0.33599999999999985,0.33815287922516757,-0.04883889748817302,0.07817375867117196,0.45093496347310136,-0.002551882216718142
0.2980000000000001,0.367,0.33499999999999996,0.3398125821463226,-0.049666925237384627,0.07286062490486288,0.4481235263260419,-0.002743792210493522
0.2990000000000001,0.367,0.33399999999999985,0.3414589901075371,-0.05049993740930671,0.06758221083191968,0.4453422432197038,-0.0028598593908115665
0.3000000000000001,0.367,0.33299999999999996,0.3430922274533672,-0.05133788373047942,0.06233859080374896,0.44259115680252953,-0.0029012883647895945
0.3010000000000001,0.367,0.33199999999999985,0.34471241649057466,-0.0521807137754913,0.05712983825319162,0.4398703069413101,-0.0028692788366854616
0.3020000000000001,0.367,0.33099999999999996,0.34631967757908366,-0.05302837697150616,0.05195602561948158,0.43717973074345046,-0.0027650255889328443
0.3030000000000001,0.367,0.32999999999999985,0.3479141292240243,-0.05388082260293592,0.04681722427655187,0.434519462577975,-0.0025897184586780968
0.3040000000000001,0.367,0.32899999999999996,0.34949588816036553,-0.05473799981621945,0.041713504467001325,0.4318895340966432,-0.0023445423087216635
0.3050000000000001,0.367,0.32799999999999985,0.35106506943404847,-0.05559985762464738,0.03664493523714807,0.4292899742572053,-0.002030676992807486
0.3060000000000001,0.367,0.32699999999999996,0.3526217864792547,-0.056466344913323405,0.03161158437864208,0.4267208093449175,-0.001649297317478096
0.3070000000000001,0.367,0.32599999999999985,0.3541661511922146,-0.05733741044419205,0.026613518373956927,0.4241820629948491,-0.0012015729999321663
0.3080000000000001,0.367,0.32499999999999996,0.35569827400078063,-0.058213002861125296,0.021650802342563617,0.4216737562149644,-0.0006886686214591792
0.3090000000000001,0.367,0.32399999999999984,0.35721826393189593,-0.05909307069506395,0.016723499991214148,0.41919590740985324,-0.0001117435779180915
0.2920000000000001,0.368,0.33999999999999997,0.32885247929463596,-0.044612980924751765,0.1022932587118897,0.46164772699726553,-0.0006198509861741856
0.2930000000000001,0.368,0.33899999999999986,0.33057536151767386,-0.04541178101251053,0.0968375186938816,0.4587104060606863,-0.001171667130846002
0.2940000000000001,0.368,0.33799999999999997,0.3322843420836809,-0.0462157771161022,0.09141617308037507,0.4558029457040201,-0.001642632479240078
0.2950000000000001,0.368,0.33699999999999986,0.3339795573005312,-0.047024919967262706,0.08602929663303763,0.45292540071441406,-0.002033969490594048
0.2960000000000001,0.368,0.33599999999999997,0.3356611408826945,-0.047839160130138635,0.08067696366584816,0.4500778230247029,-0.0023468955821101638
0.2970000000000001,0.368,0.33499999999999985,0.33732922407284394,-0.04865844800510735,0.07535924794688116,0.447260261732369,-0.0025826231508093243
0.2980000000000001,0.368,0.33399999999999996,0.33898393575752017,-0.04948273383270796,0.07007622259866798,0.4444727631207427,-0.0027423595849381654
0.2990000000000001,0.368,0.33299999999999985,0.3406254025760129,-0.050311967697787896,0.06482796001301518,0.4417153706774004,-0.0028273072696136797
0.3000000000000001,0.368,0.33199999999999996,0.34225374902462363,-0.05114609953371875,0.059614531763280944,0.43898812511573143,-0.0028386635831473325
0.3010000000000001,0.368,0.33099999999999985,0.34386909755741024,-0.05198507912677473,0.05443600852590093,0.43629106439519383,-0.0027776208880946045
0.3020000000000001,0.368,0.32999999999999996,0.34547156867701845,-0.05282885612058602,0.049292460004731045,0.433624223743593,-0.0026453665143922377
0.3030000000000001,0.368,0.32899999999999985,0.3470612810266191,-0.05367738002076247,0.04418395485981895,0.4309876356770761,-0.002443082738408581
0.3040000000000001,0.368,0.32799999999999996,0.3486383514744326,-0.05453060019957019,0.039110560641135536,0.4283813300223946,-0.002171946755910506
0.3050000000000001,0.368,0.32699999999999985,0.35020289519481207,-0.05538846590069424,0.03407234372545287,0.4258053339396327,-0.0018331306502115605
0.3060000000000001,0.368,0.32599999999999996,0.3517550257454235,-0.05625092624413125,0.02906936925791929,0.42325967194346675,-0.0014278013564551963
0.3070000000000001,0.368,0.32499999999999984,0.35329485514091896,-0.057117930231111946,0.024101701095546237,0.42074436592657966,-0.0009571206212811399
0.3080000000000001,0.368,0.32399999999999995,0.35482249392248616,-0.05798942674913257,0.01916940175540863,0.41825943518189945,-0.00042224495932959624
0.2910000000000001,0.369,0.33999999999999986,0.32632638234350514,-0.043661319466982845,0.10481337752081096,0.46082545901005495,-0.0002151598172439803
0.2920000000000001,0.369,0.33899999999999997,0.3280580543131656,-0.04445137499907501,0.09935307353471297,0.4578824329447016,-0.0008111536289443846
0.2930000000000001,0.369,0.33799999999999986,0.32977573452083536,-0.04524663845622009,0.09392714691205079,0.45496917298788175,-0.0013261535950131915
0.2940000000000001,0.369,0.33699999999999997,0.33147956216538543,-0.04604706091742785,0.08853566988469788,0.45208573473047803,-0.0017613806773829673
0.2950000000000001,0.369,0.33599999999999985,0.33316967372152034,-0.046852593295691566,0.0831787143633303,0.449232170916832,-0.0021180506444827274
0.2960000000000001,0.369,0.33499999999999996,0.3348462030668566,-0.047663186341570386,0.0778563518306678,0.44640853146357595,-0.0023973741034224796
0.2970000000000001,0.369,0.33399999999999985,0.3365092816033402,-0.0484787906469333,0.07256865324227883,0.44361486347895257,-0.002600556523335828
0.2980000000000001,0.369,0.33299999999999996,0.3381590383728269,-0.04929935664884975,0.06731568893010402,0.4408512112827847,-0.00272879824954423
0.2990000000000001,0.369,0.33199999999999985,0.33979560016575716,-0.05012483463361078,0.06209752851455634,0.4381176164272935,-0.0027832945100584473
0.3000000000000001,0.369,0.33099999999999996,0.34141909162531175,-0.05095517474090498,0.05691424081815139,0.43541411771730404,-0.0027652354145050947
0.3010000000000001,0.369,0.32999999999999985,0.34302963534806163,-0.051790326968122496,0.05176589378850553,0.4327407512306367,-0.002675805947518397
0.3020000000000001,0.369,0.32899999999999996,0.3446273519746236,-0.052630241174727026,0.04665255442006166,0.4300975503407674,-0.0025161859534317127
0.3030000000000001,0.369,0.32799999999999985,0.3462123602815841,-0.05347486708681857,0.041574288687088644,0.4274845457363302,-0.0022875501184937133
0.3040000000000001,0.369,0.32699999999999996,0.34778477726586543,-0.05432415430169732,0.03653116147500817,0.42490176544493224,-0.0019910679453439273
0.3050000000000001,0.369,0.32599999999999985,0.3493447182257341,-0.05517805229261678,0.03152323651817523,0.4223492348533023,-0.0016279037241047198
0.3060000000000001,0.369,0.32499999999999996,0.3508922968378947,-0.05603651041351723,0.026550576341502083,0.4198269767318522,-0.001199216498499472
0.3070000000000001,0.369,0.32399999999999984,0.35242762523108945,-0.056899477903950134,0.02161324220429395,0.4173350112550581,-0.0007061600284793005
0.3080000000000001,0.369,0.32299999999999995,0.35395081405564754,-0.057766903893972064,0.016711294051191615,0.41487335602604963,-0.00014988274946096817
0.2910000000000001,0.37,0.33899999999999986,0.3255406791796495,-0.043503876638086664,0.10186750973401458,0.45706569335194275,-0.000427696954568714
0.2920000000000001,0.37,0.33799999999999997,0.32726713731988627,-0.04429045269453131,0.09643692476309859,0.45414667892564736,-0.0009865221388163127
0.2930000000000001,0.37,0.33699999999999986,0.32897965244829575,-0.04508219981682077,0.09104077314626538,0.4512573927072626,-0.0014654275429917766
0.2940000000000001,0.37,0.33599999999999997,0.3306783639288791,-0.04587906925992297,0.08567912427173591,0.44839788824431115,-0.0018656275013184797
0.2950000000000001,0.37,0.33499999999999985,0.3323634083980242,-0.04668101211793815,0.0803520472260142,0.4455682162643234,-0.0021883310369891096
0.2960000000000001,0.37,0.33399999999999996,0.33403491989141243,-0.04748797932763028,0.0750596106873241,0.44276842469296757,-0.002434741896208679
0.2970000000000001,0.37,0.33299999999999985,0.33569302996527994,-0.04829992167207091,0.06980188282675612,0.439998558674836,-0.0026060585730015434
0.2980000000000001,0.37,0.33199999999999996,0.33733786781183006,-0.049116789784462093,0.06457893121135466,0.43725866059332463,-0.002703474325171002
0.2990000000000001,0.37,0.33099999999999985,0.3389695603677757,-0.04993853415211521,0.059390822716708064,0.4345487700902794,-0.0027281771830638315
0.3000000000000001,0.37,0.32999999999999996,0.34058823241840375,-0.050765105120533394,0.054237623442450124,0.4318689240872192,-0.0026813499506381892
0.3010000000000001,0.37,0.32899999999999985,0.3421940066980364,-0.051596452897627286,0.04911939863286123,0.42921915680642625,-0.0025641702002930237
0.3020000000000001,0.37,0.32799999999999996,0.34378700398068396,-0.052432527558058634,0.044036212603058796,0.42659949979179074,-0.0023778102609850593
0.3030000000000001,0.37,0.32699999999999985,0.34536734317173085,-0.05327327904767751,0.03898812866690616,0.4240099819305023,-0.0021234372011327603
0.3040000000000001,0.37,0.32599999999999996,0.3469351413922867,-0.05411865718806075,0.033975209071941515,0.4214506294749085,-0.0018022128064370231
0.3050000000000001,0.37,0.32499999999999984,0.34849051406012993,-0.05496861168113343,0.028997514938260405,0.41892146606496833,-0.0014152935531285575
0.3060000000000001,0.37,0.32399999999999995,0.35003357496665777,-0.055823092113893205,0.02405510619789376,0.416422512750217,-0.0009638305763487254
0.3070000000000001,0.37,0.32299999999999984,0.35156443635046697,-0.056682047963192796,0.019148041541107417,0.41395378801274957,-0.0004489696352970706
0.2900000000000001,0.371,0.33899999999999997,0.3230231092414684,-0.042569161146426074,0.10438095285006649,0.4562600709681368,-2.155043981421842e-05
0.2910000000000001,0.371,0.33799999999999986,0.32475842715981557,-0.043347094614606486,0.0989456289235843,0.4533353468422636,-0.0006239978795827134
0.2920000000000001,0.371,0.33699999999999997,0.3264797082532013,-0.04413021102474147,0.09354472555568803,0.4504402576122057,-0.0011463761187099873
0.2930000000000001,0.371,0.33599999999999985,0.3281870949115643,-0.04491846196671689,0.08817830948768673,0.4475748576205579,-0.0015898982793892298
0.2940000000000001,0.371,0.33499999999999996,0.3298807266589194,-0.04571179887136103,0.08284644729205168,0.44473919839752984,-0.0019557720131551364
0.2950000000000001,0.371,0.33399999999999985,0.3315607402882595,-0.04651017301372722,0.07754920525769585,0.4419333286790738,-0.002245199546361794
0.2960000000000001,0.371,0.33299999999999996,0.33322726998831825,-0.04731353551652529,0.07228664928479074,0.4391572944265461,-0.002459377715742667
0.2970000000000001,0.371,0.33199999999999985,0.3348804474646544,-0.04812183735372757,0.0670588447854769,0.436411138846151,-0.002599497995177615
0.2980000000000001,0.371,0.33099999999999996,0.33652040205496536,-0.04893502935429094,0.06186585658938782,0.43369490241027314,-0.002666746513616475
0.2990000000000001,0.371,0.32999999999999985,0.33814726083746094,-0.049753062206098354,0.056707748855075235,0.43100862287571745,-0.002662304065817297
0.3000000000000001,0.371,0.32899999999999996,0.3397611487347771,-0.05057588645992973,0.05158458498490587,0.4283523353067368,-0.002587346114889009
0.3010000000000001,0.371,0.32799999999999985,0.3413621886143717,-0.05140345253365027,0.04649642754836069,0.4257260720942668,-0.002443042790056544
0.3020000000000001,0.371,0.32699999999999996,0.3429505013790158,-0.0522357107164401,0.041443338206056494,0.42312986297856686,-0.002230558876109061
0.3030000000000001,0.371,0.32599999999999985,0.34452620605840684,-0.053072611173186,0.036425377639410915,0.4205637350697854,-0.001951053799015441
0.3040000000000001,0.371,0.32499999999999996,0.3460894198934593,-0.053914103948921335,0.031442605487133686,0.4180277128708629,-0.0016056816061302487
0.3050000000000001,0.371,0.32399999999999984,0.3476402584170535,-0.054760138973403955,0.026495080280042306,0.41552181829877255,-0.0011955909410110337
0.3060000000000001,0.371,0.32299999999999995,0.34917883553101253,-0.055610666065733984,0.02158285938504704,0.41304607070777377,-0.0007219250148984462
0.3070000000000001,0.371,0.32199999999999984,0.3507052635795729,-0.05646563493908619,0.016705998950173596,0.41060048691142065,-0.00018582157408111605
0.2900000000000001,0.372,0.33799999999999997,0.32224947759989836,-0.0424164406585069,0.10145338459034652,0.4525350615677777,-0.00023883247847311315
0.2910000000000001,0.372,0.33699999999999986,0.32397960668490317,-0.04319097055580906,0.09604764904435834,0.44963421391678465,-0.0008044844087198473
0.2920000000000001,0.372,0.33599999999999997,0.3256957471904392,-0.04397064701222293,0.09067638879476572,0.44676296316209646,-0.0012911271530230174
0.2930000000000001,0.372,0.33499999999999985,0.3273980416645226,-0.044755421788301296,0.08533966777460313,0.4439213616288451,-0.0016999672105955828
0.2940000000000001,0.372,0.33399999999999996,0.32908662978605746,-0.045545246490633885,0.08003754976463642,0.4411094588550291,-0.0020322054975309284
0.2950000000000001,0.372,0.33299999999999985,0.33076164849963724,-0.04634007257503679,0.074770098282781,0.4383273016109849,-0.0022890373941960498
0.2960000000000001,0.372,0.33199999999999996,0.33242323214211306,-0.04713985134993043,0.06953737647791773,0.43557493391845753,-0.0024716527823768555
0.2970000000000001,0.372,0.33099999999999985,0.33407151256352186,-0.047944533979833504,0.06433944703093591,0.43285239707205,-0.0025812360733864486
0.2980000000000001,0.372,0.32999999999999996,0.3357066192422386,-0.048754071489101616,0.05917637205996566,0.43015972965679783,-0.002618966228524049
0.2990000000000001,0.372,0.32899999999999985,0.337328679393224,-0.04956841476569455,0.05404821303251241,0.4274969675710653,-0.0025860167708385284
0.3000000000000001,0.372,0.32799999999999996,0.33893781807183404,-0.05038751456515197,0.048955030681664465,0.42486414404629247,-0.0024835557905704296
0.3010000000000001,0.372,0.32699999999999985,0.34053415827405675,-0.051211321514681746,0.04389688492806811,0.4222612896675367,-0.002312745944370001
0.3020000000000001,0.372,0.32599999999999996,0.3421178210269259,-0.05203978611732777,0.03887383480532206,0.4196884323957269,-0.0020747444471876098
0.3030000000000001,0.372,0.32499999999999984,0.34368892548004115,-0.052872858756251986,0.03388593839045171,0.4171455975897678,-0.0017707030599297437
0.3040000000000001,0.372,0.32399999999999995,0.34524758898968516,-0.05371048969917092,0.028933252737400023,0.4146328080266342,-0.0014017680716571336
0.3050000000000001,0.372,0.32299999999999984,0.34679392719962154,-0.05455262910277971,0.024015833817587342,0.412150083925868,-0.0009690802773536563
0.3060000000000001,0.372,0.32199999999999995,0.34832805411787154,-0.05539922701736364,0.01913373645928445,0.40969744297013455,-0.0004737749510929645
0.2900000000000001,0.373,0.33699999999999997,0.32147922173177845,-0.04226435606400903,0.09854966845052436,0.4488391475796337,-0.0004400023975608021
0.2910000000000001,0.373,0.33599999999999985,0.32320419829038194,-0.043035501628733056,0.09317348376999472,0.4459620904718166,-0.000969570357324619
0.2920000000000001,0.373,0.33499999999999996,0.32491523434689695,-0.04381175768828389,0.08783182710524808,0.44311459120843905,-0.0014211789433353165
0.2930000000000001,0.373,0.33399999999999985,0.32661247260231036,-0.044593076173835476,0.0825247596055546,0.44029670012219924,-0.0017960279784779674
0.2940000000000001,0.373,0.33299999999999996,0.3282960528854567,-0.04537940886761728,0.07725234228844066,0.4375084647841024,-0.0020953115940336373
0.2950000000000001,0.373,0.33199999999999985,0.3299661122875882,-0.04617070740600943,0.07201463592693726,0.4347499300243133,-0.0023202182778484393
0.2960000000000001,0.373,0.33099999999999996,0.3316227852887999,-0.04696692328285327,0.06681170094483735,0.43202113795125446,-0.0024719309133578483
0.2970000000000001,0.373,0.32999999999999985,0.3332662038787882,-0.04776800785291935,0.06164359731744719,0.42932212797122415,-0.0025516268097162415
0.2980000000000001,0.373,0.32899999999999996,0.33489649767188806,-0.04857391233550629,0.05651038447853535,0.4266529368091945,-0.002560477723666299
0.2990000000000001,0.373,0.32799999999999985,0.3365137940151715,-0.04938458781820622,0.05141212123207201,0.42401359852874926,-0.0024996498737077785
0.3000000000000001,0.373,0.32699999999999996,0.3381182180921026,-0.05019998526077808,0.04634886566751115,0.42140414455331504,-0.0023703039469488794
0.3010000000000001,0.373,0.32599999999999985,0.3397098930226994,-0.05102005549914804,0.04132067508413548,0.4188246036874353,-0.0021735951006545432
0.3020000000000001,0.373,0.32499999999999996,0.3412889399538099,-0.051844749249532765,0.03632760591512278,0.41627500213790386,-0.0019106729561447254
0.3030000000000001,0.373,0.32399999999999984,0.342855478150539,-0.052674017112663576,0.03136971365891164,0.4137553635353537,-0.001582681588775615
0.3040000000000001,0.373,0.32299999999999995,0.3444096250803052,-0.05350780957808448,0.02644705281417019,0.4112657089570456,-0.0011907595121948972
0.3050000000000001,0.373,0.32199999999999984,0.3459514964934662,-0.05434607702858036,0.021559676817200987,0.40880605694824496,-0.0007360396581121724
0.3060000000000001,0.373,0.32099999999999995,0.34748120650011366,-0.05518876974467053,0.01670763798543415,0.4063764235445969,-0.0002196493523049549
0.2890000000000001,0.374,0.33699999999999986,0.31897842414370536,-0.04135024682753074,0.10105091163605046,0.44805494603196455,-5.3172050420484396e-05
0.2900000000000001,0.374,0.33599999999999997,0.3207123226231133,-0.042112904669366194,0.09566971889445929,0.44517212662347955,-0.0006254761943801142
0.2910000000000001,0.374,0.33499999999999985,0.3224321826452828,-0.042880685008390505,0.09032304650730473,0.4423187738568308,-0.001119661672786933
0.2920000000000001,0.374,0.33399999999999996,0.32413815007466334,-0.04365354009324536,0.08501095286253159,0.43949493885085567,-0.0015369274398430062
0.2930000000000001,0.374,0.33299999999999985,0.3258303677602329,-0.04443142202567879,0.07973349635275222,0.4367006699699264,-0.0018784665920594471
0.2940000000000001,0.374,0.33199999999999996,0.3275089756757915,-0.045214282763388694,0.07449073525694173,0.43393601284466327,-0.002145466428095955
0.2950000000000001,0.374,0.33099999999999985,0.3291741110543787,-0.046002074123119574,0.06928272762936616,0.43120101038962255,-0.0023391084994680462
0.2960000000000001,0.374,0.32999999999999996,0.33082590851453764,-0.0467947477838575,0.06410953119524372,0.42849570282475086,-0.002460568650691738
0.2970000000000001,0.374,0.32899999999999985,0.3324645001809129,-0.04759225529025903,0.058971203251580055,0.4258201276937252,-0.0025110170513808518
0.2980000000000001,0.374,0.32799999999999996,0.33409001579913344,-0.04839454805616232,0.05386780057404291,0.4231743198856797,-0.0024916182196569065
0.2990000000000001,0.374,0.32699999999999985,0.33570258284376026,-0.04920157736829939,0.048799379328242756,0.42055831165447477,-0.0024035310381765786
0.3000000000000001,0.374,0.32599999999999996,0.3373023266218744,-0.0500132943900826,0.04376599498792824,0.4179721326407185,-0.0022479087633066105
0.3010000000000001,0.374,0.32499999999999984,0.33888937037306716,-0.050829650165551375,0.038767702257301036,0.4154158098923544,-0.0020258990283443454
0.3020000000000001,0.374,0.32399999999999995,0.3404638353596289,-0.05165059562340817,0.033804554996059305,0.4128893678865154,-0.001738643839519785
0.3030000000000001,0.374,0.32299999999999984,0.34202584095787725,-0.05247608158117931,0.02887660615125766,0.4103928285507873,-0.0013872795681948089
0.3040000000000001,0.374,0.32199999999999995,0.34357550474208354,-0.053306058749447,0.023983907691024403,0.40792621128577505,-0.0009729369370039403
0.3050000000000001,0.374,0.32099999999999984,0.3451129425651003,-0.05414047773618473,0.019126510545700477,0.4054895329873121,-0.0004967410024700751
0.2890000000000001,0.375,0.33599999999999985,0.31821999136531615,-0.04120273659284837,0.09816522167073545,0.44439296014588087,-0.0002590850334101731
0.2900000000000001,0.375,0.33499999999999996,0.31994876138913275,-0.041962083787890764,0.092813450108235,0.44153379774770735,-0.0007956620140239963
0.2910000000000001,0.375,0.33399999999999985,0.32166354055117286,-0.042726517877657064,0.08749625040914268,0.43870406286356867,-0.0012551565661783528
0.2920000000000001,0.375,0.33299999999999996,0.3233644748616875,-0.043495991276340705,0.0822136782114199,0.43590380464336126,-0.0016387609734108879
0.2930000000000001,0.375,0.33199999999999985,0.3250517073126886,-0.04427045625613648,0.07696578917578643,0.43313306951010055,-0.0019476615572545566
0.2940000000000001,0.375,0.33099999999999996,0.32672537801810386,-0.045049864950087094,0.0717526388701074,0.4303919011774244,-0.002183038739700896
0.2950000000000001,0.375,0.32999999999999985,0.32838562434796453,-0.04583416935504418,0.0665742826561493,0.4276803406706626,-0.0023460670942050347
0.2960000000000001,0.375,0.32899999999999996,0.3300325810545224,-0.04662332133486415,0.061430775586430605,0.42499842634519036,-0.002437915388293242
0.2970000000000001,0.375,0.32799999999999985,0.3316663803927061,-0.04741727262371667,0.05632217230591453,0.4223461939072867,-0.0024597466169188533
0.2980000000000001,0.375,0.32699999999999996,0.33328715223483113,-0.04821597482955122,0.0512485269579546,0.41972367643482117,-0.002412718027649801
0.2990000000000001,0.375,0.32599999999999985,0.33489502417846745,-0.04901937943774467,0.04620989309818299,0.4171309043964022,-0.002297981139011287
0.3000000000000001,0.375,0.32499999999999996,0.3364901216498342,-0.04982743781479581,0.04120632360999365,0.4145679056744251,-0.0021166817508225877
0.3010000000000001,0.375,0.32399999999999984,0.33807256800370333,-0.05064010121222545,0.03623787062868134,0.4120347055846691,-0.0018699599498621126
0.3020000000000001,0.375,0.32299999999999995,0.33964248461350555,-0.05145732077052467,0.031304585467440374,0.4095313268989235,-0.0015589501079495104
0.3030000000000001,0.375,0.32199999999999984,0.3411999909625145,-0.05227904752326477,0.026406518547887434,0.407057789865431,-0.0011847808760189309
0.3040000000000001,0.375,0.32099999999999995,0.34274520472774417,-0.053105232401227796,0.021543719336534338,0.4046141122327021,-0.0007485751727568843
0.3050000000000001,0.375,0.31999999999999984,0.34427824186039124,-0.053935826236698105,0.0167162362821634,0.4022003092705846,-0.00025145016871443203
0.2890000000000001,0.376,0.33499999999999985,0.31746484217637894,-0.04105583565373606,0.09530316505562633,0.4407595524952885,-0.00044941873459488496
0.2900000000000001,0.376,0.33399999999999996,0.3191885192734594,-0.04181189074007746,0.08998077602032246,0.43792396142214957,-0.0009509602804314773
0.2910000000000001,0.376,0.33299999999999985,0.3208982529411706,-0.04257299742759104,0.08469300838861735,0.43511775771770295,-0.0013764456416579113
0.2920000000000001,0.376,0.33199999999999996,0.3225941893306332,-0.04333910829596812,0.0794399150741086,0.432340988588769,-0.0017270603822716543
0.2930000000000001,0.376,0.33099999999999985,0.3242764715720669,-0.04411017578776049,0.07422154903328683,0.4295936985412039,-0.0020039840039239535
0.2940000000000001,0.376,0.32999999999999996,0.32594523991469493,-0.044886152211166756,0.06903796314720906,0.42687592939725133,-0.0022083900092739663
0.2950000000000001,0.376,0.32899999999999985,0.3276006318608043,-0.045666989742920036,0.0638892101110178,0.42418772031704854,-0.0023414459548380985
0.2960000000000001,0.376,0.32799999999999996,0.3292427822917249,-0.04645264043142765,0.058775342332179625,0.42152910781657,-0.0024043134954855553
0.2970000000000001,0.376,0.32699999999999985,0.33087182358805756,-0.04724305619999778,0.05369641182907722,0.4189001257892181,-0.002398148418698439
0.2980000000000001,0.376,0.32599999999999996,0.3324878857442815,-0.048038188850255674,0.04865247013920265,0.4163008055257766,-0.0023241006720144397
0.2990000000000001,0.376,0.32499999999999984,0.33409109647650376,-0.048837990065700505,0.04364356823394487,0.4137311757345913,-0.002183314383130024
0.3000000000000001,0.376,0.32399999999999995,0.3356815813257005,-0.049642411415355955,0.038669756433051525,0.4111912625635642,-0.0019769278720808163
0.3010000000000001,0.376,0.32299999999999984,0.3372594637575215,-0.050451404357579416,0.03373108432995895,0.40868108962070937,-0.0017060736588602968
0.3020000000000001,0.376,0.32199999999999995,0.3388248652522788,-0.051264920243957214,0.028827600717295204,0.4062006779960817,-0.0013718784634991306
0.3030000000000001,0.376,0.32099999999999984,0.3403779053960402,-0.05208291032331419,0.023959353518271106,0.40375004628346806,-0.0009754632021307776
0.3040000000000001,0.376,0.31999999999999995,0.3419187019644148,-0.05290532574582196,0.019126389722568204,0.40132921060221366,-0.0005179429778540781
0.3050000000000001,0.376,0.31899999999999984,0.3434473710029575,-0.05373211756717269,0.014328755325766442,0.39893818462020236,-4.27067117531911e-07
0.2880000000000001,0.377,0.33499999999999996,0.314980293244361,-0.0401618238061726,0.09779232163944705,0.43999592913854296,-8.116274709345228e-05
0.2890000000000001,0.377,0.33399999999999985,0.3167129582551859,-0.0409095414631672,0.09246465648995499,0.4371545252112033,-0.0006245757433924852
0.2900000000000001,0.377,0.33299999999999996,0.3184315776470592,-0.04166232285358575,0.08717161031050268,0.4343424195265583,-0.001091763824478273
0.2910000000000001,0.377,0.33199999999999985,0.3201363008789326,-0.04242012085738011,0.08191323313131825,0.43155966006835145,-0.001483912023942836
0.2920000000000001,0.377,0.33099999999999996,0.3218272742379495,-0.043182888219679076,0.07668957516796107,0.42880629212550025,-0.0018021991401860511
0.2930000000000001,0.377,0.32999999999999985,0.32350464098769927,-0.043950577553290786,0.0715006866964465,0.426082358310467,-0.002047797811913235
0.2940000000000001,0.377,0.32899999999999996,0.3251685415080106,-0.04472314134136769,0.06634661793884371,0.42338789857942094,-0.0022218745828813113
0.2950000000000001,0.377,0.32799999999999985,0.32681911342878106,-0.04550053194028225,0.061227418950455526,0.4207229502512649,-0.0023255899563213098
0.2960000000000001,0.377,0.32699999999999996,0.3284564917557772,-0.04628270158265778,0.05614313951768155,0.41808754802765086,-0.00236009844042972
0.2970000000000001,0.377,0.32599999999999985,0.3300808089907477,-0.047069602380558205,0.05109382905870529,0.41548172401323574,-0.002326548584895652
0.2980000000000001,0.377,0.32499999999999996,0.3316921952459127,-0.04786118632883357,0.046079536533044065,0.4129055077358707,-0.0022260830102256947
0.2990000000000001,0.377,0.32399999999999984,0.33329077835149706,-0.04865740530858106,0.04110031035285445,0.41035892616804553,-0.0020598384287158706
0.3000000000000001,0.377,0.32299999999999995,0.3348766839589142,-0.04945821109076684,0.036156198300676914,0.4078420037471622,-0.0018289456593767227
0.3010000000000001,0.377,0.32199999999999984,0.3364500356404499,-0.050263555339941444,0.03124724745486508,0.40535476239722557,-0.0015345296372479044
0.3020000000000001,0.377,0.32099999999999995,0.3380109549790889,-0.051073389618063264,0.02637350411277095,0.40289722155085583,-0.0011777094149581788
0.3030000000000001,0.377,0.31999999999999984,0.3395595616595987,-0.0518876653884583,0.0215350137263333,0.4004693981701652,-0.000759598161727419
0.3040000000000001,0.377,0.31899999999999995,0.3410959735521664,-0.052706334019836,0.01673182083569867,0.3980713067695054,-0.00028130315567873043
0.2880000000000001,0.378,0.33399999999999996,0.31423672615318915,-0.040019354385243636,0.09494802175380243,0.4363956463258382,-0.00027623234522531834
0.2890000000000001,0.378,0.33299999999999985,0.3159643214033554,-0.040763851480419375,0.08964961042003451,0.4335776818139259,-0.0007849510706922184
0.2900000000000001,0.378,0.33199999999999996,0.3176779180073463,-0.04151337746328461,0.08438586642572052,0.430788975344343,-0.0012184580100956452
0.2910000000000001,0.378,0.33099999999999985,0.319377665557683,-0.042267885374376354,0.07915683710894615,0.4280295729816784,-0.0015779314832040023
0.2920000000000001,0.378,0.32999999999999996,0.32106371047274024,-0.043027328124212234,0.07396257001293968,0.4252995181205946,-0.0018645434794266145
0.2930000000000001,0.378,0.32899999999999985,0.3227361961447911,-0.04379165849568851,0.06880311276097426,0.422598851506269,-0.002079459734030415
0.2940000000000001,0.378,0.32799999999999996,0.3243952630795676,-0.044560829146730575,0.06367851294003503,0.4199276112522151,-0.0022238397943751473
0.2950000000000001,0.378,0.32699999999999985,0.3260410490299808,-0.04533479261306466,0.058588817991511895,0.417285832861251,-0.0022988370759439124
0.2960000000000001,0.378,0.32599999999999996,0.32767368912171546,-0.04611350131121261,0.053534075107268146,0.41467354924418703,-0.002305598909284637
0.2970000000000001,0.378,0.32499999999999984,0.3292933159732361,-0.046896907541593404,0.0485143311327081,0.41209079074115873,-0.002245266578346646
0.2980000000000001,0.378,0.32399999999999995,0.3309000598100565,-0.047684963491802276,0.043529632473153126,0.4095375851418143,-0.002118975350872657
0.2990000000000001,0.378,0.32299999999999984,0.3324940485722053,-0.0484776212400206,0.03858002500828054,0.4070139577060699,-0.0019278545018083524
0.3000000000000001,0.378,0.32199999999999995,0.3340754080172959,-0.04927483275856446,0.03366555401050718,0.4045199311846713,-0.0016730273300897547
0.3010000000000001,0.378,0.32099999999999984,0.3356442618200188,-0.050076549917504376,0.028786264067556234,0.4020555258420559,-0.0013556111690650472
0.3020000000000001,0.378,0.31999999999999995,0.33720073166197156,-0.050882724488471996,0.02394219901023428,0.39962075947616305,-0.000976717391219233
0.3030000000000001,0.378,0.31899999999999984,0.33874493732253563,-0.05169330814850479,0.019133401843935655,0.3972156474412619,-0.0005374514080028216
0.3040000000000001,0.378,0.31799999999999995,0.3402769967624649,-0.05250825248399372,0.014359914684259312,0.3948402026705942,-3.8912664585871466e-05
0.2880000000000001,0.379,0.33299999999999996,0.31349635328101927,-0.03987746877239141,0.09212713830056164,0.4328234377147538,-0.00045623524322611735
0.2890000000000001,0.379,0.33199999999999985,0.31521891354489623,-0.04061876317105458,0.0868579410510917,0.4300288272024329,-0.0009309322742678261
0.2900000000000001,0.379,0.33099999999999996,0.31692752197718355,-0.04136505191125984,0.0816234575902629,0.42726343354995383,-0.0013314208589967815
0.2910000000000001,0.379,0.32999999999999985,0.3186223282992145,-0.042116288194124836,0.0764237325910518,0.4245273009265855,-0.0016588725594976674
0.2920000000000001,0.379,0.32899999999999996,0.3203034790558531,-0.042872425095454615,0.07125881094903529,0.42182047085799934,-0.001914452514657678
0.2930000000000001,0.379,0.32799999999999985,0.3219711177633649,-0.04363341556810298,0.06612873765896604,0.41914298224545793,-0.0020993195181446545
0.2940000000000001,0.379,0.32699999999999996,0.3236253850488327,-0.044399212444535596,0.0610335577006145,0.4164948713848537,-0.0022146260860652286
0.2950000000000001,0.379,0.32599999999999985,0.3252664187836395,-0.045169768439567576,0.055973315926739,0.41387617198629345,-0.0022615185141869974
0.2960000000000001,0.379,0.32499999999999996,0.3268943542089265,-0.045945036153258505,0.05094805696070417,0.411286915194466,-0.0022411369262933037
0.2970000000000001,0.379,0.32399999999999984,0.32850932405543476,-0.04672496807396572,0.04595782509922824,0.40872712960918706,-0.002154615314181748
0.2980000000000001,0.379,0.32299999999999995,0.33011145865768293,-0.047509516581569294,0.04100266422134102,0.4061968413050877,-0.002003081570247274
0.2990000000000001,0.379,0.32199999999999984,0.3317008860612502,-0.04829863395079779,0.03608261770071255,0.40369607385319306,-0.001787657512056051
0.3000000000000001,0.379,0.32099999999999995,0.33327773212571915,-0.04909227235469331,0.03119772832416129,0.40122484834217814,-0.0015094589008168378
0.3010000000000001,0.379,0.31999999999999984,0.3348421206240851,-0.04989038386821184,0.026348038216002224,0.39878318339915153,-0.001169595454277677
0.3020000000000001,0.379,0.31899999999999995,0.33639417333246413,-0.050692920471918194,0.021533588765082365,0.396371095211359,-0.0007691708529061888
0.3030000000000001,0.379,0.31799999999999984,0.33793401012088514,-0.05149983405575927,0.016754420557280585,0.3939885975490752,-0.0003092827418568018
0.2870000000000001,0.38,0.33299999999999985,0.3110275388627939,-0.03900306171871944,0.09460432680370066,0.43207958174506167,-0.00010583650276016314
0.2880000000000001,0.38,0.33199999999999996,0.31275915697139256,-0.03973616455907025,0.08932958624038378,0.42927910980729383,-0.0006215611464855351
0.2890000000000001,0.38,0.33099999999999985,0.31447671672530075,-0.040474274006985944,0.08408956235988803,0.42650776764764414,-0.001062899581561862
0.2900000000000001,0.38,0.32999999999999996,0.31618037130401005,-0.04121734354687715,0.07888429682158275,0.4237656002017364,-0.0014310231732198447
0.2910000000000001,0.38,0.32899999999999985,0.31787027055293476,-0.0419653265403885,0.07371383165825782,0.42105264976884027,-0.0017270966836731398
0.2920000000000001,0.38,0.32799999999999996,0.31954656113877744,-0.042718176228521226,0.06857820914378068,0.41836895602943724,-0.0019522783626361312
0.2930000000000001,0.38,0.32699999999999985,0.32120938669723825,-0.04347584573391926,0.06347747167178171,0.4157145560651366,-0.0021077200266712975
0.2940000000000001,0.38,0.32599999999999996,0.32285888797218537,-0.04423828806336759,0.05841166163877843,0.41308948437783655,-0.002194567127625443
0.2950000000000001,0.38,0.32499999999999984,0.3244952029489919,-0.04500545611046566,0.0533808213339426,0.41049377290936606,-0.0022139588115120835
0.2960000000000001,0.38,0.32399999999999995,0.32611846697987845,-0.04577730265845354,0.0483849928390085,0.4079274510620878,-0.0021670279687104185
0.2970000000000001,0.38,0.32299999999999984,0.32772881290355993,-0.04655378038321281,0.043424217929291284,0.4053905457188837,-0.002054901275293254
0.2980000000000001,0.38,0.32199999999999995,0.32932637115923913,-0.04733484185641778,0.038498537981022755,0.40288308126325206,-0.0018786992268142238
0.2990000000000001,0.38,0.32099999999999984,0.33091126989384795,-0.048120439548786566,0.0336079938879297,0.4004050796012754,-0.001639536165308297
0.3000000000000001,0.38,0.31999999999999995,0.3324836350648237,-0.04891052583350074,0.028752625978006652,0.39795656018194714,-0.0013385202993206622
0.3010000000000001,0.38,0.31899999999999984,0.33404359053940497,-0.04970505298970914,0.02393247393826598,0.3955375400192377,-0.0009767537184771557
0.3020000000000001,0.38,0.31799999999999995,0.3355912581842318,-0.05050397320617663,0.019147576741641473,0.39314803371285795,-0.0005553324016396299
0.3030000000000001,0.38,0.31699999999999984,0.3371267579560482,-0.051307238584993774,0.014397972580252858,0.3907880534709838,-7.534622091968056e-05
0.2870000000000001,0.381,0.33199999999999985,0.3102985142824764,-0.03886546971395328,0.09180093449473975,0.4285397186891815,-0.00029056333772344706
0.2880000000000001,0.381,0.33099999999999996,0.31202511968550367,-0.03959543934250009,0.08655528030207857,0.42576247045600646,-0.0007725924436037881
0.2890000000000001,0.381,0.32999999999999985,0.31373771311066306,-0.04033038146678057,0.08134438810811923,0.42301431078315826,-0.001181226011452808
0.2900000000000001,0.381,0.32899999999999996,0.31543644785884317,-0.041070249727047516,0.07616829693929807,0.42029528273416544,-0.0015176286549134187
0.2910000000000001,0.381,0.32799999999999985,0.3171214738948849,-0.041814997645426955,0.0710270462136023,0.41760542676222506,-0.001782958296887802
0.2920000000000001,0.381,0.32699999999999996,0.31879293800273373,-0.04256457862800087,0.0659206756084896,0.41494478072671725,-0.001978366261376315
0.2930000000000001,0.381,0.32599999999999985,0.3204509839329675,-0.04331894596701959,0.06084922494067165,0.4123133799137754,-0.0021049973540251486
0.2940000000000001,0.381,0.32499999999999996,0.3220957525417807,-0.044078052843353095,0.05581273404939159,0.40971125705473366,-0.002163989931985099
0.2950000000000001,0.381,0.32399999999999984,0.3237273819241809,-0.04484185232906584,0.05081124268802676,0.40713844234749047,-0.0021564759641502862
0.2960000000000001,0.381,0.32299999999999995,0.3253460075390878,-0.04561029739022113,0.04584479042035512,0.4045949634751319,-0.0020835810825059736
0.2970000000000001,0.381,0.32199999999999984,0.32695176232889306,-0.04638334088979082,0.04091341652487053,0.40208084562721197,-0.0019464246253105416
0.2980000000000001,0.381,0.32099999999999995,0.3285447768333319,-0.0471609355907391,0.036017159903216855,0.3995961115199449,-0.001746119672678746
0.2990000000000001,0.381,0.31999999999999984,0.33012517929655205,-0.04794303415922604,0.031156058995032137,0.3971407814173676,-0.0014837730750472938
0.3000000000000001,0.381,0.31899999999999995,0.3316930957697397,-0.04872958916794475,0.026330151693779762,0.3947148731524094,-0.0011604854745994354
0.3010000000000001,0.381,0.31799999999999984,0.33324865021037864,-0.049520553099567474,0.021539475275306225,0.39231840214855784,-0.0007773513223924646
0.3020000000000001,0.381,0.31699999999999995,0.33479196457169885,-0.05031587835031419,0.016784066322555184,0.38995138144117414,-0.00033545888785661273
0.2870000000000001,0.382,0.33099999999999985,0.3095725972611541,-0.038728437090143085,0.0890207435679012,0.42502743850697927,-0.000460716700850192
0.2880000000000001,0.382,0.32999999999999996,0.3112942240012393,-0.03945529072559128,0.08380413498979114,0.4222733288549987,-0.0009097043259739031
0.2890000000000001,0.382,0.32899999999999985,0.31300188498678955,-0.04018708303556946,0.07862233185478877,0.41954826559633773,-0.001286277493799273
0.2900000000000001,0.382,0.32799999999999996,0.314695733635425,-0.04092376781615528,0.07347537058084508,0.41685228994731444,-0.0015915940259216485
0.2910000000000001,0.382,0.32699999999999985,0.31637592002679793,-0.04166529874990423,0.06836328799521012,0.414185440538317,-0.0018268049686914114
0.2920000000000001,0.382,0.32599999999999996,0.3180425910575974,-0.042411629407856526,0.06328612120578792,0.41154775343115874,-0.0019930546864562002
0.2930000000000001,0.382,0.32499999999999984,0.31969589058881814,-0.04316271325167433,0.058243907478033624,0.408939262140356,-0.0020914809426398305
0.2940000000000001,0.382,0.32399999999999995,0.3213359595845788,-0.043918503636036915,0.0532366841193983,0.406359997651278,-0.0021232149711058537
0.2950000000000001,0.382,0.32299999999999984,0.32296293624513783,-0.04467895381117739,0.04826448837092124,0.4038099884403676,-0.00208938153791979
0.2960000000000001,0.382,0.32199999999999995,0.3245769561318871,-0.045444016925592315,0.043327357306234736,0.40128926049529745,-0.0019910989943183596
0.2970000000000001,0.382,0.32099999999999984,0.32617815228669433,-0.04621364602890195,0.03842532773300015,0.39879783733556945,-0.0018294793209918565
0.2980000000000001,0.382,0.31999999999999995,0.32776665534564803,-0.04698779407485705,0.033558436102312086,0.3963357400332749,-0.0016056281652998125
0.2990000000000001,0.382,0.31899999999999984,0.32934259364601126,-0.047766413924489874,0.02872671842441147,0.39390298723369216,-0.0013206448716145628
0.3000000000000001,0.382,0.31799999999999995,0.330906093328764,-0.04854945834938556,0.023930210186426996,0.3914995951763754,-0.0009756225047954296
0.3010000000000001,0.382,0.31699999999999984,0.3324572784376694,-0.049336880035045376,0.019168946277757174,0.3891255777175447,-0.0005716478683422295
0.3020000000000001,0.382,0.31599999999999995,0.3339962710086815,-0.05012863158440991,0.014442960917518791,0.3867809463504682,-0.0001098015163514955
0.2860000000000001,0.383,0.33099999999999996,0.30711901223353394,-0.03787315790126314,0.09148608770956779,0.4243025696689223,-0.00012748204916010995
0.2870000000000001,0.383,0.32999999999999985,0.3088497707817591,-0.03859196156984494,0.08626366926947679,0.42154255193779233,-0.0006166739126042577
0.2880000000000001,0.383,0.32899999999999996,0.31056645261240073,-0.039315716316884776,0.08107606459923974,0.41881149553043023,-0.0010332649071664885
0.2890000000000001,0.383,0.32799999999999985,0.31226921475829655,-0.0400443762049572,0.07592330696741079,0.41610944241969117,-0.0013784129869395187
0.2900000000000001,0.383,0.32699999999999996,0.31395821074921865,-0.040777895185965224,0.07080543020901055,0.41343643199766195,-0.001653269143886596
0.2910000000000001,0.383,0.32599999999999985,0.3156335907751367,-0.041516227102806565,0.06572246858740986,0.4107925010960553,-0.001858977513063284
0.2920000000000001,0.383,0.32499999999999996,0.31729550184098854,-0.042259325691326066,0.06067445666468346,0.40817768400328913,-0.0019966754667668438
0.2930000000000001,0.383,0.32399999999999984,0.31894408791376505,-0.043007144582400236,0.055661429179525004,0.40559201248538923,-0.00206749369697758
0.2940000000000001,0.383,0.32299999999999995,0.32057949006119685,-0.04375963730425808,0.05068342093437479,0.40303551580479136,-0.0020725562882808087
0.2950000000000001,0.383,0.32199999999999984,0.3222018465845307,-0.044516757284964986,0.045740466683977805,0.40050822074012804,-0.002012980780490268
0.2960000000000001,0.383,0.32099999999999995,0.32381129314338314,-0.0452784578550537,0.04083260103567708,0.39801015160713166,-0.001889878223101122
0.2970000000000001,0.383,0.31999999999999984,0.32540796287495266,-0.04604469225034461,0.03595985835196356,0.39554133027814753,-0.0017043532214170692
0.2980000000000001,0.383,0.31899999999999995,0.32699198650761646,-0.04681541361485597,0.031122272659752225,0.3931017762043936,-0.0014575039750503917
0.2990000000000001,0.383,0.31799999999999984,0.32856349246775096,-0.04759057500393541,0.02631987756611565,0.3906915064345193,-0.0011504223101635367
0.3000000000000001,0.383,0.31699999999999995,0.33012260698214835,-0.048370129387393976,0.021552706176047185,0.3883105356388939,-0.0007841937041730405
0.3010000000000001,0.383,0.31599999999999984,0.33166945417697297,-0.04915402965290001,0.016820791018379556,0.3859588761277612,-0.0003598973062599246
0.2860000000000001,0.384,0.32999999999999996,0.3064042166404832,-0.03774028570911392,0.08872312615059147,0.42082187887479083,-0.00030234308855220035
0.2870000000000001,0.384,0.32899999999999985,0.30813001793940126,-0.03845604088071205,0.08352962663015853,0.41808487103374387,-0.0007588052267614963
0.2880000000000001,0.384,0.32799999999999996,0.3098417883278172,-0.03917671373083994,0.07837098322758991,0.41537678233369424,-0.0011436353390264949
0.2890000000000001,0.384,0.32699999999999985,0.31153968494775997,-0.03990225847334986,0.07324722663525295,0.4126976529216391,-0.0014579845940192373
0.2900000000000001,0.384,0.32599999999999996,0.3132238614366023,-0.04063262921591783,0.06815838812882825,0.4100475203901617,-0.001702997118017996
0.2910000000000001,0.384,0.32499999999999984,0.3148944680901586,-0.04136777996170584,0.06310449943248311,0.4074264197950122,-0.001879810102156848
0.2920000000000001,0.384,0.32399999999999995,0.3165516520172223,-0.04210766461119889,0.058085592588128815,0.40483438367505753,-0.001989553896805331
0.2930000000000001,0.384,0.32299999999999984,0.3181955572864762,-0.04285223696427626,0.053101699834715285,0.40227144207083226,-0.00203335209582004
0.2940000000000001,0.384,0.32199999999999995,0.31982632506494285,-0.043601450722437866,0.048152853492874334,0.39973762254502343,-0.0020123216099073894
0.2950000000000001,0.384,0.32099999999999984,0.32144409375064753,-0.04435525949122596,0.0432390858566967,0.39723295020224425,-0.0019275727311079882
0.2960000000000001,0.384,0.31999999999999995,0.3230489990972865,-0.0451136167828271,0.03836042909290664,0.3947574477083809,-0.0017802091886788447
0.2970000000000001,0.384,0.31899999999999984,0.3246411743333163,-0.04587647601876943,0.033516915144896076,0.39231113531289924,-0.0015713281964935414
0.2980000000000001,0.384,0.31799999999999995,0.3262207502753569,-0.04664379053284812,0.028708575639746967,0.3898940308674807,-0.0013020204931838064
0.2990000000000001,0.384,0.31699999999999984,0.32778785543493977,-0.04741551357411215,0.02393544180679642,0.3875061498482494,-0.0009733703759353821
0.3000000000000001,0.384,0.31599999999999995,0.3293426161207834,-0.04819159831000169,0.019197544394648224,0.38514750537700565,-0.0005864557271220193
0.3010000000000001,0.384,0.31499999999999984,0.3308851565376341,-0.04897199782960378,0.014494913597317732,0.3828181082425733,-0.00014234803612500927
0.2860000000000001,0.385,0.32899999999999996,0.3056924445580811,-0.03760794948373567,0.0859831528036077,0.4173682919126286,-0.0004631053860054222
0.2870000000000001,0.385,0.32799999999999985,0.3074133219405319,-0.03832067275550552,0.08081853047570146,0.4146542091516484,-0.0008874739459334077
0.2880000000000001,0.385,0.32699999999999996,0.3091202140705483,-0.039038280587855266,0.07568880478756738,0.4119690024322136,-0.0012411699271632076
0.2890000000000001,0.385,0.32599999999999985,0.3108132781948111,-0.03976072734591594,0.07059400387930612,0.40931271009979064,-0.0015253376764027844
0.2900000000000001,0.385,0.32499999999999996,0.31249266805386594,-0.04048796729311338,0.06553415649397094,0.406685367969711,-0.0017411144214022397
0.2910000000000001,0.385,0.32399999999999984,0.31415853404496624,-0.041219954592752274,0.060509291841260485,0.40408700934580305,-0.0018896303786121952
0.2920000000000001,0.385,0.32299999999999995,0.31581102337642525,-0.04195664330980344,0.05551943946825144,0.4015176650398664,-0.0019720088488930877
0.2930000000000001,0.385,0.32199999999999984,0.317450280214305,-0.04269798741289289,0.050564629137600806,0.39897736339132067,-0.001989366302467473
0.2940000000000001,0.385,0.32099999999999995,0.319076445820724,-0.043443940776510884,0.04564489071440352,0.396466130285568,-0.0019428124542193153
0.2950000000000001,0.385,0.31999999999999984,0.3206896586863449,-0.0441944571833353,0.0407602540579273,0.3939839891756156,-0.0018334503291093113
0.2960000000000001,0.385,0.31899999999999995,0.32229005465484767,-0.04494949032676475,0.035910748919295646,0.3915309611016863,-0.0016623763191191722
0.2970000000000001,0.385,0.31799999999999984,0.323877767041891,-0.04570899381360608,0.03109640484678377,0.38910706471109013,-0.0014306802326511268
0.2980000000000001,0.385,0.31699999999999995,0.32545292674840803,-0.04647292116686268,0.026317251094530723,0.3867123162802754,-0.001139445335961564
0.2990000000000001,0.385,0.31599999999999984,0.32701566236717855,-0.04724122582871433,0.021573316539062016,0.3843467297344383,-0.000789748388515392
0.3000000000000001,0.385,0.31499999999999995,0.32856610028500993,-0.04801386116356054,0.016864629597753505,0.3820103166701038,-0.00038265967130890434
0.2850000000000001,0.386,0.32899999999999985,0.30325359229599197,-0.036771336318258255,0.08843678151608245,0.416661659270553,-0.00014636488922225438
0.2860000000000001,0.386,0.32799999999999996,0.3049836795839007,-0.0374761470718053,0.08326608322213311,0.4139416236310819,-0.000610134352714696
0.2870000000000001,0.386,0.32699999999999985,0.3066996661021619,-0.038185854932142715,0.07813029543979787,0.4112503809445693,-0.0010030365358199133
0.2880000000000001,0.386,0.32599999999999996,0.3084017128770047,-0.03890041451428684,0.0730294430166538,0.408587970302007,-0.001326216243552461
0.2890000000000001,0.386,0.32499999999999984,0.3100899772553136,-0.039619780334651376,0.06796355156585193,0.40595442827053085,-0.0015808109667582344
0.2900000000000001,0.386,0.32399999999999995,0.3117646130763958,-0.04034390681235295,0.06293264732202246,0.403349788911397,-0.0017679510033293006
0.2910000000000001,0.386,0.32299999999999984,0.31342577083459655,-0.04107274827070929,0.057936757004971584,0.4007740838000655,-0.0018887595664322885
0.2920000000000001,0.386,0.32199999999999995,0.3150735978334766,-0.04180625893899283,0.05297590769225927,0.39822734204437565,-0.0019443528817514643
0.2930000000000001,0.386,0.32099999999999984,0.3167082383322805,-0.04254439295434964,0.04805012669637306,0.3957095903047641,-0.0019358402732268893
0.2940000000000001,0.386,0.31999999999999995,0.3183298336840577,-0.04328710436394257,0.04315944145148751,0.3932208528129018,-0.0018643242394431412
0.2950000000000001,0.386,0.31899999999999984,0.3199385224679877,-0.04403434712722026,0.03830387940593649,0.39076115139298856,-0.0017309005204723948
0.2960000000000001,0.386,0.31799999999999995,0.3215344406137144,-0.04478607511838335,0.03348346792099748,0.38833050548162557,-0.0015366581562968919
0.2970000000000001,0.386,0.31699999999999984,0.32311772152015483,-0.045542242129023136,0.028698234176124226,0.38592893214707114,-0.0012826795376789822
0.2980000000000001,0.386,0.31599999999999995,0.3246884961686222,-0.046302801870823064,0.023948205076393714,0.383556446112409,-0.0009700404486722007
0.2990000000000001,0.386,0.31499999999999984,0.32624689322930484,-0.04706770797848175,0.019233407170781,0.3812130597748181,-0.0005998101038731242
0.3000000000000001,0.386,0.31399999999999995,0.3277930391633293,-0.04783691401271863,0.014553866570922095,0.3788987832269978,-0.0001730511785219312
0.2850000000000001,0.387,0.32799999999999985,0.30255272148722695,-0.036643031892648954,0.08571377951585506,0.4132389278122193,-0.0003118147551370489
0.2860000000000001,0.387,0.32699999999999996,0.30427790542246697,-0.03734487632442525,0.0805718327590262,0.4105416901549924,-0.000743788572791922
0.2870000000000001,0.387,0.32599999999999985,0.30598903385105924,-0.03805158515374657,0.07546483597546864,0.4078732023533035,-0.0011058427375425523
0.2880000000000001,0.387,0.32499999999999996,0.3076862678961638,-0.038763113142508326,0.07039281149082656,0.40523350171807115,-0.0013991152386468187
0.2890000000000001,0.387,0.32399999999999984,0.30936976500047364,-0.03947941495840468,0.06535578241607157,0.402622623060653,-0.0016247366793492313
0.2900000000000001,0.387,0.32299999999999995,0.31103967909772573,-0.040200445176149645,0.06035377250254325,0.400040598712262,-0.001783830398416045
0.2910000000000001,0.387,0.32199999999999984,0.31269616077509627,-0.04092615827895467,0.05538680600587083,0.3974874585421236,-0.0018775125796314136
0.2920000000000001,0.387,0.32099999999999995,0.3143393574271551,-0.04165650866019167,0.050454907557999806,0.39496322997732375,-0.0019068923495701127
0.2930000000000001,0.387,0.31999999999999984,0.3159694134021651,-0.04239145062527146,0.04555810204588924,0.3924679380220715,-0.001873071864815141
0.2940000000000001,0.387,0.31899999999999995,0.3175864701400157,-0.04313093839371711,0.040696414498080764,0.39000160527683947,-0.0017771463893631366
0.2950000000000001,0.387,0.31799999999999984,0.31919066630438986,-0.04387492610137198,0.03586986997804472,0.38756425195967575,-0.0016202043628494164
0.2960000000000001,0.387,0.31699999999999995,0.320782137906912,-0.044623367802815256,0.031078493481697278,0.38515589592558375,-0.001403327460118193
0.2970000000000001,0.387,0.31599999999999984,0.32236101842581155,-0.04537621747391349,0.026322309843121658,0.38277655268695476,-0.0011275906433695186
0.2980000000000001,0.387,0.31499999999999995,0.3239274389189724,-0.04613342901449347,0.021601343645126413,0.3804262354351712,-0.0007940622069016415
0.2990000000000001,0.387,0.31399999999999983,0.32548152813020753,-0.04689495625117684,0.0169156191341883,0.3781049550610541,-0.0004038038150911698
0.2850000000000001,0.388,0.32699999999999985,0.30185479265779536,-0.03651524098757179,0.08301355444958061,0.4098428330293907,-0.0004636229205480947
0.2860000000000001,0.388,0.32599999999999996,0.3035751058845642,-0.03721413509714473,0.07790031658181043,0.4071683088774083,-0.0008644199152267502
0.2870000000000001,0.388,0.32499999999999984,0.30528140872295595,-0.037917861168655184,0.07282206636631791,0.40452249059846074,-0.001196235678149903
0.2880000000000001,0.388,0.32399999999999995,0.3069738623887098,-0.038626374110916926,0.06777882363363603,0.4019054137460783,-0.0014602013507660355
0.2890000000000001,0.388,0.32299999999999984,0.30865262441600017,-0.039339628742865736,0.06277060901762051,0.39931711139936055,-0.0016574406189111598
0.2900000000000001,0.388,0.32199999999999995,0.3103178488286971,-0.040057579794733775,0.057797443809961616,0.3967576141818645,-0.0017890698350860792
0.2910000000000001,0.388,0.32099999999999984,0.3119696863025894,-0.04078018190947007,0.052859349826885366,0.39422695027974886,-0.0018561981292187094
0.2920000000000001,0.388,0.31999999999999995,0.3136082843191032,-0.0415073896443463,0.047956349279842624,0.3917251454616015,-0.0018599275071588183
0.2930000000000001,0.388,0.31899999999999984,0.31523378731142926,-0.042239157472769025,0.043088464655487387,0.3892522230980798,-0.00180135293906939
0.2940000000000001,0.388,0.31799999999999995,0.31684633680226,-0.04297543978628888,0.03825571860166964,0.38680820418125444,-0.0016815624378330512
0.2950000000000001,0.388,0.31699999999999984,0.31844607153577376,-0.04371619089677218,0.03345813382036464,0.38439310734478915,-0.001501637128567681
0.2960000000000001,0.388,0.31599999999999995,0.32003312760167313,-0.044461365038727836,0.028695732967726824,0.38200694888466175,-0.0012626513097120234
0.2970000000000001,0.388,0.31499999999999984,0.3216076385536952,-0.04521091637180024,0.023968538559579408,0.3796497427794416,-0.0009656725065332475
0.2980000000000001,0.388,0.31399999999999995,0.3231697355224446,-0.04596479898340102,0.019276572878665573,0.37732150071091775,-0.0006117615167994402
0.2990000000000001,0.388,0.31299999999999983,0.3247195473216447,-0.04672296689146801,0.014619857894499664,0.3750222320851802,-0.00020197245103107352
0.2840000000000001,0.389,0.32699999999999996,0.2994301845238908,-0.03569684653891688,0.08545560190254058,0.40915371379374443,-0.00016272915259063318
0.2850000000000001,0.389,0.32599999999999985,0.30115978999619847,-0.03638796156705207,0.08033602219620292,0.4064731937556929,-0.0006021433410907974
0.2860000000000001,0.389,0.32499999999999996,0.3028752648864023,-0.03708392125023934,0.07525144967986709,0.4038212984529302,-0.0009723736427635875
0.2870000000000001,0.389,0.32399999999999984,0.30457677436177455,-0.037784680730708134,0.07020190073842611,0.4011980641731369,-0.0012745519795499
0.2880000000000001,0.389,0.32299999999999995,0.306264479726272,-0.03849019506420009,0.06518739273012407,0.39860352473575505,-0.001509802614373043
0.2890000000000001,0.389,0.32199999999999984,0.30793853860125786,-0.039200419220847084,0.06020794383536767,0.39603771151055445,-0.0016792422877843763
0.2900000000000001,0.389,0.32099999999999995,0.30959910509655625,-0.0399153080863108,0.055263572912848495,0.3935006534354104,-0.0017839803414095119
0.2910000000000001,0.389,0.31999999999999984,0.3112463299723975,-0.040634816463112844,0.0503542993633644,0.3909923770362131,-0.0018251188287315145
0.2920000000000001,0.389,0.31899999999999995,0.3128803607929612,-0.041358899072198155,0.04548014300242603,0.3885129064458636,-0.0018037526149675452
0.2930000000000001,0.389,0.31799999999999984,0.31450134207231156,-0.04208751055469771,0.04064112394043156,0.3860622634234871,-0.001720969466561635
0.2940000000000001,0.389,0.31699999999999995,0.3161094154119748,-0.04282060547385522,0.03583726246983651,0.38364046737494817,-0.0015778501307096597
0.2950000000000001,0.389,0.31599999999999984,0.31770471963273034,-0.0435581383171567,0.03106857895711389,0.3812475353721297,-0.0013754684060346264
0.2960000000000001,0.389,0.31499999999999995,0.3192873908984861,-0.04430006349859256,0.026335093742681046,0.3788834821738966,-0.0011148912048615728
0.2970000000000001,0.389,0.31399999999999983,0.32085756283465044,-0.045046335361090234,0.02163682704708877,0.3765483202463262,-0.0007971786081661589
0.2980000000000001,0.389,0.31299999999999994,0.3224153666408567,-0.04579690817907836,0.016973798879784077,0.37424205978362474,-0.00042338391287581687
0.2840000000000001,0.39,0.32599999999999996,0.2987429432989301,-0.03557296316546112,0.08277209386415789,0.4057877621153998,-0.0003192013491802887
0.2850000000000001,0.39,0.32499999999999984,0.3004676977929688,-0.03626119159904937,0.07768109845129167,0.40312983006646563,-0.0007277233753266547
0.2860000000000001,0.39,0.32399999999999995,0.3021783664489492,-0.03695423264865387,0.07262514688017369,0.4005004787889922,-0.0010679885208023515
0.2870000000000001,0.39,0.32299999999999984,0.3038751145188319,-0.037652041599167865,0.06760425307039593,0.3978997428347254,-0.00134112186560696
0.2880000000000001,0.39,0.32199999999999995,0.3055581033905471,-0.03835457365325548,0.06261843193393052,0.3953276543121364,-0.001548240765981401
0.2890000000000001,0.39,0.32099999999999984,0.3072274907684402,-0.039061783932209326,0.057667699222619696,0.3927842429031437,-0.0016904549917673359
0.2900000000000001,0.39,0.31999999999999995,0.3088834308441025,-0.0397736274769852,0.05275207138514932,0.39026953588350466,-0.0017688668501644415
0.2910000000000001,0.39,0.31899999999999984,0.3105260744581154,-0.04049005924951042,0.04787156543200847,0.3877835581408722,-0.0017845712978439244
0.2920000000000001,0.39,0.31799999999999995,0.312155569253374,-0.0412110341341799,0.043026198807527484,0.38532633219433593,-0.0017386560415216558
0.2930000000000001,0.39,0.31699999999999984,0.3137720598208457,-0.04193650693954167,0.03821598927108691,0.38289787821457333,-0.0016322016284709348
0.2940000000000001,0.39,0.31599999999999995,0.31537568783695896,-0.042666432400205956,0.033440954783933455,0.38049821404232675,-0.0014662815273793484
0.2950000000000001,0.39,0.31499999999999984,0.31696659219520656,-0.0434007651788676,0.028701113400488906,0.3781273552100418,-0.0012419621997098377
0.2960000000000001,0.39,0.31399999999999995,0.31854490912991973,-0.04413945986853905,0.02399648317109567,0.3757853149612987,-0.0009603031639256383
0.2970000000000001,0.39,0.31299999999999983,0.32011077233445717,-0.0448824709949108,0.019327082046610683,0.3734721042716156,-0.000622357051385458
0.2980000000000001,0.39,0.31199999999999994,0.32166431307379356,-0.04562975301886283,0.014692927787401432,0.3711877318689673,-0.000229169655090288
0.2830000000000001,0.391,0.32599999999999985,0.2963244188344466,-0.0347690398639502,0.08520867647581908,0.4051119203190244,-1.5774997311743255e-05
0.2840000000000001,0.391,0.32499999999999996,0.29805856494828276,-0.035449571791449884,0.08011115338188149,0.4024479914565154,-0.0004624719657097421
0.2850000000000001,0.391,0.32399999999999984,0.2997785004399728,-0.036134929055407695,0.07504869873935707,0.39981256327049275,-0.0008407038922089161
0.2860000000000001,0.391,0.32299999999999995,0.3014843946971149,-0.03682506716194534,0.07002132285439369,0.3972056710373779,-0.0011515969233162303
0.2870000000000001,0.391,0.32199999999999984,0.3031764130520892,-0.0375199415386583,0.06502903720552045,0.39462734759605306,-0.0013962692681010885
0.2880000000000001,0.391,0.32099999999999995,0.3048547169725676,-0.0382195075351422,0.06007185428171637,0.39207762336540514,-0.0015758313498663943
0.2890000000000001,0.391,0.31999999999999984,0.3065194642417152,-0.03892372042376374,0.05514978743036436,0.3895565263628004,-0.001691385943777047
0.2900000000000001,0.391,0.31899999999999995,0.30817080912880696,-0.03963253540065506,0.0502628507154398,0.3870640822236463,-0.001744028301653133
0.2910000000000001,0.391,0.31799999999999984,0.3098089025507302,-0.04034590758696386,0.045411058781442026,0.38460031421954627,-0.0017348462646746554
0.2920000000000001,0.391,0.31699999999999995,0.3114338922251209,-0.041063792030280946,0.04059442672647744,0.3821652432784298,-0.0016649203649117686
0.2930000000000001,0.391,0.31599999999999984,0.3130459228159034,-0.04178614370629597,0.03581296998236015,0.37975888800330043,-0.0015353239168338093
0.2940000000000001,0.391,0.31499999999999995,0.31464513607053657,-0.042512917520604133,0.031066704203440605,0.37738126469289834,-0.001347123099229984
0.2950000000000001,0.391,0.31399999999999983,0.3162316709514617,-0.043244068310709746,0.026355645158606427,0.37503238736135064,-0.00110137702813023
0.2960000000000001,0.391,0.31299999999999994,0.31780566375966834,-0.043979550848178506,0.021679808631759785,0.372712267758635,-0.000799137821697697
0.2970000000000001,0.391,0.31199999999999983,0.3193672482527536,-0.04471931984094371,0.017039210327338215,0.3704209153910997,-0.0004414506575883509
0.2980000000000001,0.391,0.31099999999999994,0.3209165557574208,-0.045463329935746706,0.012433865781783853,0.3681583375424381,-2.935382343292837e-05
0.2830000000000001,0.392,0.32499999999999984,0.29564771979183013,-0.03464896275911501,0.08254175901512169,0.4017756898628716,-0.0001767993053473152
0.2840000000000001,0.392,0.32399999999999995,0.2973770342286811,-0.035326670491884316,0.07747269667640576,0.39913422451491654,-0.0005928839354712254
0.2850000000000001,0.392,0.32299999999999984,0.2990921824297165,-0.03600917191214302,0.07243873842578892,0.3965212159028302,-0.0009414193767868732
0.2860000000000001,0.392,0.32199999999999995,0.3007933338590806,-0.03669642266454668,0.06743989213347634,0.3939366975880889,-0.0012235249379715946
0.2870000000000001,0.392,0.32099999999999984,0.3024806539253645,-0.03738837831944479,0.06247616686125828,0.3913807007180673,-0.0014403119304851886
0.2880000000000001,0.392,0.31999999999999995,0.30415430417184486,-0.03808499437332733,0.057547572700332214,0.388853254045042,-0.001592883820340829
0.2890000000000001,0.392,0.31899999999999984,0.30581444245641853,-0.03878622624955154,0.052654120618473056,0.38635438394407096,-0.001682336366282615
0.2900000000000001,0.392,0.31799999999999995,0.3074612231219865,-0.039492029299287724,0.04779582231844049,0.38388411443219966,-0.001709757745320951
0.2910000000000001,0.392,0.31699999999999984,0.30909479715774396,-0.04020235880270699,0.042972690102430426,0.38144246718697455,-0.0016762286662033435
0.2920000000000001,0.392,0.31599999999999995,0.3107153123521505,-0.040917169970349186,0.03818473674725686,0.37902946156671335,-0.00158282247213263
0.2930000000000001,0.392,0.31499999999999984,0.31232291343823626,-0.04163641794471731,0.03343197538249081,0.37664511462943817,-0.001430605232890095
0.2940000000000001,0.392,0.31399999999999995,0.31391774223068347,-0.042360057802041926,0.028714419380076482,0.37428944115275486,-0.001220635828031215
0.2950000000000001,0.392,0.31299999999999983,0.3154999377570924,-0.04308804455421468,0.02403208224597651,0.3719624536540784,-0.0009539660207633555
0.2960000000000001,0.392,0.31199999999999994,0.3170696363814298,-0.04382033315087289,0.019384977522543898,0.3696641624114968,-0.0006316405243128316
0.2970000000000001,0.392,0.31099999999999983,0.31862697192193806,-0.04455687848165964,0.014773118694026364,0.3673945754836072,-0.00025469706063134274
0.2830000000000001,0.393,0.32399999999999984,0.2949738216479242,-0.03452935883990741,0.07989728489101168,0.39846537063079035,-0.0003247073704712323
0.2840000000000001,0.393,0.32299999999999995,0.2966983359942571,-0.03520425734522361,0.07485663980485621,0.3958462851984817,-0.0007107738153519678
0.2850000000000001,0.393,0.32199999999999984,0.29840872835460275,-0.03588391814942663,0.06985113272562622,0.3932556117190096,-0.001030198033543036
0.2860000000000001,0.393,0.32099999999999995,0.3001051682654982,-0.03656829703579288,0.06488076911465748,0.39069338206062165,-0.0012840924689909734
0.2870000000000001,0.393,0.31999999999999984,0.3017878212075891,-0.037257349717427696,0.05994555564075413,0.3881596257023425,-0.0014735615103724847
0.2880000000000001,0.393,0.31899999999999995,0.30345684879563334,-0.037951031837688255,0.05504550002004796,0.3856543697513164,-0.0015997016438692837
0.2890000000000001,0.393,0.31799999999999984,0.3051124089582196,-0.038649298970825766,0.05018061086500716,0.38317763896236023,-0.0016636015918419407
0.2900000000000001,0.393,0.31699999999999995,0.3067546561079012,-0.03935210662289666,0.04535089754203961,0.38072945575606343,-0.0016663424390878775
0.2910000000000001,0.393,0.31599999999999984,0.30838374130227375,-0.040059410232881246,0.04055637003637345,0.3783098402380081,-0.001608997747004355
0.2920000000000001,0.393,0.31499999999999995,0.3099998123967256,-0.04077116517400947,0.03579703882658714,0.3759188102183115,-0.0014926336571546052
0.2930000000000001,0.393,0.31399999999999983,0.31160301418957354,-0.041487326755282376,0.031072914764003888,0.37355638123137386,-0.001318308984397038
0.2940000000000001,0.393,0.31299999999999994,0.31319348855896123,-0.042207850223181805,0.026384008962169456,0.3712225665555911,-0.0010870753011103856
0.2950000000000001,0.393,0.31199999999999983,0.3147713745939909,-0.042932690763554535,0.021730332690317627,0.36891737723313495,-0.0007999770125320734
0.2960000000000001,0.393,0.31099999999999994,0.31633680871795317,-0.04366180350363624,0.017111897272722162,0.3666408220909231,-0.0004580514237560798
0.2970000000000001,0.393,0.30999999999999983,0.31788992480613115,-0.04439514351424264,0.012528713996465627,0.36439290776090694,-6.232879999580046e-05
0.2820000000000001,0.394,0.32399999999999995,0.2925687122958846,-0.03374289731339323,0.08232261158666372,0.3978059109266312,-3.6345741709383275e-05
0.2830000000000001,0.394,0.32299999999999984,0.2943027096125597,-0.03441022628341874,0.07727517084854751,0.3951807878895973,-0.0004598377830853286
0.2840000000000001,0.394,0.32199999999999995,0.29602245519576753,-0.03508233043347358,0.07226289866589387,0.3925839986154611,-0.000816471888716655
0.2850000000000001,0.394,0.32099999999999984,0.2977281229062783,-0.03575916575166702,0.06728579671695245,0.3900155756852746,-0.0011073618897024292
0.2860000000000001,0.394,0.31999999999999995,0.2994198823488264,-0.03644068815994287,0.06234386807540613,0.3874755492970602,-0.0013336133391836941
0.2870000000000001,0.394,0.31899999999999984,0.30109789907201967,-0.037126853514181525,0.05743711704129844,0.38496394728271505,-0.0014963236801980653
0.2880000000000001,0.394,0.31799999999999995,0.30276233475808645,-0.03781761760454335,0.05256554898133485,0.3824807951268487,-0.0015965823986301437
0.2890000000000001,0.394,0.31699999999999984,0.30441334740232023,-0.03851293615607597,0.047729170176636304,0.38002611598529423,-0.0016354711623987371
0.2900000000000001,0.394,0.31599999999999995,0.30605109148298354,-0.03921276482955475,0.042927987680632926,0.3775999307040752,-0.001614063948221103
0.2910000000000001,0.394,0.31499999999999984,0.3076757181221935,-0.03991705922254963,0.03816200918544271,0.3752022578384217,-0.0015334271567798551
0.2920000000000001,0.394,0.31399999999999995,0.30928737523845756,-0.040625774870699016,0.0334312428958931,0.3728331136720995,-0.0013946197170680002
0.2930000000000001,0.394,0.31299999999999983,0.3108862076916401,-0.04133886724917883,0.028735697410226906,0.370492512236942,-0.0011986931806684882
0.2940000000000001,0.394,0.31199999999999994,0.3124723574196387,-0.04205629177434173,0.024075381607395707,0.368180465333241,-0.0009466918065234569
0.2950000000000001,0.394,0.31099999999999983,0.31404596356938447,-0.04277800380554829,0.019450304542583268,0.3658969825492524,-0.0006396526377161764
0.2960000000000001,0.394,0.30999999999999994,0.3156071626199311,-0.043503958647133995,0.014860475347300147,0.36364207128209636,-0.0002786055697602402
0.2820000000000001,0.395,0.32299999999999995,0.2919051532772449,-0.0336269828670963,0.0796944794161082,0.3945246341296737,-0.0001887817252885192
0.2830000000000001,0.395,0.32199999999999984,0.2936343689890767,-0.034291563269670144,0.07467533347094783,0.39192176808909435,-0.0005825228677647457
0.2840000000000001,0.395,0.32099999999999995,0.2953493768800264,-0.034960887842232086,0.06969138901617267,0.3893471910672185,-0.0009103022678852175
0.2850000000000001,0.395,0.31999999999999984,0.29705035087489207,-0.035634912707527444,0.06474264534871937,0.3868009339724159,-0.0011732268954785623
0.2860000000000001,0.395,0.31899999999999995,0.2987374606425444,-0.03631359392623307,0.059829103180268135,0.38428302535339526,-0.001372395389737457
0.2870000000000001,0.395,0.31799999999999984,0.30041087179552434,-0.0369968874969862,0.054950764466451946,0.38179349141731894,-0.0015088982268491296
0.2880000000000001,0.395,0.31699999999999995,0.30207074607953344,-0.03768474935668697,0.05010763224777038,0.37933235604793836,-0.001583817873547162
0.2890000000000001,0.395,0.31599999999999984,0.3037172415526286,-0.03837713538105793,0.04529971049732969,0.37689964082379834,-0.0015982289268301015
0.2900000000000001,0.395,0.31499999999999995,0.3053505127549291,-0.039074001385415585,0.04052700398077269,0.3744953650380026,-0.0015531982415177602
0.2910000000000001,0.395,0.31399999999999983,0.30697071086926025,-0.039775303125693356,0.03578951812130828,0.37211954571662836,-0.0014497850460204837
0.2920000000000001,0.395,0.31299999999999994,0.30857798387348073,-0.040480996299659566,0.03108725887376766,0.3697721976380697,-0.001289041047475983
0.2930000000000001,0.395,0.31199999999999983,0.3101724766852689,-0.04119103654830941,0.026420232605868836,0.3674533333536365,-0.0010720105268706465
0.2940000000000001,0.395,0.31099999999999994,0.3117543312986652,-0.04190537945748434,0.021788445987855398,0.3651629632060447,-0.0007997304254219761
0.2950000000000001,0.395,0.30999999999999983,0.31332368691483836,-0.042623980559608345,0.0171919058847715,0.36290109535081305,-0.0004732304216330126
0.2960000000000001,0.395,0.30899999999999994,0.31488068006507347,-0.043346795335624765,0.01263061925933976,0.3606677357757695,-9.353300133282299e-05
0.2820000000000001,0.396,0.32199999999999995,0.29124432011729096,-0.03351152171529045,0.07708858465664932,0.39126883112794014,-0.00032852031196975787
0.2830000000000001,0.396,0.32099999999999984,0.29296878517368624,-0.03417336798159858,0.07209768919028754,0.38868813885431575,-0.0006930887842530337
0.2840000000000001,0.396,0.31999999999999995,0.29467908618914546,-0.03483992766065268,0.06714202647537017,0.38613569004123593,-0.0009925829934078843
0.2850000000000001,0.396,0.31899999999999984,0.2963753971484332,-0.0355111570099207,0.062221593452728124,0.38361151394644166,-0.0012281030240333538
0.2860000000000001,0.396,0.31799999999999995,0.2980578877804932,-0.03618701222883773,0.057336388494173954,0.38111563749157507,-0.001400740579315534
0.2870000000000001,0.396,0.31699999999999984,0.29972672375782045,-0.03686744945878488,0.052486411234961707,0.3786480852802084,-0.0015115791493643446
0.2880000000000001,0.396,0.31599999999999995,0.3013820668856623,-0.03755242478332298,0.04767166241328639,0.37620887961690075,-0.0015616941647677842
0.2890000000000001,0.396,0.31499999999999984,0.30302407528098957,-0.03824189422871834,0.04289214371945907,0.37379804052430293,-0.0015521531371884296
0.2900000000000001,0.396,0.31399999999999995,0.30465290354193514,-0.03893581376464406,0.038147857653888076,0.3714155857638328,-0.0014840157870656574
0.2910000000000001,0.396,0.31299999999999983,0.3062687029082604,-0.039634139305153776,0.033438807394441245,0.3690615308537649,-0.0013583341604842302
0.2920000000000001,0.396,0.31199999999999994,0.30787162141348806,-0.04033682670983874,0.02876499667089359,0.3667358890888644,-0.0011761527351333372
0.2930000000000001,0.396,0.31099999999999983,0.3094618040294762,-0.04104383178518585,0.02412642964521684,0.36443867155986365,-0.0009385085162878352
0.2940000000000001,0.396,0.30999999999999994,0.3110393928027785,-0.041755110286110834,0.019523110801080646,0.3621698871734629,-0.0006464311239177474
0.2950000000000001,0.396,0.30899999999999983,0.31260452698527874,-0.042470617917653865,0.014955044838011711,0.3599295426728827,-0.0003009428711943491
0.2810000000000001,0.397,0.32199999999999984,0.2888521545552421,-0.03274211212432291,0.07950280391552586,0.3906250998897564,-5.46264779387861e-05
0.2820000000000001,0.397,0.32099999999999995,0.2905861985559651,-0.03339651213496217,0.07450484441449187,0.3880383308617802,-0.0004558896714581002
0.2830000000000001,0.397,0.31999999999999984,0.29230594365483037,-0.034055638605491295,0.06954215429760634,0.38547972898124105,-0.0007918556263743146
0.2840000000000001,0.397,0.31899999999999995,0.2940115683599587,-0.03471944798188439,0.06461472654129653,0.38294932420645555,-0.0010636261330458276
0.2850000000000001,0.397,0.31799999999999984,0.2957032467120281,-0.03538789665641456,0.059722555752696804,0.3804471441657997,-0.0012722943684782004
0.2860000000000001,0.397,0.31699999999999995,0.29738114849611036,-0.036060940967303494,0.054865637989444334,0.3779732141749674,-0.0014189450802979814
0.2870000000000001,0.397,0.31599999999999984,0.2990454394407269,-0.03673853719862388,0.05004397059003107,0.37552755725641135,-0.001504654754782551
0.2880000000000001,0.397,0.31499999999999995,0.3006962814067926,-0.03742064158052375,0.045257552013836126,0.3731101941559733,-0.0015304917712407372
0.2890000000000001,0.397,0.31399999999999983,0.30233383256635343,-0.038107210289659285,0.040506381691119794,0.3707211433622375,-0.0014975165428139864
0.2900000000000001,0.397,0.31299999999999994,0.30395824757180934,-0.038798199449859,0.03579045988187977,0.3683604211262593,-0.0014067816450599024
0.2910000000000001,0.397,0.31199999999999983,0.3055696777161653,-0.03949356513305262,0.031109787543306885,0.3660280414791745,-0.0012593319335677308
0.2920000000000001,0.397,0.31099999999999994,0.3071682710849291,-0.04019326336035765,0.026464366202662425,0.36372401625266315,-0.0010562046503165643
0.2930000000000001,0.397,0.30999999999999983,0.308754172700536,-0.04089725010338442,0.021854197839783242,0.3614483550982592,-0.0007984295208853169
0.2940000000000001,0.397,0.30899999999999994,0.31032752465852675,-0.041605481285708824,0.01727928477634799,0.3592010655075678,-0.00048702884244823403
0.2950000000000001,0.397,0.30799999999999983,0.3118884662580257,-0.04231791278453463,0.012739629570627197,0.35698215283163964,-0.00012301756350898904
0.2810000000000001,0.398,0.32099999999999984,0.2882014633934072,-0.03263022755045814,0.07691300603795169,0.38739768005923375,-0.00019886615361889085
0.2820000000000001,0.398,0.31999999999999995,0.28993077442244325,-0.0332819524055146,0.07194317565080291,0.38483296342120016,-0.0005712119148906184
0.2830000000000001,0.398,0.31899999999999984,0.2916458300125583,-0.03393837333065647,0.06700864495352342,0.3822963684262641,-0.0008791375205615994
0.2840000000000001,0.398,0.31799999999999995,0.29334680872329016,-0.03459944690274427,0.06210940459556212,0.379787923401778,-0.00112373787900136
0.2850000000000001,0.398,0.31699999999999984,0.2950338846472771,-0.035265129648921964,0.057245446875225994,0.3773076543680109,-0.0013060992394009433
0.2860000000000001,0.398,0.31599999999999995,0.2967072276217709,-0.03593537804618656,0.05241676555816205,0.37485558505714306,-0.001427299375316846
0.2870000000000001,0.398,0.31499999999999984,0.29836700342744055,-0.03661014852128429,0.04762335570940069,0.3724317369301318,-0.0014884077535877666
0.2880000000000001,0.398,0.31399999999999995,0.30001337397706085,-0.037289397450826225,0.042865213533819564,0.370036129196565,-0.0014904856885779392
0.2890000000000001,0.398,0.31299999999999983,0.30164649749400113,-0.03797308116170915,0.03814233622602335,0.36766877883170707,-0.001434586483796742
0.2900000000000001,0.398,0.31199999999999994,0.30326652868121484,-0.03866115593171902,0.033454721829157444,0.3653297005966728,-0.0013217555609496704
0.2910000000000001,0.398,0.31099999999999983,0.30487361888126646,-0.03935357799038989,0.02880236910201442,0.3630189070568778,-0.0011530305780315963
0.2920000000000001,0.398,0.30999999999999994,0.306467916228062,-0.04005030352005149,0.024185277393825907,0.36073640860166256,-0.0009294415368539298
0.2930000000000001,0.398,0.30899999999999983,0.30804956579108767,-0.040751288657071616,0.019603446526984047,0.358482213463994,-0.0006520108810788745
0.2940000000000001,0.398,0.30799999999999994,0.30961870971137795,-0.041456489493277564,0.015056876684648498,0.35625632774044436,-0.00032175358488972577
0.2810000000000001,0.399,0.31999999999999984,0.2875534252461053,-0.03251877719407803,0.074345241541569,0.3841953071350869,-0.00033081204547690674
0.2820000000000001,0.399,0.31899999999999995,0.28927803363447163,-0.033167840808977424,0.06940349518828297,0.38165256004150594,-0.0006748031910425219
0.2830000000000001,0.399,0.31799999999999984,0.2909884299178978,-0.03382157034963668,0.06449707719819062,0.3791378883013607,-0.0009552427219203527
0.2840000000000001,0.399,0.31699999999999995,0.2926847927033735,-0.03447992252391288,0.05962597591758665,0.37665131863198614,-0.0011732186436839527
0.2850000000000001,0.399,0.31599999999999984,0.29436729613156004,-0.03514285399386533,0.05479018135848746,0.374192875467067,-0.0013298102588655963
0.2860000000000001,0.399,0.31499999999999995,0.296036110088032,-0.03581032137527122,0.04998968501881175,0.3717625809758667,-0.0014260883507628457
0.2870000000000001,0.399,0.31399999999999983,0.29769140040179726,-0.03648228123746914,0.045224479714167744,0.3693604550801684,-0.0014631153525105894
0.2880000000000001,0.399,0.31299999999999994,0.29933332903372173,-0.03715869010344175,0.04049455941829151,0.36698651547309824,-0.0014419455017977726
0.2890000000000001,0.399,0.31199999999999983,0.30096205425477085,-0.03783950445014944,0.03579991911289632,0.36464077763810154,-0.001363624982618974
0.2900000000000001,0.399,0.31099999999999994,0.30257773081479417,-0.03852468070911861,0.031140554647962837,0.362323254867039,-0.0012291920553931471
0.2910000000000001,0.399,0.30999999999999983,0.3041805101023408,-0.039214175267218813,0.026516462609006638,0.3600339582801645,-0.0010396771755121275
0.2920000000000001,0.399,0.30899999999999994,0.3057705402961619,-0.039907944467662576,0.021927640190595753,0.35777289684537367,-0.0007961031014613782
0.2930000000000001,0.399,0.30799999999999983,0.3073479665092621,-0.040605944611206125,0.017374085079314074,0.3555400773972299,-0.000499484993765854
0.2940000000000001,0.399,0.30699999999999994,0.30891293092474265,-0.041308131957502804,0.012855795343991191,0.35333550465758984,-0.00015083050490270755
0.2800000000000001,0.4,0.31999999999999995,0.2851737382909485,-0.0317660223673811,0.07674850733124498,0.3835666750337373,-7.080920131932039e-05
0.2810000000000001,0.4,0.31899999999999984,0.2869080263633503,-0.03240775942650698,0.07179942791167647,0.3810178136204304,-0.0004507822893168832
0.2820000000000001,0.4,0.31799999999999995,0.28862796219781817,-0.033054175630133346,0.06688571972409642,0.3784969530961896,-0.0007669737825410639
0.2830000000000001,0.4,0.31699999999999984,0.2903337291322412,-0.033705227858339896,0.062007366961598816,0.3760041208663399,-0.001020473709471617
0.2840000000000001,0.4,0.31599999999999995,0.2920255058171486,-0.03436087295007178,0.05716435569098371,0.3735393420592528,-0.0012123631537778292
0.2850000000000001,0.4,0.31499999999999984,0.2937034664373697,-0.035021067702335,0.05235667366204223,0.37110263954337,-0.0013437144544571613
0.2860000000000001,0.4,0.31399999999999995,0.29536778092298005,-0.0356857688696692,0.047584310128042664,0.3686940339460071,-0.0014155913898109768
0.2870000000000001,0.4,0.31299999999999983,0.29701861514755823,-0.03635493316394245,0.04284725567841999,0.3663135436702092,-0.001429049346829944
0.2880000000000001,0.4,0.31199999999999994,0.2986561311163411,-0.03702851725436876,0.03814550207880292,0.3639611849143409,-0.0013851354760464072
0.2890000000000001,0.4,0.31099999999999983,0.30028048714426014,-0.03770647776781124,0.033479042123105374,0.36163697168986614,-0.001284888834214768
0.2900000000000001,0.4,0.30999999999999994,0.30189183802444436,-0.038388771289291496,0.02884786949102341,0.35934091584087,-0.0011293405143391788
0.2910000000000001,0.4,0.30899999999999983,0.30349033518784774,-0.03907535436274204,0.024251978616850994,0.3570730270625026,-0.0009195137652701761
0.2920000000000001,0.4,0.30799999999999994,0.30507612685457675,-0.03976618349192972,0.019691364564436483,0.354833312921419,-0.0006564241006130939
0.2930000000000001,0.4,0.30699999999999983,0.3066493581777454,-0.040461215141612376,0.015166022909754554,0.35262177887424984,-0.000341079398480416
0.2800000000000001,0.401,0.31899999999999995,0.2845356507539413,-0.0316580394427509,0.07419659814110656,0.38039204485723166,-0.00020722703139104508
0.2810000000000001,0.401,0.31799999999999984,0.28626525308023193,-0.03229717262116941,0.06927548249966714,0.377865033139908,-0.0005590891598451705
0.2820000000000001,0.401,0.31699999999999995,0.2879805462056343,-0.03294095515644441,0.06438976583708715,0.3753659760900523,-0.000848028199809241
0.2830000000000001,0.401,0.31599999999999984,0.28968171350671446,-0.03358934405595534,0.059539430072534504,0.3728948995220101,-0.0010751272795912264
0.2840000000000001,0.401,0.31499999999999995,0.2913689336736614,-0.03424229628981065,0.05472445901556071,0.370451826996231,-0.001241460543372791
0.2850000000000001,0.401,0.31399999999999983,0.2930423809316518,-0.0348997687899813,0.04994483817662511,0.3680367798370795,-0.001348093351282575
0.2860000000000001,0.401,0.31299999999999994,0.29470222525151013,-0.035561718449743145,0.04520055458832995,0.3656497771505023,-0.0013960824637095559
0.2870000000000001,0.401,0.31199999999999983,0.296348632547676,-0.0362281021233996,0.04049159663738973,0.3632908358421507,-0.0013864762105566565
0.2880000000000001,0.401,0.31099999999999994,0.2979817648661117,-0.036898876626273044,0.03581795390546749,0.3609599706355579,-0.001320314646714815
0.2890000000000001,0.401,0.30999999999999983,0.2996017805620709,-0.03757399873493385,0.03117961702008372,0.3586571940911811,-0.0011986296947791779
0.2900000000000001,0.401,0.30899999999999994,0.30120883446842706,-0.03825342518766732,0.02657657751509923,0.356382516625364,-0.001022445276117655
0.2910000000000001,0.401,0.30799999999999983,0.3028030780550535,-0.03893711268517501,0.022008827697789567,0.3541359465286788,-0.0007927774308192207
0.2920000000000001,0.401,0.30699999999999994,0.3043846595799584,-0.03962501789143364,0.017476360524263785,0.35191748998694045,-0.000510634427305473
0.2930000000000001,0.401,0.3059999999999998,0.30595372423294825,-0.04031709743482056,0.012979169482035792,0.3497271510984791,-0.00017701686296916607
0.2800000000000001,0.402,0.31799999999999995,0.2839001455055616,-0.03155047243702474,0.07166652020169006,0.3772420449016903,-0.0003317400982465867
0.2810000000000001,0.402,0.31699999999999984,0.28562509181638446,-0.03218701515384778,0.06677332253500404,0.3747368004334967,-0.0006560391645666422
0.2820000000000001,0.402,0.31599999999999995,0.28733577183792675,-0.032828177678309825,0.06191555000117419,0.37225946365282037,-0.0009182652744842605
0.2830000000000001,0.402,0.31499999999999984,0.28903236898158013,-0.03347391714521005,0.05709318226905584,0.36981005880366,-0.0011194946383308538
0.2840000000000001,0.402,0.31399999999999995,0.29071506197338676,-0.034124190655876546,0.052306200914351945,0.367388607899741,-0.001260794445022969
0.2850000000000001,0.402,0.31299999999999983,0.29238402507512756,-0.034778955277258036,0.047554589232442906,0.36499513074189827,-0.001343223062423093
0.2860000000000001,0.402,0.31199999999999994,0.29403942829465474,-0.03543816804132444,0.04283833205783567,0.36262964493532956,-0.001367830221487839
0.2870000000000001,0.402,0.31099999999999983,0.295681437583603,-0.036101785944721645,0.03815741559741515,0.3602921659087498,-0.0013356571857007313
0.2880000000000001,0.402,0.30999999999999994,0.29731021502504607,-0.03676976594872899,0.033511827271852396,0.35798270693159784,-0.001247736907050392
0.2890000000000001,0.402,0.30899999999999983,0.29892591901103444,-0.037442064979425496,0.028901555567216766,0.3557012791337245,-0.0011050941691556804
0.2900000000000001,0.402,0.30799999999999994,0.30052870441065893,-0.038118639928119764,0.024326589893508856,0.35344789152353817,-0.0009087457186308812
0.2910000000000001,0.402,0.30699999999999983,0.30211872272925705,-0.038799447651970444,0.019786920454019377,0.35122255100785615,-0.0006597003857835631
0.2920000000000001,0.402,0.30599999999999994,0.3036961222593421,-0.039484444974837316,0.01528253812043961,0.3490252624105156,-0.0003589591951246758
0.2930000000000001,0.402,0.3049999999999998,0.30526104822409533,-0.04017358868829719,0.010813434316317549,0.3468560284925641,-7.515466592332952e-06
0.2790000000000001,0.403,0.31799999999999984,0.2815324776333083,-0.030813987423059897,0.07405899205244232,0.37662790595751855,-8.507091050879122e-05
0.2800000000000001,0.403,0.31699999999999995,0.28326720928664684,-0.03144331981096114,0.06915819139080266,0.37411651113147176,-0.0004446568721025602
0.2810000000000001,0.403,0.31599999999999984,0.2849875290753898,-0.03207728540272726,0.06429286513281021,0.371632951349963,-0.0007419331357577203
0.2820000000000001,0.403,0.31499999999999995,0.2866936253609114,-0.032715841489105564,0.05946298859119547,0.36917725153247727,-0.0009779782504615517
0.2830000000000001,0.403,0.31399999999999983,0.2883856815856126,-0.03335894533239687,0.05466853920693065,0.3667494343746465,-0.0011538614920431588
0.2840000000000001,0.403,0.31299999999999994,0.2900638765076413,-0.03400655416520737,0.04990949634555273,0.3643495203635681,-0.0012706430802434396
0.2850000000000001,0.403,0.31199999999999983,0.2917283844216507,-0.03465862518946142,0.04518584110906085,0.36197752779709,-0.0013293743784949623
0.2860000000000001,0.403,0.31099999999999994,0.29337937536887665,-0.035315115575758796,0.040497556157877285,0.3596334728006971,-0.0013310980784997208
0.2870000000000001,0.403,0.30999999999999983,0.29501701533455577,-0.03597598246299108,0.035844625543060046,0.3573173693460151,-0.0012768483697652836
0.2880000000000001,0.403,0.30899999999999994,0.2966414664353074,-0.036641182958231815,0.0312270345469165,0.3550292292689943,-0.0011676510955835086
0.2890000000000001,0.403,0.30799999999999983,0.29825288709644565,-0.03731067413686505,0.026644769535713403,0.35276906228883037,-0.0010045238967887038
0.2900000000000001,0.403,0.30699999999999994,0.2998514322198566,-0.037984413042958895,0.022097817820483985,0.35053687602637973,-0.0007884763439010723
0.2910000000000001,0.403,0.3059999999999998,0.3014372533429445,-0.03866235668983406,0.01758616752381665,0.34833267602398704,-0.0005205100580182634
0.2920000000000001,0.403,0.30499999999999994,0.30301049878937325,-0.039344462060858,0.013109807455726177,0.34615646576430714,-0.0002016188220658019
0.2790000000000001,0.404,0.31699999999999984,0.2809067371640982,-0.030709782306640145,0.07154453128272117,0.37350502651414524,-0.0002140247331368552
0.2800000000000001,0.404,0.31599999999999995,0.28263682891917724,-0.03133658002695113,0.06667152946471108,0.37101528060342603,-0.0005462801522554987
0.2810000000000001,0.404,0.31499999999999984,0.2843525514442475,-0.03196798174819226,0.06183402730508441,0.3685533228384784,-0.0008170663218411015
0.2820000000000001,0.404,0.31399999999999995,0.2860540931264739,-0.032603944884956305,0.057031997894849036,0.3661191765876724,-0.0010274548745217256
0.2830000000000001,0.404,0.31299999999999983,0.28774163743550435,-0.033244426827154304,0.05226541646951794,0.36371286301759087,-0.0011785081372022608
0.2840000000000001,0.404,0.31199999999999994,0.28941536315789773,-0.03388938493869872,0.047534260208129044,0.3613344011097113,-0.0012712793479638133
0.2850000000000001,0.404,0.31099999999999983,0.29107544461754004,-0.034538776556470425,0.042838508043350154,0.3589838076795317,-0.0013068128555280547
0.2860000000000001,0.404,0.30999999999999994,0.2927220518854298,-0.035192558989639994,0.038178140483731596,0.3566610973927076,-0.0012861443039722063
0.2870000000000001,0.404,0.30899999999999983,0.2943553509768286,-0.03585068951922112,0.033553139446425316,0.35436628278436544,-0.0012103008023468605
0.2880000000000001,0.404,0.30799999999999994,0.29597550403841044,-0.03651312539791994,0.02896348809934753,0.3520993742767434,-0.001080301081201314
0.2890000000000001,0.404,0.30699999999999983,0.29758266952532786,-0.0371798238502054,0.02440917071366706,0.3498603801985353,-0.0008971556366233449
0.2900000000000001,0.404,0.30599999999999994,0.29917700236882033,-0.03785074207263741,0.01989017252236614,0.3476493068029681,-0.0006618668625406588
0.2910000000000001,0.404,0.3049999999999998,0.30075865413500363,-0.03852583723437867,0.015406479590204752,0.3454661582878881,-0.0003754291726078369
0.2920000000000001,0.404,0.30399999999999994,0.3023277731754086,-0.03920506647795109,0.010958078689345377,0.3433109368138004,-3.882911213441676e-05
0.2790000000000001,0.405,0.31599999999999984,0.28028351030133714,-0.030605975555439018,0.06905170153396475,0.37040637049089836,-0.00033144882809278513
0.2800000000000001,0.405,0.31499999999999995,0.2820089913058065,-0.031230251549590568,0.06420645207170803,0.36793819146076107,-0.0006369071579544403
0.2810000000000001,0.405,0.31399999999999983,0.2837201455928104,-0.03185910257335458,0.05939672596956014,0.36549775294544407,-0.0008817284764210754
0.2820000000000001,0.405,0.31299999999999994,0.28541716157155944,-0.03249248616530311,0.05462249411989238,0.3630850767822571,-0.001066977484843695
0.2830000000000001,0.405,0.31199999999999983,0.2871002227352663,-0.033130359843028714,0.049883729576852574,0.36070018262939574,-0.0011937095483563805
0.2840000000000001,0.405,0.31099999999999994,0.28876950789522354,-0.03377268110176285,0.04518040735446476,0.3583430879837073,-0.001262970912191655
0.2850000000000001,0.405,0.30999999999999983,0.2904251914009395,-0.03441940741333183,0.04051250423871829,0.35601380819761713,-0.001275798901605684
0.2860000000000001,0.405,0.30899999999999994,0.2920674433496288,-0.035070496225388444,0.035879998609860235,0.35371235649773936,-0.0012332221062180916
0.2870000000000001,0.405,0.30799999999999983,0.29369642978308746,-0.03572590496094441,0.03128287027499648,0.3514387440025196,-0.001136260549984672
0.2880000000000001,0.405,0.30699999999999994,0.29531231287458093,-0.036385591018159066,0.026721100310208676,0.3491929797405147,-0.0009859258478520892
0.2890000000000001,0.405,0.3059999999999998,0.2969152511056601,-0.037049511770363516,0.022194670912614164,0.34697507066950917,-0.0007832213500998456
0.2900000000000001,0.405,0.30499999999999994,0.2985053994335953,-0.03771762456633093,0.01770356526187333,0.3447850216949537,-0.0005291422754774857
0.2910000000000001,0.405,0.3039999999999998,0.30008290944991706,-0.038389886730749154,0.013247767388108164,0.3426228356893874,-0.00022467583339956282
0.2780000000000001,0.406,0.31599999999999995,0.27792740716890724,-0.02988538719350366,0.07143354462129896,0.36980614116919774,-9.757479695162233e-05
0.2790000000000001,0.406,0.31499999999999984,0.2796627842582227,-0.03050256571465046,0.06658042108708892,0.3673317772140175,-0.0004376423521889215
0.2800000000000001,0.406,0.31399999999999995,0.281383683429278,-0.031124332845303332,0.06176287675796386,0.3648850829260807,-0.0007168296168686252
0.2810000000000001,0.406,0.31299999999999983,0.283090298273234,-0.031750646263700305,0.056980877958855924,0.3624660808051407,-0.000936203946914304
0.2820000000000001,0.406,0.31199999999999994,0.28478281721764054,-0.032381463632506165,0.05223439340571635,0.36007479117776114,-0.0010968230989214164
0.2830000000000001,0.406,0.31099999999999983,0.28646142377561284,-0.03301674259705233,0.04752339399340861,0.35771123221429363,-0.0011997354647259933
0.2840000000000001,0.406,0.30999999999999994,0.28812629677959506,-0.033656440783914825,0.042847852595099864,0.3553754199462695,-0.0012459802876530124
0.2850000000000001,0.406,0.30899999999999983,0.2897776106011687,-0.03430051579980947,0.03820774387325172,0.3530673682841329,-0.0012365878620298528
0.2860000000000001,0.406,0.30799999999999994,0.2914155353602455,-0.03494892523079439,0.0336030441018902,0.3507870890347252,-0.001172579717654562
0.2870000000000001,0.406,0.30699999999999983,0.2930402371216859,-0.03560162664173947,0.02903373100023615,0.34853459191977404,-0.001054968789892332
0.2880000000000001,0.406,0.30599999999999994,0.2946518780819473,-0.03625857757606637,0.024499783575824784,0.3463098845941154,-0.0008847595767123204
0.2890000000000001,0.406,0.3049999999999998,0.2962506167456461,-0.03691973555573621,0.020001181975892245,0.34411297266403723,-0.000662948283349648
0.2900000000000001,0.406,0.30399999999999994,0.2978366080927598,-0.03758505808144851,0.015537907348588958,0.34194385970688673,-0.00039052295569162406
0.2910000000000001,0.406,0.3029999999999998,0.2994100037369654,-0.03825450263308508,0.011109941711501203,0.3398025472892339,-6.846360320226976e-05
0.2780000000000001,0.40700000000000003,0.31499999999999995,0.27731376463593693,-0.029784840253819892,0.06895609728913996,0.3667340009822425,-0.00021940670090643544
0.2790000000000001,0.40700000000000003,0.31399999999999983,0.27904454632542425,-0.030399551330975057,0.06413060811842773,0.3642810870733765,-0.0005328989748538369
0.2800000000000001,0.40700000000000003,0.31299999999999994,0.28076089235195534,-0.03101882238252154,0.05934072098025903,0.36185579529546613,-0.0007863338531322629
0.2810000000000001,0.40700000000000003,0.31199999999999983,0.28246299631942967,-0.031642611207249025,0.05458640002960462,0.35945814663486936,-0.00098077176126343
0.2820000000000001,0.40700000000000003,0.31099999999999994,0.2841510466700981,-0.03227087559201984,0.04986761182920352,0.35708815992728493,-0.0011172634993537565
0.2830000000000001,0.40700000000000003,0.30999999999999983,0.2858252269333935,-0.03290357330994517,0.045184325138298856,0.3547458518758519,-0.001196850476134644
0.2840000000000001,0.40700000000000003,0.30899999999999994,0.2874857159593385,-0.03354066211894301,0.040536510710644395,0.35243123706689705,-0.0012205649249742148
0.2850000000000001,0.40700000000000003,0.30799999999999983,0.28913268813808,-0.03418209976058107,0.0359241411078463,0.3501443279880342,-0.0011894301034658591
0.2860000000000001,0.40700000000000003,0.30699999999999994,0.29076631360877797,-0.03482784395921181,0.031347190520908556,0.34788513504681556,-0.0011044604776171245
0.2870000000000001,0.40700000000000003,0.3059999999999998,0.2923867584559662,-0.03547785242141766,0.026805634604876546,0.34565366658777313,-0.0009666618923746639
0.2880000000000001,0.40700000000000003,0.30499999999999994,0.29399418489591106,-0.03613208283569063,0.02229945032009146,0.3434499289113177,-0.0007770317285062198
0.2890000000000001,0.40700000000000003,0.3039999999999998,0.2955887514529867,-0.03679049287236658,0.017828615786682704,0.34127392629228354,-0.0005365590479993274
0.2900000000000001,0.40700000000000003,0.30299999999999994,0.2971706131266173,-0.037453040183791406,0.01339311014389585,0.339125660998548,-0.0002462247276851042
0.2780000000000001,0.40800000000000003,0.31399999999999995,0.27670256899936685,-0.029684674838222513,0.06650008264508978,0.3636856869912814,-0.0003300705045423272
0.2790000000000001,0.40800000000000003,0.31299999999999983,0.27842878387052433,-0.03029693095298602,0.061702180705195266,0.3612541415184208,-0.0006175069643939105
0.2800000000000001,0.40800000000000003,0.31199999999999994,0.2801406052152448,-0.030913718632077654,0.05693990211149809,0.35885016993274593,-0.0008457008732330878
0.2810000000000001,0.40800000000000003,0.31099999999999983,0.2818382266465191,-0.031534995794967595,0.05221320887118049,0.3564737917278755,-0.0010157057137643744
0.2820000000000001,0.40800000000000003,0.30999999999999994,0.28352183661770736,-0.03216072035279128,0.04752206541664214,0.35412502426936593,-0.001128565319231412
0.2830000000000001,0.40800000000000003,0.30899999999999983,0.28519161867098697,-0.032790850206496344,0.042866438392699276,0.35180388281185465,-0.0011853141069112973
0.2840000000000001,0.40800000000000003,0.30799999999999994,0.2868477516704801,-0.03342534324532561,0.03824629645786933,0.34951038051661076,-0.0011869772939591275
0.2850000000000001,0.40800000000000003,0.30699999999999983,0.2884904100214385,-0.03406415734562855,0.033661610095234606,0.34724452846867787,-0.0011345710966528455
0.2860000000000001,0.40800000000000003,0.30599999999999994,0.29011976387886285,-0.03470725036994557,0.029112351435480608,0.34500633569571665,-0.0010291029147096288
0.2870000000000001,0.40800000000000003,0.3049999999999998,0.29173597934357676,-0.03535458016641899,0.024598494090735973,0.34279580918425356,-0.0008715715018575657
0.2880000000000001,0.40800000000000003,0.30399999999999994,0.2933392186483751,-0.036006104568397854,0.02012001299848546,0.3406129539000883,-0.0006629671231148959
0.2890000000000001,0.40800000000000003,0.3029999999999998,0.29492964033412006,-0.036661781394348704,0.01567688427387486,0.33845777280533973,-0.00040427170034116385
0.2900000000000001,0.40800000000000003,0.30199999999999994,0.29650739941647397,-0.037321568447949705,0.011269085069947308,0.33633026687831336,-9.645894625200037e-05
0.2770000000000001,0.40900000000000003,0.31399999999999983,0.27435758097374896,-0.028979621347464693,0.06887146789072716,0.36309880533646555,-0.00010847134307537948
0.2780000000000001,0.40900000000000003,0.31299999999999994,0.27609380792715316,-0.02958488957189783,0.06406541938855546,0.36066104178786657,-0.00042985638909835006
0.2790000000000001,0.40900000000000003,0.31199999999999983,0.27781548433757935,-0.03019470313071926,0.0592950568382958,0.35825078304903807,-0.0006917492746042753
0.2800000000000001,0.40900000000000003,0.31099999999999994,0.2795228092391303,-0.030809020066754,0.05456033745300919,0.355868049262006,-0.0008952064516040215
0.2810000000000001,0.40900000000000003,0.30999999999999983,0.28121597625030326,-0.03142779842028197,0.049861221115024605,0.3535128584472358,-0.0010412744493712607
0.2820000000000001,0.40900000000000003,0.30899999999999994,0.282895173832017,-0.03205099622679631,0.04519767014864519,0.3511852265193697,-0.0011309901255354415
0.2830000000000001,0.40900000000000003,0.30799999999999983,0.28456058553571617,-0.03267857151508838,0.040569649108259394,0.3488851673054177,-0.001165380899058168
0.2840000000000001,0.40900000000000003,0.30699999999999994,0.28621239023615086,-0.033310482305708114,0.03597712457861438,0.34661269256087984,-0.0011454649658261015
0.2850000000000001,0.40900000000000003,0.3059999999999998,0.2878507623502639,-0.033946686609715594,0.03142006498642383,0.3443678119877248,-0.001072251497680891
0.2860000000000001,0.40900000000000003,0.30499999999999994,0.2894758720455409,-0.03458714242772539,0.026898440424879353,0.34215053325279754,-0.0009467408269366894
0.2870000000000001,0.40900000000000003,0.3039999999999998,0.29108788543580083,-0.03523180774926207,0.022412222486675546,0.33996086200452896,-0.0007699246168495154
0.2880000000000001,0.40900000000000003,0.30299999999999994,0.292686964767087,-0.035880640552326745,0.01796138410801473,0.33779880189273953,-0.0005427860191563995
0.2890000000000001,0.40900000000000003,0.3019999999999998,0.29427326859352354,-0.03653359880324159,0.013545899420847921,0.3356643545866692,-0.00026629981978930264
0.2770000000000001,0.41000000000000003,0.31299999999999983,0.2737557944316933,-0.028882616997565266,0.06643060423771172,0.3600764194628358,-0.0002235084906915463
0.2780000000000001,0.41000000000000003,0.31199999999999994,0.27548746916113465,-0.029485483081438016,0.06165202612490511,0.3576599090012145,-0.0005190492236975099
0.2790000000000001,0.41000000000000003,0.31099999999999983,0.2772046352465693,-0.030092866416091362,0.05690915442753273,0.3552708552123,-0.0007559036284239748
0.2800000000000001,0.41000000000000003,0.30999999999999994,0.27890749172160756,-0.03070472516172845,0.05220194424003937,0.3529092767626209,-0.0009351212139367829
0.2810000000000001,0.41000000000000003,0.30899999999999983,0.28059623220671104,-0.031321017479553875,0.04753035334226776,0.3505751902190244,-0.0010577415468810475
0.2820000000000001,0.41000000000000003,0.30799999999999994,0.2822710451668518,-0.031941701529466175,0.04289434197233385,0.3482686100658261,-0.0011247945017382414
0.2830000000000001,0.41000000000000003,0.30699999999999983,0.28393211415928093,-0.03256673546813244,0.03829387261610921,0.34598954872084303,-0.0011373004937941964
0.2840000000000001,0.41000000000000003,0.30599999999999994,0.2855796180659752,-0.03319607744736832,0.03372890980731546,0.3437380165537156,-0.001096270694056974
0.2850000000000001,0.41000000000000003,0.3049999999999998,0.2872137313122275,-0.033829685612859275,0.029199419939856773,0.34151402190287417,-0.0010027072283441641
0.2860000000000001,0.41000000000000003,0.30399999999999994,0.2888346240746787,-0.034467518103170364,0.024705371090775908,0.3393175710932497,-0.0008576033615875912
0.2870000000000001,0.41000000000000003,0.3029999999999998,0.2904424624768756,-0.03510953304902403,0.020246732855647865,0.33714866845475305,-0.0006619436684726027
0.2880000000000001,0.41000000000000003,0.30199999999999994,0.2920374087748995,-0.03575568857284581,0.015823476192059677,0.3350073163404747,-0.00041670419125842484
0.2890000000000001,0.41000000000000003,0.3009999999999998,0.2936196215329756,-0.03640594278855828,0.011435573271555076,0.33289351514484933,-0.00012285258567762587
0.2770000000000001,0.41100000000000003,0.31199999999999983,0.273156389979434,-0.028785978012649392,0.0640109768362307,0.3570774718417715,-0.0003277263061586275
0.2780000000000001,0.41100000000000003,0.31099999999999994,0.2748835405165598,-0.029386453994847336,0.05925982137425319,0.3546821332920332,-0.0005979286492836114
0.2790000000000001,0.41100000000000003,0.30999999999999983,0.2765962241929649,-0.029991419362910946,0.054544391314146,0.3523142025955259,-0.0008102426018183851
0.2800000000000001,0.41100000000000003,0.30899999999999994,0.27829464003822646,-0.03060083239456928,0.04986463965378341,0.3499736969629534,-0.0009657107202258345
0.2810000000000001,0.41100000000000003,0.30799999999999983,0.27997898167127316,-0.031214651372044232,0.0452205220925724,0.3476606315275386,-0.001065365600659768
0.2820000000000001,0.41100000000000003,0.30699999999999994,0.28164943755769795,-0.03183283457970137,0.04061199680586342,0.34537501936205967,-0.0011102301287852449
0.2830000000000001,0.41100000000000003,0.3059999999999998,0.2833061912571617,-0.03245534030207302,0.03603902423372542,0.34311687149535497,-0.0011013177120854584
0.2840000000000001,0.41100000000000003,0.30499999999999994,0.2849494216554945,-0.03308212682219737,0.031501566880267236,0.34088619693036204,-0.001039632494372696
0.2850000000000001,0.41100000000000003,0.3039999999999998,0.28657930318301783,-0.03371315242030211,0.02699958912836876,0.3386830026606073,-0.000926169555029954
0.2860000000000001,0.41100000000000003,0.30299999999999994,0.2881960060222787,-0.03434837537274796,0.022533057062203102,0.33650729368909493,-0.0007619150930465337
0.2870000000000001,0.41100000000000003,0.3019999999999998,0.2897996963033338,-0.03498775395127877,0.01810193830249405,0.33435907304561796,-0.0005478465978147476
0.2880000000000001,0.41100000000000003,0.30099999999999993,0.2913905362891194,-0.035631246422515875,0.013706201849784938,0.3322383418051915,-0.0002849330070268661
0.2760000000000001,0.41200000000000003,0.31199999999999994,0.2708220716623306,-0.028096108598883247,0.06637208101628024,0.35650339665132663,-0.00011789933279918695
0.2770000000000001,0.41200000000000003,0.31099999999999983,0.27255935572276857,-0.028689703093654744,0.0616125048153766,0.354101808237979,-0.00042140631784276603
0.2780000000000001,0.41200000000000003,0.30999999999999994,0.27428200988161516,-0.029287800941357925,0.056888723579849594,0.3517275603453632,-0.0006667691614253386
0.2790000000000001,0.41200000000000003,0.30899999999999983,0.2759902388471813,-0.02989036052668584,0.05220068527554581,0.34938067081902185,-0.0008550337054911488
0.2800000000000001,0.41200000000000003,0.30799999999999994,0.27768424164152145,-0.030497340245034532,0.04754834082587029,0.3470611554329237,-0.0009872355457940683
0.2810000000000001,0.41200000000000003,0.30699999999999983,0.27936421187859534,-0.031108698499727687,0.042931643872580506,0.3447690279062314,-0.0010644003017102385
0.2820000000000001,0.41200000000000003,0.30599999999999994,0.2810303380212073,-0.03172439369963628,0.038350550549890755,0.3425042999195478,-0.0010875438654915316
0.2830000000000001,0.41200000000000003,0.3049999999999998,0.28268280362805354,-0.03234438425714457,0.033805019273240165,0.34026698113224474,-0.001057672633941232
0.2840000000000001,0.41200000000000003,0.30399999999999994,0.2843217875855314,-0.032968628586468214,0.029295010540867143,0.3380570791990296,-0.0009757837230463889
0.2850000000000001,0.41200000000000003,0.3029999999999998,0.28594746432572415,-0.03359708510225699,0.02482048674674863,0.335874599788603,-0.0008428651665111663
0.2860000000000001,0.41200000000000003,0.30199999999999994,0.28756000403385923,-0.034229712218531945,0.020381412003988433,0.33371954660013475,-0.0006598961000876236
0.2870000000000001,0.41200000000000003,0.3009999999999998,0.2891595728433223,-0.03486646834785979,0.015977751980091208,0.33159192138231397,-0.000427846932200746
0.2880000000000001,0.41200000000000003,0.29999999999999993,0.2907463330150145,-0.03550731191263718,0.011609473416788297,0.32949172328660586,-0.00014767950770756127
0.2760000000000001,0.41300000000000003,0.31099999999999994,0.27023190612274917,-0.02800253513868424,0.06396737644936373,0.35352980580806714,-0.0002264547350257053
0.2770000000000001,0.41300000000000003,0.30999999999999983,0.27196467983795986,-0.028593790942785653,0.05923510722065612,0.3511492754279418,-0.0005048249106147512
0.2780000000000001,0.41300000000000003,0.30899999999999994,0.2736828652169745,-0.029189522551922024,0.05453865111761567,0.3487960368669056,-0.0007258401916841878
0.2790000000000001,0.41300000000000003,0.30799999999999983,0.2753866669541456,-0.0297896884651279,0.049877954037203784,0.34647010653177285,-0.0008905394659988923
0.2800000000000001,0.41300000000000003,0.30699999999999994,0.27707628406056944,-0.03039424719558623,0.045252964850746945,0.34417149877927944,-0.0009999513618773126
0.2810000000000001,0.41300000000000003,0.3059999999999998,0.27875191014183026,-0.0310031572677989,0.04066363516389474,0.34190022593366554,-0.001055094516921153
0.2820000000000001,0.41300000000000003,0.30499999999999994,0.2804137336545938,-0.03161637721516667,0.036109919092100394,0.3396562983027097,-0.0010569778268137886
0.2830000000000001,0.41300000000000003,0.3039999999999998,0.2820619381533022,-0.03223386557791159,0.0315917730495152,0.33743972419503854,-0.001006600676499526
0.2840000000000001,0.41300000000000003,0.30299999999999994,0.2836967025216403,-0.03285558090134749,0.027109155549701596,0.3352505099368883,-0.0009049531543132562
0.2850000000000001,0.41300000000000003,0.3019999999999998,0.28531820119022283,-0.03348148173445076,0.02266202701914728,0.33308865988996256,-0.0007530162504452978
0.2860000000000001,0.41300000000000003,0.30099999999999993,0.2869266043437982,-0.03411152662873315,0.018250349622781808,0.3309541764690214,-0.0005517620413231124
0.2870000000000001,0.41300000000000003,0.2999999999999998,0.2885220781104069,-0.03474567414888061,0.013874086779103451,0.32884705950133214,-0.00030215386918161914
0.2880000000000001,0.41300000000000003,0.29899999999999993,0.29010474286264837,-0.03538392428655299,0.009530857233066112,0.3267649717508362,-4.984140748708239e-06
0.2750000000000001,0.41400000000000003,0.31099999999999983,0.26790101130404415,-0.02732487268812362,0.06632461339581508,0.35296605277489235,-1.318518808153795e-05
0.2760000000000001,0.41400000000000003,0.30999999999999994,0.26964405970381516,-0.02790931153719447,0.06158371359090605,0.3505792742690815,-0.00032452723617812027
0.2770000000000001,0.41400000000000003,0.30899999999999983,0.2713723505713297,-0.02849824026319333,0.05687870302501852,0.34821972119279704,-0.0005782534072300326
0.2780000000000001,0.41400000000000003,0.30799999999999994,0.2730860945553267,-0.029091617458882054,0.05220952230389626,0.3458874105757282,-0.0007754061880013109
0.2790000000000001,0.41400000000000003,0.30699999999999983,0.27478549633277666,-0.02968940173780393,0.04757611527838095,0.343582357404568,-0.0009170175051643357
0.2800000000000001,0.41400000000000003,0.30599999999999994,0.27647075490042716,-0.030291551731029695,0.04297842878985675,0.3413045746386165,-0.0010041090141812547
0.2810000000000001,0.41400000000000003,0.3049999999999998,0.2781420638521437,-0.030898026084302376,0.03841641243029649,0.33905407322627235,-0.0010376923673525375
0.2820000000000001,0.41400000000000003,0.30399999999999994,0.27979961163514544,-0.03150878345556883,0.033890018318347585,0.3368308621214638,-0.0010187694619591126
0.2830000000000001,0.41400000000000003,0.3029999999999998,0.28144358179633566,-0.03212378251286243,0.02939920088752979,0.33463494830073487,-0.0009483326708465147
0.2840000000000001,0.41400000000000003,0.30199999999999994,0.28307415321348,-0.032742981932517075,0.024943916689491787,0.3324663367807626,-0.0008273650564168226
0.2850000000000001,0.41400000000000003,0.3009999999999998,0.2846915003125753,-0.03336634039770836,0.02052412420663595,0.3303250306352607,-0.0006568405688623952
0.2860000000000001,0.41400000000000003,0.29999999999999993,0.2862957932693971,-0.03399381660845003,0.016139783364056505,0.3282110303598454,-0.0004377242427629046
0.2870000000000001,0.41400000000000003,0.2989999999999998,0.28788715766526024,-0.034625409360756504,0.011788540215856335,0.32612202998681256,-0.0001708266615136583
0.2750000000000001,0.41500000000000004,0.30999999999999983,0.26731996945890085,-0.02723428601597698,0.06393471946068954,0.35001748430139384,-0.00012598678345032525
0.2760000000000001,0.41500000000000004,0.30899999999999994,0.2690585209329374,-0.027816436567087023,0.059221012009005855,0.34765165088365063,-0.0004123900204991461
0.2770000000000001,0.41500000000000004,0.30799999999999983,0.27078235623878,-0.028403049759133478,0.05454321113454568,0.3453129943135657,-0.0006419581476749987
0.2780000000000001,0.41500000000000004,0.30699999999999994,0.27249168600091267,-0.028994084296139064,0.04990125540344298,0.3430015301985659,-0.0008157266938250323
0.2790000000000001,0.41500000000000004,0.3059999999999998,0.27418671487553303,-0.0295894989063004,0.04529508664200057,0.3407172721243416,-0.0009347206187800359
0.2800000000000001,0.41500000000000004,0.30499999999999994,0.275867641841683,-0.030189252338674005,0.04072464968285584,0.3384602316717729,-0.0009999546010814658
0.2810000000000001,0.41500000000000004,0.3039999999999998,0.27753466047821085,-0.030793303360299656,0.036189892126560194,0.33623041843207313,-0.0010124333055403652
0.2820000000000001,0.41500000000000004,0.30299999999999994,0.2791879592196227,-0.031401610753667944,0.03169076411650962,0.3340278400246446,-0.0009731516303827623
0.2830000000000001,0.41500000000000004,0.3019999999999998,0.28082772160209607,-0.03201413331458057,0.02722721812939422,0.33185250211280565,-0.0008830949377522782
0.2840000000000001,0.41500000000000004,0.30099999999999993,0.282454126494278,-0.03263082985031167,0.022799208775169465,0.3297044084219043,-0.0007432392668169801
0.2850000000000001,0.41500000000000004,0.2999999999999998,0.28406734830928104,-0.03325165918896181,0.018406692307727755,0.3275835601088837,-0.0005545515482627173
0.2860000000000001,0.41500000000000004,0.29899999999999993,0.28566751798689105,-0.033876618954362704,0.014047341821069368,0.32548768236784953,-0.0003178602934496477
0.2870000000000001,0.41500000000000004,0.2979999999999998,0.28725475672632245,-0.0345057106879839,0.009718715185414822,0.3234144222324617,-3.388328827148195e-05
0.2750000000000001,0.41600000000000004,0.30899999999999983,0.266741196670331,-0.027144035481208566,0.061565754492314564,0.3470917540241743,-0.00022836003039379115
0.2760000000000001,0.41600000000000004,0.30799999999999994,0.2684752784047615,-0.027723909002001345,0.05687919120026489,0.3447467854864774,-0.0004903112912580743
0.2770000000000001,0.41600000000000004,0.30699999999999983,0.27019468522540496,-0.028308218136256284,0.0522285504001537,0.34242894456506234,-0.0006962005683231456
0.2780000000000001,0.41600000000000004,0.30599999999999994,0.27189962772908866,-0.028896921699436768,0.04761376863885006,0.34013824546409255,-0.0008470564263038044
0.2790000000000001,0.41600000000000004,0.3049999999999998,0.27359031054791344,-0.029489978534519123,0.043034785741069365,0.3378747003876217,-0.0009438968539034762
0.2800000000000001,0.41600000000000004,0.30399999999999994,0.27526693263992263,-0.030087347508635606,0.03849154455294339,0.3356383195567075,-0.000987729550178011
0.2810000000000001,0.41600000000000004,0.3029999999999998,0.2769296875656868,-0.030688987510155977,0.03398399070521291,0.33342911122459273,-0.000979552191401605
0.2820000000000001,0.41600000000000004,0.30199999999999994,0.2785787637437868,-0.03129485744611887,0.029512072387996004,0.33124708169417943,-0.0009203526775638546
0.2830000000000001,0.41600000000000004,0.3009999999999998,0.2802143446964763,-0.031904916240035996,0.025075740141293438,0.32909223533460913,-0.0008111093622262316
0.2840000000000001,0.41600000000000004,0.29999999999999993,0.28183660927527243,-0.03251912284057541,0.020674946358152493,0.3269645739565754,-0.0006527912850953434
0.2850000000000001,0.41600000000000004,0.2989999999999998,0.2834456939375967,-0.033137473722128837,0.016307390893887646,0.3248618538097931,-0.0004462446503314102
0.2860000000000001,0.41600000000000004,0.29799999999999993,0.28504172532273336,-0.03375996920552748,0.011970658434007717,0.3227817527271516,-0.00019220657192171408
0.2740000000000001,0.417,0.309,0.26442019222889646,-0.026480962131721027,0.06391311256936962,0.346539959693617,-2.6266646219823796e-05
0.2750000000000001,0.417,0.3079999999999999,0.2661646818072897,-0.027054119924025885,0.05921763857743572,0.3441887128249864,-0.000320574966515769
0.2760000000000001,0.417,0.307,0.267894320780766,-0.02763172761647147,0.054558170598892314,0.3418645288933987,-0.0005585543487401116
0.2770000000000001,0.417,0.3059999999999999,0.2696093259849977,-0.02821374410152884,0.049934639621668546,0.33956742271150026,-0.0007412372787565904
0.2780000000000001,0.417,0.305,0.27130990798585075,-0.028800128306273435,0.04534698019707187,0.33729740709872785,-0.0008696453527388855
0.2790000000000001,0.417,0.3039999999999999,0.2729962713880085,-0.02939083918857569,0.04079513016815784,0.3350544928966993,-0.0009447895849756284
0.2800000000000001,0.417,0.303,0.27466861512526225,-0.029985835733725152,0.036279030416237645,0.33283868898488267,-0.0009676706937267869
0.2810000000000001,0.417,0.3019999999999999,0.2763271327366961,-0.030585076951444832,0.03179862462421002,0.3306500022975453,-0.0009392793670012518
0.2820000000000001,0.417,0.301,0.27797201262179855,-0.031188521873301595,0.0273538590507842,0.32848843783982645,-0.000860596508489762
0.2830000000000001,0.417,0.2999999999999999,0.2796034382810714,-0.03179612956070908,0.022944682029136444,0.3263539980685266,-0.0007325934896703617
0.2840000000000001,0.417,0.299,0.28122155186067666,-0.032407895360637026,0.01856881988871449,0.32424447018276065,-0.0005561339867471895
0.2850000000000001,0.417,0.2979999999999999,0.282826485598027,-0.03302381839626294,0.01422388385415334,0.3221575627110201,-0.00033197420228817586
0.2860000000000001,0.417,0.297,0.2844184012211667,-0.03364386351620797,0.009909654094723875,0.3200931587179732,-6.0907876966931384e-05
0.2740000000000001,0.418,0.308,0.26385038128557736,-0.02639360835975666,0.061558735008766303,0.343638706044015,-0.0001328518040157687
0.2750000000000001,0.418,0.3069999999999999,0.26559041380325205,-0.02696453818497776,0.056890291732670815,0.34130821255095506,-0.0004028967279228503
0.2760000000000001,0.418,0.306,0.2673156367888379,-0.02753989118576745,0.05225786958403109,0.339004732894067,-0.0006173776673921959
0.2770000000000001,0.418,0.3049999999999999,0.26902626703968624,-0.028119626363074895,0.0476613975604357,0.33672828049866516,-0.0007773201389659227
0.2780000000000001,0.418,0.304,0.27072251508739525,-0.02870370275574085,0.04310080823801506,0.33447886681824596,-0.0008837387667567347
0.2790000000000001,0.418,0.3029999999999999,0.27240458550599345,-0.029292079436641447,0.0385760375005336,0.33225650135042056,-0.0009376375890175728
0.2800000000000001,0.418,0.302,0.27407267720183354,-0.0298847155092801,0.034087024287577164,0.3300611916520585,-0.0009400103432256101
0.2810000000000001,0.418,0.3009999999999999,0.275726983689329,-0.030481570104755443,0.029633710354613048,0.3278929433566198,-0.0008918407305432128
0.2820000000000001,0.418,0.3,0.27736769334122674,-0.03108260238908271,0.02521603976384192,0.32575175955945845,-0.000794102687416959
0.2830000000000001,0.418,0.2989999999999999,0.27899495417345965,-0.03168780660309422,0.02083176502192433,0.32363545830269236,-0.0006476771559513214
0.2840000000000001,0.418,0.298,0.2806089041915543,-0.032297180694578966,0.01647852360808258,0.32154177870681094,-0.00045333920211876864
0.2850000000000001,0.418,0.2969999999999999,0.28220970951943186,-0.032910689519869495,0.012156091838275665,0.31947060410089567,-0.00021188719204708094
0.2740000000000001,0.419,0.307,0.2632827795226521,-0.02630657637814196,0.05922509519482912,0.34075992588242043,-0.00022932975292904063
0.2750000000000001,0.419,0.3059999999999999,0.26501838165586133,-0.026875289105376537,0.054583633915565685,0.33845010601082776,-0.0004755856258676864
0.2760000000000001,0.419,0.305,0.26673921522287314,-0.027448398486326228,0.04997820748855096,0.33616725024778804,-0.000667034971691351
0.2770000000000001,0.419,0.3039999999999999,0.2684454969794456,-0.028025863630606333,0.04540874294317603,0.33391137064990756,-0.0008046963340139508
0.2780000000000001,0.419,0.303,0.27013743741966645,-0.028607643688962674,0.04087517090190625,0.3316824773234699,-0.0008895773627879979
0.2790000000000001,0.419,0.3019999999999999,0.2718152410837203,-0.029193697849374926,0.036377425311695404,0.32948057844050177,-0.0009226751198799393
0.2800000000000001,0.419,0.301,0.27347910684732774,-0.029783985333605854,0.03191544318989676,0.3273056802541009,-0.0009049763628189238
0.2810000000000001,0.419,0.2999999999999999,0.27512922819278435,-0.03037846540379785,0.027489164106247434,0.32515778649008187,-0.0008374578378177408
0.2820000000000001,0.419,0.299,0.2767657591999213,-0.03097713121517197,0.023096366436013253,0.323034745927789,-0.0007210175619047059
0.2830000000000001,0.419,0.2979999999999999,0.27838884382227014,-0.03157997956166779,0.018734713618264214,0.320934328175811,-0.00055644925375654
0.2840000000000001,0.419,0.297,0.2799986527778784,-0.032186975300857824,0.014403977929274874,0.31885641682441096,-0.00034455610067868694
0.2850000000000001,0.419,0.2959999999999999,0.28159535204728653,-0.03279808343078331,0.0101039360480181,0.31680089616487866,-8.612861331306048e-05
0.2730000000000001,0.42,0.3069999999999999,0.2609712269773785,-0.02565776981873401,0.06156276831474178,0.3402196002047847,-3.794869610451463e-05
0.2740000000000001,0.42,0.306,0.26271737620321395,-0.026219865091400108,0.05691211366126958,0.33790347302856577,-0.00031596261322849005
0.2750000000000001,0.42,0.3049999999999999,0.2644485744264977,-0.026786371527086242,0.052297585029708715,0.3356142469692059,-0.000538897221844678
0.2760000000000001,0.42,0.304,0.2661650449423563,-0.02735724829553642,0.047719103606073954,0.3333519346773017,-0.000707775310911464
0.2770000000000001,0.42,0.3029999999999999,0.26786700446169825,-0.02793245461520074,0.04317659447152739,0.3311165468597221,-0.0008236084485000504
0.2780000000000001,0.42,0.302,0.2695546634379173,-0.028511949748858068,0.03866998631727525,0.32890809229410745,-0.0008873973096818967
0.2790000000000001,0.42,0.3009999999999999,0.2712282263741813,-0.029095692999678614,0.034199211173935484,0.32672657784511394,-0.0009001319806008516
0.2800000000000001,0.42,0.3,0.2728878921083109,-0.02968364371709234,0.029764203883851738,0.32457200786133483,-0.0008627922732726257
0.2810000000000001,0.42,0.2989999999999999,0.27453382099259827,-0.030275793990490223,0.025362768371245265,0.32244226175239993,-0.0007762931049099461
0.2820000000000001,0.42,0.298,0.27616616312154246,-0.030872139480738744,0.020992593728238633,0.3203351395123588,-0.0006414466511501656
0.2830000000000001,0.42,0.2969999999999999,0.27778509401507,-0.03147264503989502,0.016653447997237725,0.31825052498833195,-0.0004590611261778275
0.2840000000000001,0.42,0.296,0.2793907842431674,-0.032077275665433,0.012345103811460123,0.3161883027221695,-0.00022993182610187165
0.2730000000000001,0.421,0.3059999999999999,0.26041242986546076,-0.025573547451572663,0.05924349579729276,0.33736476587950337,-0.00013860338585832896
0.2740000000000001,0.421,0.305,0.26215416065192065,-0.026133473404532627,0.05461971088358509,0.3350692022460219,-0.00039300775628821685
0.2750000000000001,0.421,0.3039999999999999,0.2638809812399383,-0.026697784292838082,0.05003206493601139,0.3328004901418278,-0.0005930824022699777
0.2760000000000001,0.421,0.303,0.26559311487196463,-0.027266439392046,0.045480477199388664,0.3305586408646724,-0.000739843132804654
0.2770000000000001,0.421,0.3019999999999999,0.26729077821089187,-0.027839398029611093,0.04096487082974628,0.3283436637895431,-0.0008342945395637654
0.2780000000000001,0.421,0.301,0.26897418166625875,-0.0284166195804603,0.036485172607801424,0.32615556638394627,-0.0008774303230611067
0.2790000000000001,0.421,0.2999999999999999,0.2706435296971158,-0.028998063472104704,0.03204131240006781,0.3239943536107046,-0.0008702336305680481
0.2800000000000001,0.421,0.299,0.2722989891458582,-0.029583720747090744,0.0276311193463489,0.32185793540394175,-0.0008136361204760761
0.2810000000000001,0.421,0.2979999999999999,0.27394071645535156,-0.03017358595324941,0.02325230787548524,0.31974414203935053,-0.0007084682459405568
0.2820000000000001,0.421,0.297,0.27556889216777325,-0.030767623930039845,0.018904641589170386,0.3176528576171506,-0.0005555434638467526
0.2830000000000001,0.421,0.2959999999999999,0.2771836916499952,-0.031365799667606595,0.014587888880714306,0.31558396692614715,-0.00035566205953891424
0.2840000000000001,0.421,0.295,0.27878528531842856,-0.03196807831206581,0.010301822465608032,0.31353735483681056,-0.00010961153353977022
0.2730000000000001,0.422,0.3049999999999999,0.2598557837266861,-0.025489633104401697,0.056944771673561094,0.33453204861753133,-0.00022946081064431287
0.2740000000000001,0.422,0.304,0.261593122254627,-0.026047400222804943,0.05234780728705179,0.33225696923484904,-0.00046071787872417613
0.2750000000000001,0.422,0.3029999999999999,0.2633155912839201,-0.026609526245988915,0.047786993456764244,0.33000869118948745,-0.0006383874514046912
0.2760000000000001,0.422,0.302,0.2650234140011641,-0.027175970555524658,0.04326224750802367,0.3277872244442047,-0.0007634783564455482
0.2770000000000001,0.422,0.3009999999999999,0.26671680701807593,-0.02774669258801691,0.03877349069203455,0.3255925770607119,-0.0008369882090715221
0.2780000000000001,0.422,0.3,0.2683959806934059,-0.028321651839453375,0.03432064763651996,0.3234247546071887,-0.0008599037746100835
0.2790000000000001,0.422,0.2989999999999999,0.2700611085974281,-0.028900838323723102,0.02990157235151452,0.32128169743672597,-0.0008331733115805148
0.2800000000000001,0.422,0.298,0.2717123537378481,-0.029484245494883665,0.025514004272892556,0.3191612660030183,-0.0007576453870100776
0.2810000000000001,0.422,0.2969999999999999,0.2733499019134299,-0.03007183817238485,0.02115770234314097,0.31706334465512,-0.0006341389275186743
0.2820000000000001,0.422,0.296,0.2749739335079625,-0.030663581331970623,0.016832430508422813,0.3149878184246403,-0.0004634594215139319
0.2830000000000001,0.422,0.2949999999999999,0.27658462372989717,-0.03125944011035819,0.01253795724339482,0.3129345724246498,-0.0002463993241133813
0.2720000000000001,0.423,0.305,0.2575532470018311,-0.02485478067852842,0.05927296024085159,0.33400271957750516,-4.834385071526143e-05
0.2730000000000001,0.423,0.3039999999999999,0.25930127820385135,-0.025406025742801937,0.05466651693248099,0.3317213050970016,-0.00031077545061911505
0.2740000000000001,0.423,0.303,0.26103425045801837,-0.025961644452017988,0.050096323254493265,0.3294666306284503,-0.000519341074955537
0.2750000000000001,0.423,0.3019999999999999,0.26275239380880033,-0.02652159623081595,0.045562290386461056,0.3272387067132287,-0.0006750541239157869
0.2760000000000001,0.423,0.301,0.26445593138379864,-0.027085840566953266,0.041064333754991106,0.32503754199804746,-0.0007789164436869194
0.2770000000000001,0.423,0.2999999999999999,0.26614507973680096,-0.02765433701485256,0.03660237247030507,0.32286314264827803,-0.0008319187149176399
0.2780000000000001,0.423,0.299,0.2678200194168958,-0.02822707457714166,0.03217428505280336,0.32071347932891,-0.0008350256731429295
0.2790000000000001,0.423,0.2979999999999999,0.26948092023316234,-0.028804045632567575,0.027777835600941995,0.3185864425687041,-0.0007891038530475816
0.2800000000000001,0.423,0.297,0.2711279734839561,-0.02938521497280104,0.02341277816752564,0.31648191696141426,-0.0006949778892965078
0.2810000000000001,0.423,0.2959999999999999,0.2727613648039756,-0.029970547551783897,0.019078872033964474,0.3143997877769005,-0.0005534586984411323
0.2820000000000001,0.423,0.295,0.27438127441342547,-0.0305600084897723,0.0147758812281016,0.3123399403668016,-0.00036534390213860965
0.2830000000000001,0.423,0.2939999999999999,0.27598787736117747,-0.03115356306917528,0.010503574312857363,0.3103022601703857,-0.0001314181916525995
0.2720000000000001,0.424,0.304,0.2570052528377858,-0.02477359156669456,0.05698838635752978,0.3311934318150409,-0.00014334213070448833
0.2730000000000001,0.424,0.3029999999999999,0.2587489029985078,-0.025322724332596684,0.052408652517130255,0.3289323929163385,-0.00038279718429030593
0.2740000000000001,0.424,0.302,0.2604775347692523,-0.025876204998586692,0.047865179134286284,0.32669804398701174,-0.0005691209092320995
0.2750000000000001,0.424,0.3009999999999999,0.2621913781271427,-0.026433993092573084,0.04335787549687847,0.3244903942491431,-0.0007033197158032526
0.2760000000000001,0.424,0.3,0.2638906561342017,-0.026996048216935423,0.038886654902694724,0.3223094504559246,-0.0007863885129901402
0.2770000000000001,0.424,0.2989999999999999,0.26557555658649623,-0.02756235837957983,0.03444942000546834,0.32015321347880815,-0.0008193084087826192
0.2780000000000001,0.424,0.298,0.2672462563441893,-0.02813291490160801,0.030043959209698896,0.3180196038179782,-0.0008029637773212571
0.2790000000000001,0.424,0.2969999999999999,0.268902952467859,-0.028707682538779117,0.025670021433866864,0.31590850630677614,-0.0007381852126450844
0.2800000000000001,0.424,0.296,0.27054583608574995,-0.02928662621546718,0.02132736106406853,0.3138198064493359,-0.0006257892955542198
0.2810000000000001,0.424,0.2949999999999999,0.2721750926634508,-0.029869711028072576,0.01701573746357842,0.31175338983162754,-0.00046657903713403777
0.2820000000000001,0.424,0.294,0.27379090225638414,-0.030456902240518415,0.012734914747433683,0.30970914212680106,-0.00026134425862688786
0.2830000000000001,0.424,0.29299999999999987,0.2753934397526805,-0.031048165280024846,0.008484661572175617,0.3076869491026604,-1.0861953214694924e-05
0.2720000000000001,0.425,0.303,0.25645935305162637,-0.02469269725695953,0.05472417337440871,0.32840591272657876,-0.00022884233402507316
0.2730000000000001,0.425,0.3019999999999999,0.2581986478705649,-0.02523972783968435,0.05017109932844645,0.3261651705883467,-0.0004457713595242838
0.2740000000000001,0.425,0.301,0.2599229647555822,-0.025791080769337425,0.045654295246843404,0.3239510677935808,-0.0006102964860694969
0.2750000000000001,0.425,0.2999999999999999,0.2616325336100194,-0.026346715685294557,0.041173668299931805,0.3217636116739883,-0.0007234171805405934
0.2760000000000001,0.425,0.299,0.2633275497633534,-0.02690661961643514,0.03672714488374573,0.31960083320127475,-0.0007861308390539577
0.2770000000000001,0.425,0.2979999999999999,0.2650081973937506,-0.027470782843052124,0.03231253733557829,0.31746068274347644,-0.0007993395656515361
0.2780000000000001,0.425,0.297,0.2666746795993615,-0.02803917007645101,0.027929589180516412,0.3153430453690586,-0.0007638801780985955
0.2790000000000001,0.425,0.2959999999999999,0.2683271932642061,-0.028611746203309807,0.02357804966463641,0.3132478068114755,-0.0006805751704313206
0.2800000000000001,0.425,0.295,0.26996592934151636,-0.029188476288430153,0.019257673255729444,0.31117485288632546,-0.0005502331770588563
0.2810000000000001,0.425,0.2939999999999999,0.271591073126559,-0.02976932556985732,0.014968219404697199,0.3091240694969669,-0.0003736493700968939
0.2820000000000001,0.425,0.293,0.27320280450882056,-0.03035425945432329,0.010709452320714642,0.3070953426407839,-0.00015160583640011754
0.2710000000000001,0.426,0.3029999999999999,0.2541653979859219,-0.024071495641570705,0.057043084471876795,0.32788712566983563,-5.755630428499678e-05
0.2720000000000001,0.426,0.302,0.2559155376520387,-0.02461209677268918,0.0524802427457333,0.3256400217713604,-0.0003050915667432855
0.2730000000000001,0.426,0.3009999999999999,0.2576505026379863,-0.02515703523041212,0.047953778235806245,0.32341949753648913,-0.0004999388640788962
0.2740000000000001,0.426,0.3,0.25937053004081195,-0.025706270679640014,0.04346359165199178,0.3212255608660429,-0.0006431025684714977
0.2750000000000001,0.426,0.2989999999999999,0.2610758230301068,-0.026259789185041713,0.03900763272297045,0.3190562727257155,-0.0007355963007459406
0.2760000000000001,0.426,0.298,0.26276657338716164,-0.026817580002085555,0.03458373732876928,0.3169096132479834,-0.0007783398049709977
0.2770000000000001,0.426,0.2969999999999999,0.2644429905398381,-0.027379607788671552,0.03019164332584701,0.3147854677309635,-0.0007721764012896368
0.2780000000000001,0.426,0.296,0.2661052774028724,-0.027945837385249934,0.025831094561897503,0.31268372213277407,-0.0007179347589826995
0.2790000000000001,0.426,0.2949999999999999,0.2677536306789802,-0.02851623381690391,0.021501840365603417,0.31060426249395556,-0.0006164293824945822
0.2800000000000001,0.426,0.294,0.26938824114516396,-0.02909076228807115,0.017203635292978144,0.3085469749432877,-0.0004684610265224757
0.2810000000000001,0.426,0.29299999999999987,0.27100929392519174,-0.029669388177619077,0.01293623888905634,0.3065117457037864,-0.0002748170903398566
0.2820000000000001,0.426,0.292,0.27261696874145436,-0.03025207703426246,0.008699415462299276,0.30449846109809114,-3.6271991987836755e-05
0.2710000000000001,0.427,0.3019999999999999,0.2536280018850147,-0.02399324485396978,0.05479280767168084,0.3251225337189366,-0.00014716092066077626
0.2720000000000001,0.427,0.301,0.25537379670372967,-0.024531789137250595,0.050256515887710074,0.3228956193057213,-0.000372332474625924
0.2730000000000001,0.427,0.2999999999999999,0.2571044571733499,-0.02507464547893834,0.045756609845640485,0.3206952335123748,-0.0005455362453902525
0.2740000000000001,0.427,0.299,0.25882019462991523,-0.025621798993400533,0.04129106217614707,0.3185194671923914,-0.0006678020367161582
0.2750000000000001,0.427,0.2979999999999999,0.2605212087632231,-0.02617323792639086,0.03685773189468936,0.3163663301393079,-0.0007400671637176719
0.2760000000000001,0.427,0.297,0.2622077156407677,-0.026728926872999544,0.032456350897517534,0.3142357078755369,-0.0007631817428354363
0.2770000000000001,0.427,0.2959999999999999,0.2638799244997065,-0.027288830618505632,0.02808665735957894,0.31212748657835293,-0.000737980894769375
0.2780000000000001,0.427,0.295,0.2655380380667529,-0.027852914139756393,0.023748395211824334,0.31004155250849375,-0.0006652852535015455
0.2790000000000001,0.427,0.2939999999999999,0.2671822528620808,-0.028421142599477228,0.019441313871708936,0.30797779201529474,-0.0005459014006747266
0.2800000000000001,0.427,0.293,0.26881275948525346,-0.028993481340946158,0.015165167988873568,0.3059360915430809,-0.00038062227739516213
0.2810000000000001,0.427,0.29199999999999987,0.2704297428873773,-0.029569895883047786,0.010919717208480843,0.30391633763597936,-0.0001702275758513126
0.2710000000000001,0.428,0.3009999999999999,0.25309264512399016,-0.02391527617992097,0.052562706130514045,0.3223793698501781,-0.0002275563122185265
0.2720000000000001,0.428,0.3,0.2548341203241788,-0.02445177338126701,0.04805291395527758,0.3201725660083537,-0.0004308033649520074
0.2730000000000001,0.428,0.2989999999999999,0.25656047668495974,-0.024992581959585786,0.04357761778752645,0.31799035265124825,-0.0005828390753994414
0.2740000000000001,0.428,0.298,0.25827192212964006,-0.02553768916513402,0.03913469935147089,0.31583076912945235,-0.0006846182824875422
0.2750000000000001,0.428,0.2969999999999999,0.2599686796950949,-0.026087059520309836,0.03472388427357892,0.3136937011843144,-0.0007369982092677203
0.2760000000000001,0.428,0.296,0.2616509652503586,-0.02664065774582619,0.03034490476505794,0.3115790352068622,-0.0007408207191208767
0.2770000000000001,0.428,0.2949999999999999,0.26331898783739077,-0.02719844876136633,0.025997499084215555,0.30948665767239714,-0.0006969128490686631
0.2780000000000001,0.428,0.294,0.2649729499936295,-0.027760397679433845,0.02168141125145036,0.3074164551464247,-0.0006060872647111048
0.2790000000000001,0.428,0.29299999999999987,0.2666130480554865,-0.028326469799631188,0.017396390778717925,0.3053683142892833,-0.00046914269121127515
0.2800000000000001,0.428,0.292,0.268239472443929,-0.028896630603301096,0.013142192416794199,0.3033421218621902,-0.0002868643221610747
0.2810000000000001,0.428,0.29099999999999987,0.269852407936248,-0.02947084574853954,0.008918575916067022,0.30133776473229534,-6.002420790179809e-05
0.2700000000000001,0.429,0.301,0.25080683897111733,-0.023307431078236174,0.05487255372387132,0.3218706868408613,-6.568258196965743e-05
0.2710000000000001,0.429,0.2999999999999999,0.25255931806136234,-0.023837588704459584,0.05035270155081304,0.3196574956643836,-0.0002989825212601554
0.2720000000000001,0.429,0.299,0.25429647489643903,-0.024372072011944027,0.045867490281738595,0.31746886606029173,-0.00048079209925588895
0.2730000000000001,0.429,0.2979999999999999,0.25601852598192915,-0.024910867268730603,0.041414823902006695,0.3153028668327571,-0.0006120836546058138
0.2740000000000001,0.429,0.297,0.25772570167303777,-0.02545393891414713,0.03699442143921045,0.3131593839356935,-0.0006937218447144403
0.2750000000000001,0.429,0.2959999999999999,0.2594182247999075,-0.026001251594473286,0.03260600883040987,0.31103830396809307,-0.0007265555830346742
0.2760000000000001,0.429,0.295,0.26109631102873326,-0.026552770162844134,0.028249318371035042,0.3089395136146732,-0.0007114185981731257
0.2770000000000001,0.429,0.2939999999999999,0.2627601692050326,-0.02710845967263099,0.023924088410632535,0.30686289965119384,-0.0006491299107296033
0.2780000000000001,0.429,0.293,0.2644100016757401,-0.02766828537126241,0.019630063065239633,0.3048083489497398,-0.0005404942845090332
0.2790000000000001,0.429,0.29199999999999987,0.2660460045923178,-0.028232212694462442,0.015366991947787111,0.3027757484835351,-0.00038630265426165466
0.2800000000000001,0.429,0.291,0.2676683681959624,-0.028800207260861077,0.011134629914854833,0.300764985332539,-0.000187332531398078
0.2700000000000001,0.43,0.3,0.25027984186440394,-0.02323202678690548,0.05265617702779073,0.3191499607037478,-0.0001501455918773405
0.2710000000000001,0.43,0.2989999999999999,0.25202798822682804,-0.02376020408937447,0.048160876873982725,0.3169549452843396,-0.0003617393018483083
0.2720000000000001,0.43,0.298,0.25376082640389525,-0.02429270678866125,0.04369829592487935,0.3147825607638125,-0.0005225474959766733
0.2730000000000001,0.43,0.2969999999999999,0.25547859444141685,-0.024829499230102924,0.039268146258373986,0.3126326933023318,-0.0006334426125562255
0.2740000000000001,0.43,0.296,0.2571815224790703,-0.025370545975175816,0.034870147209222324,0.310505229700639,-0.0006952809398793162
0.2750000000000001,0.43,0.2949999999999999,0.2588698331360257,-0.025915811800613798,0.03050402480087517,0.30840005684713623,-0.0007089032027302895
0.2760000000000001,0.43,0.294,0.2605437418743899,-0.026465261691289103,0.026169511421562354,0.30631706172246426,-0.0006751350625051884
0.2770000000000001,0.43,0.29299999999999987,0.2622034573419769,-0.02701886083355323,0.02186634551684209,0.30425613140498914,-0.0005947875899818473
0.2780000000000001,0.43,0.292,0.2638491816940034,-0.0275765746090362,0.017594271303992617,0.30221715307496,-0.00046865771333480326
0.2790000000000001,0.43,0.29099999999999987,0.2654811108958204,-0.028138368588831866,0.013353038503558318,0.30020001402047175,-0.0002975286425970249
0.2800000000000001,0.43,0.29,0.26709943500772043,-0.028704208528091284,0.009142402084022753,0.29820460164165746,-8.217027214479228e-05
0.2700000000000001,0.431,0.299,0.24975480856029195,-0.023156914142719885,0.05045798159816859,0.3164485290941634,-0.00022575223208477595
0.2710000000000001,0.431,0.2979999999999999,0.25149862275032836,-0.0236831432783687,0.04598531228122067,0.31426978933638433,-0.00041608760325231777
0.2720000000000001,0.431,0.297,0.2532271644645778,-0.024213675636253082,0.0415452487640981,0.3121135673496684,-0.0005562442664600598
0.2730000000000001,0.431,0.2959999999999999,0.25494067152395977,-0.024748475682139403,0.03713750342869255,0.30997975012995443,-0.0006470862282046057
0.2740000000000001,0.431,0.295,0.25663937384851293,-0.02528750810600843,0.03276179569865721,0.30786822476293385,-0.0006894615311767802
0.2750000000000001,0.431,0.2939999999999999,0.2583234938451499,-0.025830737814391196,0.028417851690614275,0.30577887842869705,-0.00068420277910168
0.2760000000000001,0.431,0.293,0.2599932467706092,-0.026378129923217985,0.024105403890016246,0.30371159840590584,-0.0006321276329425269
0.2770000000000001,0.431,0.29199999999999987,0.26164884107380415,-0.026929649751122893,0.019824190846315894,0.3016662720772532,-0.0005340392802470079
0.2780000000000001,0.431,0.291,0.2632904787170582,-0.02748526281321312,0.015573956884683042,0.29964278693313334,-0.0003907268794321277
0.2790000000000001,0.431,0.28999999999999987,0.2649183554784448,-0.02804493481520856,0.011354451838043251,0.29764103057827157,-0.00020296598095256749
0.2690000000000001,0.432,0.2989999999999999,0.2474767203415904,-0.02256213913655175,0.05275901565660907,0.31594955716681683,-7.289562491362075e-05
0.2700000000000001,0.432,0.298,0.24923170730796032,-0.023082113294506598,0.048276076644524824,0.3137644918638209,-0.00029277519955970763
0.2710000000000001,0.432,0.2969999999999999,0.2509712114875831,-0.023606404293911917,0.04382592546619786,0.3116019450358673,-0.00046220420983663366
0.2720000000000001,0.432,0.296,0.2526954787774527,-0.024134976493343153,0.03940826717912311,0.3094618038674132,-0.0005820547438270133
0.2730000000000001,0.432,0.2949999999999999,0.2544047467695995,-0.02466779448513113,0.0350228142558999,0.3073439556354254,-0.0006531825020823015
0.2740000000000001,0.432,0.294,0.2560992451631111,-0.02520482308713413,0.03066928621474903,0.3052482877126774,-0.0006764273494666438
0.2750000000000001,0.432,0.29299999999999987,0.25777919615138056,-0.025746027335031865,0.026347409272256542,0.3031746875728474,-0.0006526138359266884
0.2760000000000001,0.432,0.292,0.25944481478456854,-0.026291372475139022,0.02205691601899481,0.30112304279462243,-0.0005825516887749719
0.2770000000000001,0.432,0.29099999999999987,0.261096309311467,-0.026840823957678863,0.01779754511265121,0.2990932410667559,-0.0004670362781739937
0.2780000000000001,0.432,0.29,0.26273388150034466,-0.027394347430511896,0.013569040992429976,0.2970851701920705,-0.0003068490581996483
0.2790000000000001,0.432,0.28899999999999987,0.26435772694087323,-0.027951908733257987,0.00937115360976923,0.29509871809277916,-0.00010275798470088407
0.2690000000000001,0.433,0.2979999999999999,0.2469598649349113,-0.022489554398635387,0.05057079984970647,0.3132666085578826,-0.00015267476692746099
0.2700000000000001,0.433,0.297,0.2487105281976702,-0.023007622358790843,0.04611037967986732,0.3110977662105392,-0.00035139334310503546
0.2710000000000001,0.433,0.2959999999999999,0.2504457443728441,-0.023529985171184375,0.041682634620141164,0.3089513304098168,-0.0005002635005016574
0.2720000000000001,0.433,0.295,0.2521657591186799,-0.0240566073190438,0.037287269820852974,0.30682718861642305,-0.000600148957581224
0.2730000000000001,0.433,0.2939999999999999,0.2538708097970105,-0.0245874535206755,0.03292399785222263,0.3047252283897124,-0.0006518971772236314
0.2740000000000001,0.433,0.293,0.25556112588470886,-0.02512248872118526,0.028592538334606073,0.30264533739220484,-0.0006563399140021766
0.2750000000000001,0.433,0.29199999999999987,0.2572369293604024,-0.025661678084758,0.024292617590581374,0.30058740339297696,-0.000614293730933592
0.2760000000000001,0.433,0.291,0.2588984350664449,-0.02620498698742165,0.020023968320582328,0.29855131427285075,-0.0005265604877517983
0.2770000000000001,0.433,0.28999999999999987,0.26054585105034633,-0.026752381010301276,0.01578632929767248,0.2965369580282436,-0.00039392780300721896
0.2780000000000001,0.433,0.289,0.262179378885184,-0.0273038259332994,0.011579445081309073,0.29454422277612047,-0.00021716949153236377
0.2690000000000001,0.434,0.2969999999999999,0.2464448998642415,-0.022417267983281627,0.048398821874021405,0.3106009716161302,-0.0002238758974667113
0.2700000000000001,0.434,0.296,0.24819126139582942,-0.022933439464258996,0.0439608087098129,0.3084482701388461,-0.00040178307872946323
0.2710000000000001,0.434,0.2949999999999999,0.24992221141528514,-0.023453883965047048,0.03955535820557512,0.30631786373628206,-0.0005304375254869573
0.2720000000000001,0.434,0.294,0.25163799534080045,-0.02397856609295658,0.03518217561223396,0.3042096401474735,-0.0006106946551688365
0.2730000000000001,0.434,0.29299999999999987,0.2533388503027175,-0.024507450691666346,0.030840973603698214,0.30212348721692023,-0.0006433937606518795
0.2740000000000001,0.434,0.292,0.255025005554429,-0.02504050283292114,0.026531471907912295,0.30005929289811817,-0.0006293585533326171
0.2750000000000001,0.434,0.29099999999999987,0.256696682858582,-0.025577687808761997,0.02225339696024758,0.2980169452580805,-0.0005693976757712551
0.2760000000000001,0.434,0.29,0.2583540968485516,-0.0261189711242699,0.018006481578154432,0.29599633248135737,-0.0004643051861223811
0.2770000000000001,0.434,0.28899999999999987,0.2599974553694006,-0.026664318490781293,0.013790464655186345,0.2939973428741694,-0.00031486101647007166
0.2780000000000001,0.434,0.288,0.2616269597978823,-0.027213695819540952,0.009605090876020843,0.29201986486883086,-0.0001218314070246273
0.26800000000000007,0.435,0.297,0.24417410395452252,-0.02183528031889943,0.05069147004472584,0.3101115028866973,-7.97092548739638e-05
0.2690000000000001,0.435,0.2959999999999999,0.24593181552504573,-0.02234527810921876,0.046242999553112396,0.307952564320757,-0.00028667746129437763
0.2700000000000001,0.435,0.295,0.24767389714156218,-0.02285956275801312,0.041827282013679405,0.30581592190257456,-0.00044411846944509463
0.2710000000000001,0.435,0.2939999999999999,0.24940060269825232,-0.02337809874954658,0.037444014960203185,0.303701463543571,-0.0005528960287338514
0.2720000000000001,0.435,0.293,0.25111217737194647,-0.023900850814643233,0.03309290375008204,0.3016090772634323,-0.0006138573235654936
0.2730000000000001,0.435,0.29199999999999987,0.2528088580602432,-0.02442778392176673,0.028773661168286998,0.2995386511935582,-0.0006278335443457668
0.2740000000000001,0.435,0.291,0.25449087379183033,-0.024958863268677467,0.024486007057167684,0.297490073581093,-0.0005956404260259542
0.2750000000000001,0.435,0.28999999999999987,0.2561584461121694,-0.025494054274641128,0.0202296679704074,0.2954632327924311,-0.0005180787568012676
0.2760000000000001,0.435,0.289,0.257811789444476,-0.026033322573130884,0.01600437684739107,0.293458017317793,-0.0003959348586038789
0.2770000000000001,0.435,0.28799999999999987,0.25945111143025157,-0.026576634005018026,0.011809872709393486,0.29147431577464067,-0.00022998104209110424
0.2780000000000001,0.435,0.287,0.2610766132488275,-0.027123954612183667,0.007645900372182105,0.28951201691261624,-2.0976037134773796e-05
0.26800000000000007,0.436,0.296,0.2436671846483142,-0.02176544083375223,0.04852942477491592,0.3074641551090941,-0.00015500385456422572
0.2690000000000001,0.436,0.2949999999999999,0.24542060238334787,-0.022273583012805936,0.044103250987323754,0.3053213049025715,-0.000341255525706562
0.2700000000000001,0.436,0.294,0.24715842574595953,-0.022785990405530213,0.039709718146111316,0.30320064000850555,-0.00047857124728528915
0.2710000000000001,0.436,0.29299999999999987,0.24888090837846225,-0.023302627617863062,0.03534852389556186,0.3011020486143387,-0.000567806469182574
0.2720000000000001,0.436,0.292,0.25058829521505627,-0.023823459503577317,0.031019373706404278,0.29902541902254026,-0.0006098002105418806
0.2730000000000001,0.436,0.29099999999999987,0.2522808229193435,-0.024348451155331605,0.02672198047999767,0.29697063965360054,-0.000605375626222311
0.2740000000000001,0.436,0.29,0.25395872029409633,-0.024877567896295107,0.02245606417917433,0.29493759904994593,-0.0005553405411172576
0.2750000000000001,0.436,0.28899999999999987,0.25562220866641794,-0.02541077527232302,0.018221351482294437,0.2929261858793792,-0.0004604879547932435
0.2760000000000001,0.436,0.288,0.257271502248239,-0.025948039044626173,0.014017575457923655,0.2909362889395525,-0.000321596518201151
0.2770000000000001,0.436,0.28699999999999987,0.25890680847636643,-0.026489325182934263,0.00984447525922829,0.28896779716090387,-0.0001394309848963091
0.26700000000000007,0.437,0.2959999999999999,0.2413971384532193,-0.021193868359691895,0.05082030991566909,0.3069829855430128,-6.812494919969728e-06
0.26800000000000007,0.437,0.295,0.24316210544700534,-0.021695885026775608,0.04638348238067266,0.30483395540134056,-0.0002219057267001472
0.2690000000000001,0.437,0.2939999999999999,0.24491125097496327,-0.02220218094744117,0.04197949455176771,0.30270711184262267,-0.000387783803048027
0.2700000000000001,0.437,0.293,0.24664483759133493,-0.022712720590054955,0.03760803593835323,0.30060234321477136,-0.0005053108357310748
0.2710000000000001,0.437,0.29199999999999987,0.2483631186852717,-0.023227468681687544,0.03326880430065538,0.2985195379837601,-0.0005753340430368812
0.2720000000000001,0.437,0.291,0.2500663389470878,-0.02374639019850029,0.028961505228620836,0.29645858473683684,-0.0005986843461624593
0.2730000000000001,0.437,0.28999999999999987,0.25175473480518046,-0.024269450356765136,0.02468585174715502,0.29441937218535613,-0.0005761769311862872
0.2740000000000001,0.437,0.289,0.2534285348352307,-0.02479661460445121,0.02044156394640347,0.29240178916909365,-0.0005086117789928788
0.2750000000000001,0.437,0.28799999999999987,0.25508796014481444,-0.025327848613372072,0.016228368634196393,0.29040572465924924,-0.0003967741657386176
0.2760000000000001,0.437,0.287,0.25673322473344296,-0.025863118271832214,0.012045999013302302,0.2884310677621623,-0.00024143513606031354
0.2770000000000001,0.437,0.28599999999999987,0.2583645358321541,-0.026402389677739727,0.007894194375737336,0.28647770772356235,-4.335195060428546e-05
0.26700000000000007,0.438,0.2949999999999999,0.24089817645063824,-0.021126410083583902,0.04866820135609283,0.3043538169450762,-8.611920895765235e-05
0.26800000000000007,0.438,0.294,0.24265885710816273,-0.021626611236484353,0.044253561063224534,0.302220822219651,-0.000280590555835365
0.2690000000000001,0.438,0.29299999999999987,0.2444037519048264,-0.022131070183596273,0.03987164890152804,0.3001099038755493,-0.00042643367331643076
0.2700000000000001,0.438,0.292,0.24613312313049082,-0.02263975151262489,0.035522154499480735,0.29802095053468525,-0.000524504371517786
0.2710000000000001,0.438,0.29099999999999987,0.24784722391990266,-0.023152620071244943,0.03120477574098896,0.29595385094318416,-0.0005756417050009556
0.2720000000000001,0.438,0.29,0.2495462987182692,-0.02366964095744611,0.02691921834201532,0.29390849397531016,-0.0005806685640185739
0.2730000000000001,0.438,0.28899999999999987,0.2512305837175806,-0.024190779510529184,0.02266519545650935,0.2918847686355313,-0.000540392232062932
0.2740000000000001,0.438,0.288,0.2529003072652513,-0.02471600130266267,0.01844242730712539,0.28988256406262364,-0.0004556049115618992
0.2750000000000001,0.438,0.28699999999999987,0.25455569024821073,-0.025245272130994485,0.014250640838155238,0.2879017695329047,-0.0003270842203400735
0.2760000000000001,0.438,0.286,0.2561969464524602,-0.02577855801027565,0.01008956939308993,0.2859422744631873,-0.0001555936611281355
0.26700000000000007,0.439,0.2939999999999999,0.24040101469214498,-0.021059223112050652,0.04653214246596704,0.3017417151874932,-0.00015704154303009194
0.26800000000000007,0.439,0.293,0.2421574304563596,-0.021557617817423574,0.04213957930315959,0.29962467427361233,-0.0003312316704665347
0.2690000000000001,0.439,0.29199999999999987,0.24389809584623096,-0.022060249008467085,0.03777963296849535,0.2975295999908116,-0.0004573742061238311
0.2700000000000001,0.439,0.291,0.245623272885988,-0.02256708139172253,0.03345199321705714,0.29545638123676904,-0.0005363167266780318
0.2710000000000001,0.439,0.28999999999999987,0.24733321445472356,-0.02307807993492791,0.02915635806150519,0.2934049070406452,-0.0005688901900875194
0.2720000000000001,0.439,0.289,0.24902816475133005,-0.023593209857351867,0.024892433349649332,0.29137506656526446,-0.0005559095222746821
0.2730000000000001,0.439,0.28799999999999987,0.25070835973022704,-0.02411243662074833,0.020659932371357364,0.2893667491099944,-0.0004981741701354959
0.2740000000000001,0.439,0.287,0.2523740275094194,-0.024635725920881996,0.016458575487674338,0.28737984411474604,-0.00039646862284420424
0.2750000000000001,0.439,0.28599999999999987,0.25402538875408587,-0.025163043679623038,0.012288089785673093,0.28541424116202735,-0.0002515629045765531
0.2760000000000001,0.439,0.285,0.2556626570356089,-0.025694356037520162,0.008148208753129873,0.2834698299813469,-6.421303984964651e-05
0.26600000000000007,0.44,0.294,0.23813748566103804,-0.02049995939600033,0.04881547186937336,0.30126973566973286,-1.717977371465309e-05
0.26700000000000007,0.44,0.29299999999999987,0.23990564421901178,-0.02099230588067269,0.04441205155469925,0.2991465989529926,-0.00021975476630424137
0.26800000000000007,0.44,0.292,0.2416578163824917,-0.021488903139872333,0.0400414558616397,0.2970454305269245,-0.00037400006574842253
0.2690000000000001,0.44,0.29099999999999987,0.24339427354018137,-0.021989715725676085,0.03570336596692931,0.2949661194325591,-0.0004807721835030543
0.2700000000000001,0.44,0.29,0.24511527744944017,-0.02249470846294665,0.03139747175903916,0.2929085548463109,-0.000540910530438512
0.2710000000000001,0.44,0.28899999999999987,0.24682108073249873,-0.023003846438964703,0.027123471385845328,0.2908726260817298,-0.0005552380349511934
0.2720000000000001,0.44,0.288,0.24851192734076918,-0.023517094993726877,0.02288107083442633,0.28885822259212146,-0.0005245617249762986
0.2730000000000001,0.44,0.28699999999999987,0.2501880529899306,-0.024034419710861017,0.018669983534964584,0.28686523397406516,-0.0004496732761538505
0.2740000000000001,0.44,0.286,0.25184968556746384,-0.0245557864091427,0.014489929993247235,0.28489354996958033,-0.0003313495293649773
0.2750000000000001,0.44,0.28499999999999986,0.25349704551569513,-0.02508116113453645,0.010340637443977735,0.28294306046995055,-0.00017035297917867296
0.26600000000000007,0.441,0.293,0.2376481555659929,-0.02043507773728802,0.04668929838150542,0.29867562332796577,-9.204594626335784e-05
0.26700000000000007,0.441,0.29199999999999987,0.2394120561368272,-0.02092565684005632,0.042307847215581396,0.29656838717934486,-0.0002744317916572865
0.26800000000000007,0.441,0.291,0.24116000584309003,-0.021420465589804354,0.03795910978050635,0.2944830101992317,-0.0004090644259266674
0.2690000000000001,0.441,0.28999999999999987,0.24289227579465908,-0.021919468655210748,0.03364276739082783,0.2924193817029124,-0.0004967921215438494
0.2700000000000001,0.441,0.289,0.24460912748079877,-0.022422630978965522,0.029358510073971934,0.2903773911468897,-0.0005384461909148383
0.2710000000000001,0.441,0.28799999999999987,0.24631081326569768,-0.02292991776736587,0.025106036119875576,0.2883569281311605,-0.0005348415994933643
0.2720000000000001,0.441,0.287,0.2479975768521061,-0.023441294480581746,0.02088505165900673,0.28635788240195426,-0.00048677754284604576
0.2730000000000001,0.441,0.28599999999999987,0.24966965371585684,-0.023956726823554535,0.01669527026966781,0.28438014385407717,-0.0003950379907478826
0.2740000000000001,0.441,0.285,0.2513272715128048,-0.0244761807374692,0.012536412607922258,0.2824236025341825,-0.0002603922001728734
0.2750000000000001,0.441,0.28399999999999986,0.2529706504613505,-0.024999622391781922,0.008408206061490463,0.28048814864320176,-8.359519993002512e-05
0.26600000000000007,0.442,0.292,0.23716057791953116,-0.02037045400907274,0.044579039373390306,0.29609841584795454,-0.00015871234562005784
0.26700000000000007,0.442,0.29099999999999987,0.2389202416148001,-0.020859274455403202,0.0402194483229349,0.2940069990601939,-0.0003212431982043719
0.26800000000000007,0.442,0.29,0.24066398985967402,-0.021352303568434976,0.03589246038508637,0.2919373327677038,-0.00043659114687715633
0.2690000000000001,0.442,0.28899999999999987,0.2423920934839709,-0.021849506132977363,0.031597757017493525,0.289889306561701,-0.0005055962928169197
0.2700000000000001,0.442,0.288,0.24410481370766945,-0.02235084720904625,0.027335028393036313,0.2878628101809668,-0.0005290819169136776
0.2710000000000001,0.442,0.28699999999999987,0.2458024026357454,-0.02285629212142967,0.023103972949365906,0.2858577335141469,-0.0005078550878070405
0.2720000000000001,0.442,0.286,0.24748510372117316,-0.02336580644993221,0.018904296968089762,0.28387396660173203,-0.00044270723437358746
0.2730000000000001,0.442,0.28499999999999986,0.24915315219881148,-0.023879356020236463,0.014735714179761165,0.28191139963898915,-0.0003344146850919479
0.2740000000000001,0.442,0.284,0.2508067754918091,-0.024396906895356268,0.010597945396284435,0.27996992297830614,-0.0001837391771417037
0.26500000000000007,0.443,0.29199999999999987,0.23490313548838318,-0.019823239519185323,0.04685527343666637,0.2956354632991749,-2.6877590970371835e-05
0.26600000000000007,0.443,0.291,0.23667474410070938,-0.02030608675305073,0.042484613556638094,0.29353803239631915,-0.0002173514384140817
0.26700000000000007,0.443,0.28999999999999987,0.23843019188515163,-0.020793157206389242,0.03814677403640238,0.2914623540467775,-0.00036035725428510594
0.26800000000000007,0.443,0.289,0.24016975951807926,-0.021284415492105874,0.03384142728398206,0.2894083179676157,-0.00045674435844423374
0.2690000000000001,0.443,0.28799999999999987,0.24189371754805525,-0.021779826510663482,0.029568254906729548,0.28737581402835255,-0.0005073447481235031
0.2700000000000001,0.443,0.287,0.24360232692461156,-0.022279355438910166,0.025326947229937915,0.2853647322517375,-0.0005129737393660776
0.2710000000000001,0.443,0.28599999999999987,0.24529583949236433,-0.02278296771960423,0.02111720284456031,0.2833749628170419,-0.0004744305697678066
0.2720000000000001,0.443,0.285,0.24697449845338293,-0.023290629051642038,0.016938728188028745,0.281406396060921,-0.00039249896647989527
0.2730000000000001,0.443,0.28399999999999986,0.24863853880048245,-0.023802305380887474,0.012791237150231139,0.27945892248056364,-0.00026794768120920237
0.2740000000000001,0.443,0.283,0.2502881877230498,-0.02431796289159545,0.008674450704635878,0.27753243273603123,-0.00010153099503387242
0.26500000000000007,0.444,0.29099999999999987,0.2344232675069782,-0.01976084787804121,0.04475484619220964,0.29307605744899734,-9.742506165492503e-05
0.26600000000000007,0.444,0.29,0.23619064554962704,-0.020241974524651905,0.04040593992733193,0.2909943923974131,-0.00026813335805845294
0.26700000000000007,0.444,0.28899999999999987,0.23794189824244877,-0.02072730358705359,0.03608974379908855,0.28893437184871507,-0.0003919399399250076
0.26800000000000007,0.444,0.288,0.2396773059678089,-0.021216799792157178,0.031805930370118383,0.2868958857940221,-0.00046968594665990635
0.2690000000000001,0.444,0.28699999999999987,0.24139713899184362,-0.02171042815561449,0.027554181403932808,0.28487882438256545,-0.0005021953386096956
0.2700000000000001,0.444,0.286,0.2431016579924712,-0.022208153970602624,0.023334187382646473,0.2828830779237701,-0.0004902755329404774
0.2710000000000001,0.444,0.28499999999999986,0.24479111455284305,-0.02270994279734139,0.019145647057785875,0.28090853688869255,-0.0004347180018154989
0.2720000000000001,0.444,0.284,0.24646575162303827,-0.02321576045327652,0.014988267028957494,0.27895509191224666,-0.0003362988353880997
0.2730000000000001,0.444,0.28299999999999986,0.24812580395275086,-0.023725573003896494,0.010861761350009137,0.27702263379497133,-0.0001957792725119289
0.2740000000000001,0.444,0.282,0.24977149849656505,-0.024239346754118315,0.006765851161204703,0.27511105350609866,-1.3906201451599595e-05
0.26500000000000007,0.445,0.28999999999999987,0.2339451055056823,-0.019698701435816864,0.0426701983804276,0.29053339553094765,-0.0001599554244289315
0.26600000000000007,0.445,0.289,0.23570827376682799,-0.0201781158926423,0.03834293776831865,0.28846741553373595,-0.0003112259278333289
0.26700000000000007,0.445,0.28799999999999987,0.23745535204300836,-0.020661712105380634,0.034048277341298304,0.2864229724350803,-0.00041615496957818094
0.26800000000000007,0.445,0.287,0.23918662042140265,-0.021149454914505476,0.02978588982250422,0.28439995650197125,-0.00047557557602347566
0.2690000000000001,0.445,0.28599999999999987,0.24090234888457035,-0.02164130945038445,0.025555457137932714,0.2823982581656859,-0.0004903037372055781
0.2700000000000001,0.445,0.285,0.2426027978377078,-0.02213724112203815,0.02135666993396173,0.2804177680236631,-0.0004611390374028865
0.2710000000000001,0.445,0.28399999999999986,0.24428821860138902,-0.022637215606628597,0.017189227127258365,0.278458376841014,-0.00038886524824321696
0.2720000000000001,0.445,0.283,0.24595885387262403,-0.023141198839621284,0.013052835484707703,0.2765199755521468,-0.00027425088717934515
0.2730000000000001,0.445,0.28199999999999986,0.2476149381569501,-0.0236491570055682,0.008947209230415525,0.2746024552629857,-0.00011804974385849819
0.26400000000000007,0.446,0.29,0.2316933168839249,-0.019163284815911032,0.04493979893952339,0.29007931201727677,-3.585223887966416e-05
0.26500000000000007,0.446,0.28899999999999987,0.23346864118824923,-0.01963679883349829,0.040601249126159325,0.2880073972003728,-0.00021463833856661362
0.26600000000000007,0.446,0.288,0.23522762031268157,-0.020114509439113703,0.036295526648785055,0.28595702174833876,-0.00034679468347830226
0.26700000000000007,0.446,0.28699999999999987,0.23697054470424922,-0.02059638128329015,0.0320222946787561,0.28392807603635634,-0.00043316381427231394
0.26800000000000007,0.446,0.286,0.23869769415379588,-0.021082379319622684,0.027781226106360458,0.28192045060906923,-0.0004745707113621082
0.2690000000000001,0.446,0.28499999999999986,0.24040933835917044,-0.02157246879272596,0.023572003025658567,0.27993403618190876,-0.00047182346063346986
0.2700000000000001,0.446,0.284,0.2421057374517372,-0.022066615226973667,0.019394316252568784,0.2779687236422678,-0.0004257138788405178
0.2710000000000001,0.446,0.28299999999999986,0.24378714248842084,-0.022564784415963046,0.015247864875077271,0.27602440405072476,-0.0003370181018030184
0.2720000000000001,0.446,0.282,0.24545379591212282,-0.02306694241264517,0.011132355833887553,0.27410096864302547,-0.0002064971382752628
0.2730000000000001,0.446,0.28099999999999986,0.24710593198319197,-0.023573055520083753,0.007047503528109671,0.2721983088319772,-3.4897391863008284e-05
0.26400000000000007,0.447,0.289,0.23122274609579116,-0.0191032997902109,0.04286492701913583,0.2875542658783246,-0.00010220608431829462
0.26500000000000007,0.447,0.28799999999999987,0.23299386631639182,-0.019575138724488402,0.03854791784192154,0.28549798237267165,-0.00026164115433188143
0.26600000000000007,0.447,0.287,0.23474867680679712,-0.02005115375915952,0.03426362642623329,0.283463131245187,-0.00037500289604525507
0.26700000000000007,0.447,0.28599999999999987,0.2364874677041091,-0.020531309656304477,0.030011716116025013,0.28144960314454404,-0.0004431257242168379
0.26800000000000007,0.447,0.285,0.23821051850169847,-0.021015571482192026,0.02579185997427028,0.27945728889555144,-0.0004668266398686323
0.2690000000000001,0.447,0.28399999999999986,0.23991809861160543,-0.021503904595223104,0.021603740269828735,0.27748607949932197,-0.0004469058906696711
0.2700000000000001,0.447,0.283,0.24161046789027904,-0.021996274634640323,0.017447047993754114,0.2755358661347881,-0.0003841475908889264
0.2710000000000001,0.447,0.28199999999999986,0.24328787712994449,-0.022492647509965564,0.013321482411466736,0.2736065401599213,-0.00027932030484002605
0.2720000000000001,0.447,0.28099999999999997,0.24495056851834582,-0.02299298939110693,0.009226750641367189,0.27169799311338244,-0.00013317759597820933
0.26400000000000007,0.448,0.288,0.23075383609973643,-0.01904354784147706,0.040805699671456176,0.28504580379339245,-0.00016072341954429317
0.26500000000000007,0.448,0.28699999999999987,0.23252077270922014,-0.019513719774554742,0.036510124230140724,0.283005071224354,-0.00030112893607944476
0.26600000000000007,0.448,0.286,0.23427143492743444,-0.019988047460817733,0.03224715724726818,0.2809856644901834,-0.00039601159449818455
0.26700000000000007,0.448,0.28499999999999986,0.23600611258042103,-0.020466495773475635,0.028016462245333988,0.2789874745151476,-0.00044619775076350904
0.26800000000000007,0.448,0.284,0.2377250848629842,-0.02094902989103683,0.023817712467437684,0.27701039240560466,-0.00045249649294761777
0.2690000000000001,0.448,0.28299999999999986,0.23942862090025607,-0.02143561528522425,0.019650590361650407,0.27505430945038045,-0.00041570029580903175
0.2700000000000001,0.448,0.282,0.24111698027271525,-0.021926217709663437,0.015514787100308841,0.27311911712186343,-0.0003365856358101902
0.2710000000000001,0.448,0.28099999999999986,0.2427904135068467,-0.02242080318929879,0.011410002131288427,0.2712047070768039,-0.00021591356962067927
0.2720000000000001,0.448,0.27999999999999997,0.24444916253424823,-0.022919338010469876,0.00733594275786879,0.2693109711583306,-5.443027871171772e-05
0.26300000000000007,0.449,0.28799999999999987,0.22850726568384622,-0.018519685626036547,0.043069130605794516,0.28460043634701815,-4.406324097636126e-05
0.26400000000000007,0.449,0.287,0.230286578911691,-0.018984027703522168,0.038762036445895987,0.2825538459107376,-0.0002115710953856727
0.26500000000000007,0.449,0.28599999999999987,0.2320493522426537,-0.019452540661586158,0.03448778828199164,0.28052858419455823,-0.00033326448488790565
0.26600000000000007,0.449,0.285,0.23379588641091503,-0.019925189164817333,0.03024603954766472,0.2785245422127514,-0.0004099795880559108
0.26700000000000007,0.449,0.28399999999999986,0.23552647093034282,-0.020401938197138158,0.026036453949603168,0.27654161116727727,-0.00044253476875435083
0.26800000000000007,0.449,0.283,0.23724138469607756,-0.02088275304885658,0.021858704915926834,0.27457968244811554,-0.0004317312678886651
0.2690000000000001,0.449,0.28199999999999986,0.23894089654529052,-0.02136759930456019,0.01771247508062145,0.2726386476333498,-0.0003783538524661076
0.2700000000000001,0.449,0.28099999999999997,0.24062526578145682,-0.021856442831776585,0.013597455803319206,0.27071839849047524,-0.0002831714254488255
0.2710000000000001,0.449,0.27999999999999986,0.24229474266430392,-0.02234924977036796,0.009513346719540869,0.26881882697683385,-0.00014693759933032222
0.26300000000000007,0.45,0.28699999999999987,0.22804583190471844,-0.018462026868926517,0.041019621137260216,0.2821094060863879,-0.0001063513370602601
0.26400000000000007,0.45,0.286,0.22982096660262177,-0.018924738121485922,0.03673385718375186,0.28007831264153593,-0.00025491367870311265
0.26500000000000007,0.45,0.28499999999999986,0.2315795968488921,-0.01939160007535191,0.032480830281214366,0.27806844198564995,-0.00035820836156530205
0.26600000000000007,0.45,0.284,0.23332202305105978,-0.01986257750432696,0.028260194054213678,0.27607968540652894,-0.0004170634886522522
0.26700000000000007,0.45,0.28299999999999986,0.2350485344097429,-0.02033763550263553,0.0240716124006707,0.2741119343854907,-0.00043228949819699644
0.26800000000000007,0.45,0.282,0.23675940951935442,-0.02081673947194859,0.01991475893954304,0.2721650805980309,-0.00040467984943307815
0.2690000000000001,0.45,0.28099999999999986,0.23845491692806356,-0.02129985510926019,0.0157893164963196,0.27023901591327093,-0.0003350116662819767
0.2700000000000001,0.45,0.27999999999999997,0.24013531566131371,-0.021786948395522934,0.01169497662254807,0.26833363239529723,-0.0002240463420191529
0.2710000000000001,0.45,0.27899999999999986,0.2418008557110885,-0.022277985585018475,0.007631439147365324,0.2664488223035071,-7.25301081308192e-05
0.26300000000000007,0.451,0.28599999999999987,0.2275860149652718,-0.018404589645335506,0.03898562161123678,0.2796348010550876,-0.00016098133786914557
0.26400000000000007,0.451,0.285,0.22935699129797685,-0.018865677851818443,0.034721082017484334,0.2776191246608411,-0.00029091347529880884
0.26500000000000007,0.451,0.28399999999999986,0.2311114985158295,-0.019330896717472904,0.03048917080173555,0.2756245655649504,-0.0003761189089594272
0.26600000000000007,0.451,0.283,0.23284983669861964,-0.01980021112492719,0.02628954178516165,0.2736510153305799,-0.0004174177331380535
0.26700000000000007,0.451,0.28199999999999986,0.2345722947326472,-0.020273586278292913,0.02212185906238573,0.27169836572055955,-0.0004156125263505455
0.26800000000000007,0.451,0.28099999999999997,0.2362791509105568,-0.02075098769017449,0.017985796449048772,0.2697665086972734,-0.0003714890313132094
0.2690000000000001,0.451,0.27999999999999986,0.2379706734904935,-0.021232381169514522,0.013881036967536285,0.2678553364228024,-0.00028581679311369174
0.2700000000000001,0.451,0.27899999999999997,0.2396471212188844,-0.021717732810216384,0.009807272367748912,0.26596474125923486,-0.00015934975893090015
0.26200000000000007,0.452,0.286,0.2253442237267563,-0.017892045988063265,0.04124334947242184,0.2791980015042171,-5.148224094521673e-05
0.26300000000000007,0.452,0.28499999999999986,0.22712780718162898,-0.018347372775889517,0.03696705201313654,0.2771765418991644,-0.00020811728801661605
0.26400000000000007,0.452,0.284,0.22889464517716793,-0.01880684566205458,0.032723631372927275,0.2751762029079599,-0.0003197305529418111
0.26500000000000007,0.452,0.28299999999999986,0.23064504928653345,-0.019270429301188673,0.028512730710791887,0.2731968761649514,-0.0003871522746937313
0.26600000000000007,0.452,0.282,0.232379319260713,-0.019738088684361176,0.024334004050539385,0.271238453510285,-0.0004111946053543406
0.26700000000000007,0.452,0.28099999999999986,0.23409774367064912,-0.020209789125161377,0.02018711568959275,0.26930082699007013,-0.00039265232933352666
0.26800000000000007,0.452,0.27999999999999997,0.2358006005061992,-0.020685496246693757,0.01607173964606743,0.267383888855447,-0.00033230353755453576
0.2690000000000001,0.452,0.27899999999999986,0.23748815773448884,-0.021165175969399007,0.011987559144960034,0.26548753156285515,-0.0002309102602060251
0.2700000000000001,0.452,0.27799999999999997,0.2391606738219381,-0.02164879449965395,0.007934266138603527,0.2636116477742508,-8.921906134408885e-05
0.26200000000000007,0.453,0.285,0.22489177137714297,-0.01783663607239607,0.03921900776264059,0.27674064620148814,-0.00010983485378017292
0.26300000000000007,0.453,0.28399999999999986,0.22667120092216514,-0.018290375091553755,0.03496383262393819,0.2747345495296101,-0.00024792097395975616
0.26400000000000007,0.453,0.283,0.22843392047303776,-0.018748240330580396,0.03074142596939904,0.27274946858810534,-0.000341522763977285
0.26500000000000007,0.453,0.28199999999999986,0.23018024125869382,-0.01921019655112106,0.026551431168373395,0.27078529528435574,-0.00039146243340513597
0.26600000000000007,0.453,0.28099999999999997,0.23191046270028295,-0.01967620885229604,0.022393502453657295,0.26884192173773575,-0.00039854425821520575
0.26700000000000007,0.453,0.27999999999999986,0.2336248730523641,-0.020146242656766622,0.018267304330536877,0.266919240279139,-0.00036355529388065635
0.26800000000000007,0.453,0.27899999999999997,0.23532375000100295,-0.020620263697706264,0.014172511024673411,0.265017143450253,-0.00028726604381769307
0.2690000000000001,0.453,0.27799999999999986,0.23700736122133548,-0.0210982380066048,0.01010880596979375,0.2631355240032897,-0.00017043108689288554
0.2700000000000001,0.453,0.27699999999999997,0.23867596489882584,-0.021580131901841625,0.006075881326481928,0.2612742749015493,-1.3789666802474184e-05
0.26200000000000007,0.454,0.284,0.2244408931073244,-0.017781436695927886,0.03721004163562455,0.2742995583586343,-0.00016070549854461979
0.26300000000000007,0.454,0.28299999999999986,0.226216188606967,-0.018233595433599294,0.03297588401735758,0.2723087451235617,-0.00028055194671568846
0.26400000000000007,0.454,0.282,0.22797480947134038,-0.01868986064660075,0.028774386820309507,0.2703388431730793,-0.00035644576796980704
0.26500000000000007,0.454,0.28099999999999986,0.22971706658410251,-0.019150197203228612,0.024605193629047804,0.2683897446896198,-0.0003892012090266036
0.26600000000000007,0.454,0.27999999999999997,0.2314432590355452,-0.01961457031027101,0.02046795889098057,0.26646134207341976,-0.00037961473545202146
0.26700000000000007,0.454,0.27899999999999986,0.23315367476285093,-0.020082945499052558,0.016362347325405757,0.26455352794207126,-0.00032846573861417525
0.26800000000000007,0.454,0.27799999999999997,0.23484859114732237,-0.02055528861239061,0.012288033371596306,0.26266619512916745,-0.00023651719843663442
0.2690000000000001,0.454,0.27699999999999986,0.23652827557113604,-0.021031565792373978,0.00824470067613767,0.2607992366843814,-0.0001045163054738112
0.26100000000000007,0.455,0.28399999999999986,0.22220343795149436,-0.017279983110906064,0.03946253630641382,0.2738711831655073,-5.809194805323631e-05
0.26200000000000007,0.455,0.283,0.22399158152214538,-0.017726446760485418,0.03521637152460029,0.2718746591243828,-0.00020425541905131576
0.26300000000000007,0.455,0.28199999999999986,0.22576276270736734,-0.018177032653452687,0.031003127064052602,0.2698990501257106,-0.0003061675449351031
0.26400000000000007,0.455,0.28099999999999997,0.2275173045102318,-0.018631705409976853,0.026822435234105168,0.2679442484031786,-0.000364653054116656
0.26500000000000007,0.455,0.27999999999999986,0.22925551746811595,-0.01909043000464391,0.022673939841331304,0.2660101464161634,-0.0003805182967731222
0.26600000000000007,0.455,0.27899999999999997,0.2309777003394608,-0.01955317175152497,0.01855729555369629,0.2640966368476679,-0.0003545519933862854
0.26700000000000007,0.455,0.27799999999999986,0.2326841407430894,-0.020019896290206774,0.014472167309478682,0.26220361260329,-0.00028752593561596107
0.26800000000000007,0.455,0.27699999999999997,0.23437511575457934,-0.020490569572720874,0.010418229766468166,0.26033096681047185,-0.00018019564338195347
0.2690000000000001,0.455,0.27599999999999986,0.2360508924622207,-0.020965157851309663,0.006395166790285028,0.2584785928177438,-3.330098173798344e-05
0.26100000000000007,0.456,0.28299999999999986,0.22175981593124075,-0.017226747400496067,0.03746316596584214,0.27144716477920966,-0.00011264135212593791
0.26200000000000007,0.456,0.282,0.22354382927602928,-0.01767166517734327,0.03323791815923607,0.2694658699144238,-0.0002406436272134739
0.26300000000000007,0.456,0.28099999999999986,0.22531091574542375,-0.018120685612475814,0.029045482929405685,0.26750538624790765,-0.0003249229175201899
0.26400000000000007,0.456,0.27999999999999997,0.22706139797976552,-0.01857377343100161,0.0248854928150223,0.26556560628637793,-0.0003662959637411702
0.26500000000000007,0.456,0.27899999999999986,0.2287955861691545,-0.019030893713436865,0.02075759184995937,0.26364642276787487,-0.00036556128534321274
0.26600000000000007,0.456,0.27799999999999997,0.23051377873919757,-0.019492011880756034,0.016661434927514627,0.26174772865964685,-0.0003234999225971008
0.26700000000000007,0.456,0.27699999999999986,0.2322162629894098,-0.019957093680403843,0.012596687211077557,0.2598694171570088,-0.00024087613151988266
0.26800000000000007,0.456,0.27599999999999997,0.23390331568871847,-0.020426105173203177,0.008563023583299322,0.2580113816826812,-0.00011843803528310349
0.26000000000000006,0.457,0.283,0.21952059677469568,-0.016734451392270058,0.039716556255707774,0.27102621711944924,-5.710193420112308e-06
0.26100000000000007,0.457,0.28199999999999986,0.22131772638191008,-0.017173711756337383,0.03547903715859987,0.2690392571422797,-0.0001598825321038038
0.26200000000000007,0.457,0.28099999999999997,0.22309762907250305,-0.017617090867074005,0.03127460256625917,0.26707311241194615,-0.0002700269260280173
0.26300000000000007,0.457,0.27999999999999986,0.22486064029345448,-0.01806455318179898,0.02710287307650171,0.26512767547072563,-0.00033697104631245944
0.26400000000000007,0.457,0.27899999999999997,0.22660708232139307,-0.018516063530223968,0.022963481463650588,0.2632028391000344,-0.00036152371242282656
0.26500000000000007,0.457,0.27799999999999986,0.22833726499816762,-0.018971587098436223,0.018856071994209574,0.26129849631835333,-0.0003444756785473317
0.26600000000000007,0.457,0.27699999999999997,0.2300514864156099,-0.01943108941393257,0.014780299793487139,0.2594145403788779,-0.0002866003693581227
0.26700000000000007,0.457,0.27599999999999986,0.231750033552989,-0.01989453633161109,0.010735830255008239,0.25755086476849887,-0.00018865456882185595
0.26800000000000007,0.457,0.27499999999999997,0.23343318287164763,-0.020361894020668566,0.006722338489837444,0.25570736320625925,-5.137906602572574e-05
0.26000000000000006,0.458,0.282,0.21908415947484966,-0.01668312687155932,0.03772677254195772,0.268619167250767,-6.388513572757248e-05
0.26100000000000007,0.458,0.28099999999999986,0.2208771621860706,-0.017120875156232784,0.03351007077586915,0.26664738190934634,-0.00019997393940378132
0.26200000000000007,0.458,0.27999999999999997,0.22265297366372283,-0.017562722759645252,0.0293263460695038,0.26469630856977944,-0.0002925599322655924
0.26300000000000007,0.458,0.27899999999999986,0.22441192897354015,-0.018008634242424718,0.025175219264900767,0.2627658400448188,-0.0003424627683942193
0.26400000000000007,0.458,0.27799999999999997,0.2261543500274675,-0.01845857453855085,0.021056323377084043,0.2608558693923516,-0.00035048341202351964
0.26500000000000007,0.458,0.27699999999999986,0.22788054631816057,-0.0189125089393246,0.01696930291144359,0.2589662899129506,-0.0003174049171861047
0.26600000000000007,0.458,0.27599999999999997,0.22959081560272945,-0.01937040307838544,0.012913813229232345,0.25709699514742906,-0.0002439931569716159
0.26700000000000007,0.458,0.27499999999999986,0.2312854445392863,-0.01983222291768823,0.008889519959779213,0.25524787887546396,-0.00013099750657869435
0.26000000000000006,0.459,0.28099999999999997,0.2186492210434421,-0.016631993398628867,0.03575217560395082,0.26622815058722554,-0.00011476525799381009
0.26100000000000007,0.459,0.27999999999999986,0.22043811627332333,-0.017068236586438437,0.03155618800586005,0.26427146100424814,-0.0002330718203005064
0.26200000000000007,0.459,0.27899999999999997,0.2222098558500254,-0.017508559793929204,0.027393070291964045,0.2623353806103254,-0.00030839509929518334
0.26300000000000007,0.459,0.27799999999999986,0.22396477445706797,-0.017952927684722318,0.02326244355315112,0.26041980249083824,-0.00034154679857565187
0.26400000000000007,0.459,0.27699999999999997,0.22570319364076996,-0.018401305296729176,0.019163941050836842,0.2585246199820022,-0.00033332009278694416
0.26500000000000007,0.459,0.27599999999999986,0.22742542254366407,-0.018853658026109707,0.015097207534537119,0.2566497266679299,-0.00028449040047389806
0.26600000000000007,0.459,0.27499999999999997,0.22913175858724324,-0.019309951612269803,0.011061898608334923,0.2547950163784747,-0.00019581610700792717
0.26700000000000007,0.459,0.27399999999999985,0.230822488107563,-0.019770152123821497,0.007057680141929944,0.2529603831877189,-6.803924160892556e-05
0.25900000000000006,0.46,0.28099999999999986,0.2164134991636634,-0.01615040146097488,0.038001217191602425,0.2658153751341853,-1.4394305193489876e-05
0.26000000000000006,0.46,0.27999999999999997,0.21821577458514785,-0.016581050014151996,0.03379268649849967,0.2638530890231395,-0.0001585084306646085
0.26100000000000007,0.46,0.27899999999999986,0.22000058161988587,-0.01701579504180054,0.02961731033748839,0.2619114166207727,-0.00025933023909684833
0.26200000000000007,0.46,0.27799999999999997,0.2217682684794565,-0.017454600917833223,0.025474697154779517,0.25999025102696277,-0.00031768273949547734
0.26300000000000007,0.46,0.27699999999999986,0.22351916946424097,-0.01789743240855415,0.021364468296966036,0.25808948560127315,-0.00033436975134424306
0.26400000000000007,0.46,0.27599999999999997,0.2252536057540113,-0.018344254655473537,0.01728625727741814,0.25620901395981516,-0.0003101767249600149
0.26500000000000007,0.46,0.27499999999999986,0.2269718861402717,-0.01879503315925374,0.013239709095191796,0.25434872997195856,-0.0002458715076674411
0.26600000000000007,0.46,0.27399999999999997,0.22867430770800182,-0.01924973376468764,0.009224479601873435,0.25250852775841554,-0.00014220506040387858
0.25900000000000006,0.461,0.27999999999999986,0.21598564264232017,-0.016101119336460194,0.03603614124139547,0.2634411497123263,-6.886369094157192e-05
0.26000000000000006,0.461,0.27899999999999997,0.21778381324970308,-0.01653029576687651,0.031848226582533716,0.2614939047233914,-0.00019527032360092383
0.26100000000000007,0.461,0.27799999999999986,0.21956455124812596,-0.016963549525671473,0.02769335955801854,0.2595671712240004,-0.0002789011006444698
0.26200000000000007,0.461,0.27699999999999997,0.22132820444732929,-0.017400845088219666,0.02357114887875634,0.2576608425844547,-0.0003205710467591063
0.26300000000000007,0.461,0.27599999999999986,0.22307510676363648,-0.017842147323194866,0.019481216151958646,0.2557748124404025,-0.0003210761631258737
0.26400000000000007,0.461,0.27499999999999997,0.22480557900937465,-0.018287421475375407,0.015423195148548351,0.25390897468921764,-0.0002811942406163719
0.26500000000000007,0.461,0.27399999999999985,0.2265199296241333,-0.0187366331495692,0.011396731122347813,0.25206322348733406,-0.00020168561919300671
0.26600000000000007,0.461,0.27299999999999996,0.22821845535551258,-0.019189748295585344,0.007401480177976129,0.25023745324738583,-8.329389835818571e-05
0.25900000000000006,0.462,0.27899999999999986,0.21555924530477474,-0.01605201868515741,0.034086118275980175,0.2610828023969451,-0.00011620977955798407
0.26000000000000006,0.462,0.27799999999999997,0.21735333023148362,-0.016479729713277318,0.0299187175136488,0.2591505201234451,-0.00022520442910662925
0.26100000000000007,0.462,0.27699999999999986,0.21913001822615227,-0.01691149904954966,0.0257842577561999,0.25723864755042125,-0.00029193417317473864
0.26200000000000007,0.462,0.27599999999999997,0.2208896566957787,-0.017347291270526394,0.021682347984789286,0.2553470783198531,-0.00031720611870497337
0.26300000000000007,0.462,0.27499999999999986,0.2226325791717405,-0.017787071346941418,0.01761261007310072,0.2534757063450052,-0.0003018085140782269
0.26400000000000007,0.462,0.27399999999999997,0.22435910609804116,-0.01823080462650356,0.013574678054937485,0.25162442580665334,-0.0002465115551361669
0.26500000000000007,0.462,0.27299999999999985,0.2260695455614938,-0.018678456817817452,0.00956819744436988,0.24979313114934965,-0.00015206813801173517
0.26600000000000007,0.462,0.27199999999999996,0.22776419397145686,-0.019129993975335033,0.00559282460294244,0.24798171707906577,-1.9214563230877447e-05
0.25800000000000006,0.463,0.27899999999999997,0.21332655920095617,-0.015580921460822869,0.03633129746775499,0.2606780679617122,-2.2134987739575937e-05
0.25900000000000006,0.463,0.27799999999999986,0.2151343005150949,-0.016003098614853876,0.03215106982558627,0.25874025559414215,-0.00015658764561175343
0.26000000000000006,0.463,0.27699999999999997,0.2169243187690855,-0.016429350917657872,0.028004081250391007,0.25682285793163556,-0.00024846208465156686
0.26100000000000007,0.463,0.27599999999999986,0.21869697566736956,-0.01685964263318964,0.02388992732097452,0.2549257686092511,-0.00029857711063229126
0.26200000000000007,0.463,0.27499999999999997,0.22045261821331902,-0.01729393843888202,0.019808217294022993,0.2530488815432349,-0.00030773197879410815
0.26300000000000007,0.463,0.27399999999999985,0.22219157955249838,-0.017732203407219364,0.01575857331535064,0.2511920909260016,-0.0002767072498168181
0.26400000000000007,0.463,0.27299999999999996,0.22391417975972644,-0.018174402988515102,0.011740629686555622,0.24935529122269112,-0.00020626558857854947
0.26500000000000007,0.463,0.27199999999999985,0.2256207265681961,-0.01862050299481331,0.007754032187140852,0.2475383771679741,-9.715251043619047e-05
0.25800000000000006,0.464,0.27799999999999997,0.21290714405469002,-0.015533614306513727,0.034390728084856416,0.25833633634115716,-7.303771136059128e-05
0.25900000000000006,0.464,0.27699999999999986,0.21471080168009263,-0.015954358240577376,0.030230917722667342,0.2564134319827269,-0.00019015019099722524
0.26000000000000006,0.464,0.27599999999999997,0.21649677214492288,-0.01637915845197442,0.026104240053786826,0.2545108411284844,-0.0002651924957504349
0.26100000000000007,0.464,0.27499999999999986,0.21826541673006564,-0.016807979304405078,0.022010290943019952,0.25262845768325876,-0.0002989754750660281
0.26200000000000007,0.464,0.27399999999999997,0.2200170820344154,-0.017240785575900187,0.017948679928877723,0.25076617583862476,-0.00029229059831690997
0.26300000000000007,0.464,0.27299999999999985,0.22175210081686628,-0.017677542440382048,0.013919029433722054,0.24892389006803378,-0.00024591080306433216
0.26400000000000007,0.464,0.27199999999999996,0.2234707927822289,-0.0181182154504353,0.00992097403350185,0.24710149512276758,-0.00016059128696150205
0.26500000000000007,0.464,0.27099999999999985,0.22517346530924537,-0.018562770521197404,0.005954159777510296,0.245298886028527,-3.707024725777897e-05
0.25800000000000006,0.465,0.27699999999999997,0.21248914945286002,-0.01548647950206845,0.032465078305476035,0.2560103287901813,-0.00011698602793192426
0.25900000000000006,0.465,0.27599999999999986,0.21428874224892497,-0.01590579668444562,0.028325584101942254,0.25410225451416363,-0.0002170481678803256
0.26000000000000006,0.465,0.27499999999999997,0.2160706836848051,-0.016329151395665736,0.024219116485963657,0.252214392968112,-0.0002755427583180526
0.26100000000000007,0.465,0.27399999999999985,0.21783533461698637,-0.016756508098906088,0.020145271614294514,0.25034663832857457,-0.0002932727588112274
0.26200000000000007,0.465,0.27299999999999996,0.21958304123904554,-0.017187831672506607,0.016103659312389575,0.24849888506416098,-0.000271021918172515
0.26300000000000007,0.465,0.27199999999999985,0.22131413592238453,-0.017623087391520725,0.012093902284958708,0.24667102793064388,-0.00020955561517083067
0.26400000000000007,0.465,0.27099999999999996,0.22302893800097712,-0.018062240910474207,0.00811563538612935,0.2448629619669385,-0.00010962164339717507
0.25700000000000006,0.466,0.27699999999999986,0.2102590306612203,-0.01502567413585043,0.03470688769103174,0.2556135082829539,-2.8948898519667518e-05
0.25800000000000006,0.466,0.27599999999999997,0.21207256900912916,-0.01543951621797028,0.03055427014120869,0.2536999682306373,-0.0001541322315469309
0.25900000000000006,0.466,0.27499999999999986,0.21386811571270814,-0.015857413075699642,0.026434991401384056,0.25180664641374845,-0.00023743020146348268
0.26000000000000006,0.466,0.27399999999999997,0.21564604675755694,-0.016279328835687938,0.02234863341296167,0.2499334369790422,-0.0002796578812309814
0.26100000000000007,0.466,0.27299999999999985,0.21740672257493882,-0.016705228060322964,0.01829479263017615,0.24808023437648508,-0.0002816104065740359
0.26200000000000007,0.466,0.27199999999999996,0.21915048895229264,-0.01713507572796749,0.014273079170286213,0.24624693335314576,-0.0002440638706479939
0.26300000000000007,0.466,0.27099999999999985,0.2208776778727254,-0.017568837214495692,0.01028311602600295,0.24443342894880962,-0.00016777615731602708
0.26400000000000007,0.466,0.26999999999999996,0.22258860829858357,-0.01800647827604663,0.006324538335213882,0.24263961649132537,-5.34877190108126e-05
0.25700000000000006,0.467,0.27599999999999986,0.20984792155621562,-0.014980276883711658,0.032790622390943026,0.2533039425801781,-7.642464718717978e-05
0.25800000000000006,0.467,0.27499999999999997,0.2116573963777065,-0.01539272363121737,0.028658225908675377,0.25140517785853855,-0.00018462647204495826
0.25900000000000006,0.467,0.27399999999999985,0.21344891560413068,-0.015809206550472063,0.02455906236248717,0.24952653118130833,-0.00025144281256332494
0.26000000000000006,0.467,0.27299999999999996,0.21522285477460149,-0.01622968986627657,0.020492714002831237,0.24766789696462235,-0.0002776808084247822
0.26100000000000007,0.467,0.27199999999999985,0.21697957389435862,-0.01665413823996482,0.01645877758698701,0.24582916993328002,-0.0002641278371691158
0.26200000000000007,0.467,0.27099999999999996,0.21871941834391231,-0.01708251674963255,0.012456863529733221,0.24401024511462174,-0.00021155240083218564
0.26300000000000007,0.467,0.26999999999999985,0.22044271971728463,-0.017514790871669177,0.008486595116419197,0.24221101783362672,-0.00012070495182450194
0.25700000000000006,0.468,0.27499999999999986,0.20943819536540978,-0.014935043286820309,0.030889143754995307,0.25100994797464404,-0.00011711218129130461
0.25800000000000006,0.468,0.27399999999999997,0.21124362525295803,-0.01534610092529088,0.02677686822769198,0.2491258811446188,-0.00020861677770023582
0.25900000000000006,0.468,0.27299999999999985,0.2130311354970694,-0.01576117625174984,0.022697720030274225,0.24726183259197793,-0.00025923044003672
0.26000000000000006,0.468,0.27199999999999996,0.2148011011895877,-0.016180233588905562,0.018651281728063678,0.24541769700381502,-0.0002697524411184641
0.26100000000000007,0.468,0.27099999999999985,0.21655388190893904,-0.01660323769677129,0.014637150385744755,0.2435933693814182,-0.00024096246545727315
0.26200000000000007,0.468,0.26999999999999996,0.2182898226279317,-0.01703015375288959,0.010654936720851403,0.24178874503379988,-0.00017362148809662106
0.26300000000000007,0.468,0.26899999999999985,0.22000925455073692,-0.017460947333855847,0.006704264316428595,0.24000371957274652,-6.84725930492695e-05
0.25600000000000006,0.46900000000000003,0.27499999999999997,0.20721016761375222,-0.014484333220532206,0.03312808306693928,0.2506209182794431,-3.4859503037294477e-05
0.25700000000000006,0.46900000000000003,0.27399999999999985,0.20902984594268323,-0.01488997257422083,0.029002374285244353,0.24873144790741075,-0.00015116103221264718
0.25800000000000006,0.46900000000000003,0.27299999999999996,0.21083124936905806,-0.015299647290120837,0.024910120023643838,0.24686200183505322,-0.00022624907799949291
0.25900000000000006,0.46900000000000003,0.27199999999999985,0.21261476900622522,-0.015713321329340096,0.02085088775499665,0.2450124746965238,-0.0002609354631898564
0.26000000000000006,0.46900000000000003,0.27099999999999996,0.21438077949798517,-0.016130959112248034,0.016824260363888625,0.2431827614516872,-0.0002560116596334326
0.26100000000000007,0.46900000000000003,0.26999999999999985,0.2161296399952041,-0.016552525497271514,0.012829835229174665,0.24137275737981748,-0.00021224972373345367
0.26200000000000007,0.46900000000000003,0.26899999999999996,0.21786169506223202,-0.01697798576111467,0.008867223375959942,0.23958235807289047,-0.0001304031672480981
0.26300000000000007,0.46900000000000003,0.26799999999999985,0.21957727551264422,-0.017407305580272137,0.004936048689963301,0.23781145943087326,-1.1207768457370169e-05
0.25600000000000006,0.47000000000000003,0.27399999999999997,0.20680723318632768,-0.014440783058744435,0.031235918174031527,0.24834319334844965,-7.904848537814454e-05
0.25700000000000006,0.47000000000000003,0.27299999999999985,0.20862286718035575,-0.014845063980825716,0.027130236789611618,0.24646836609476008,-0.0001787186157467648
0.25800000000000006,0.47000000000000003,0.27199999999999996,0.21042026249961557,-0.015253361921855828,0.023057904526342477,0.24461346395168507,-0.0002376672260577901
0.25900000000000006,0.47000000000000003,0.27099999999999985,0.21219980978673422,-0.01566564093962786,0.01901848919045009,0.2427783818219565,-0.00025669822377386194
0.26000000000000006,0.47000000000000003,0.26999999999999996,0.21396188323672452,-0.016081865551926672,0.015011573990962708,0.24096301493986685,-0.00023659534533140825
0.26100000000000007,0.47000000000000003,0.26899999999999985,0.2157068415721462,-0.01650200071532868,0.011036756625268096,0.2391672588639589,-0.00017812308339434652
0.26200000000000007,0.47000000000000003,0.26799999999999996,0.2174350289481584,-0.016926011805409667,0.007093648431132309,0.23739100947099112,-8.202754972740545e-05
0.25600000000000006,0.47100000000000003,0.27299999999999996,0.20640564501714403,-0.01439738826508288,0.029358407479749254,0.24608088760913596,-0.00011661269058844308
0.25700000000000006,0.47100000000000003,0.27199999999999985,0.2082172530088299,-0.014800316747519672,0.025272654380990484,0.2442206265301856,-0.0001999302546387418
0.25800000000000006,0.47100000000000003,0.27099999999999996,0.2100106584573326,-0.01520724402297099,0.021220145272091265,0.24238019179358658,-0.0002430130210154867
0.25900000000000006,0.47100000000000003,0.26999999999999985,0.21178625153381614,-0.015618134245687617,0.01720044829597941,0.24055947857271384,-0.0002466570480585072
0.26000000000000006,0.47100000000000003,0.26899999999999996,0.21354440598379948,-0.016032952030626893,0.013213146993340214,0.23875838237756122,-0.00021163840208620797
0.26100000000000007,0.47100000000000003,0.26799999999999985,0.21528548010081228,-0.016451662432246404,0.009257839384571948,0.23697679904768662,-0.000138714075972704
0.26200000000000007,0.47100000000000003,0.26699999999999996,0.21700981763011273,-0.016874230924712207,0.005334137125375012,0.2352146247454923,-2.8622844442459817e-05
0.25500000000000006,0.47200000000000003,0.27299999999999985,0.20417922332408642,-0.013956583042671803,0.031594984507101576,0.24569952946595774,-3.9896277906450875e-05
0.25600000000000006,0.47200000000000003,0.27199999999999996,0.2060053971913035,-0.014354148123262741,0.027495473984496057,0.2438339250251769,-0.00014769890709296078
0.25700000000000006,0.47200000000000003,0.27099999999999985,0.20781299739626566,-0.014755730120930281,0.023429550479603416,0.24198815348368896,-0.00021493920132721655
0.25800000000000006,0.47200000000000003,0.26999999999999996,0.20960243109362936,-0.015161292802023909,0.019396766101271883,0.240162109937103,-0.0002424262300787691
0.25900000000000006,0.47200000000000003,0.26899999999999985,0.21137408798241025,-0.015570800417030345,0.015396689336600848,0.2383556898307022,-0.0002309482686731726
0.26000000000000006,0.47200000000000003,0.26799999999999996,0.21312834135791284,-0.01598421767783121,0.011428904060787387,0.236568788952023,-0.00018127377789447412
0.26100000000000007,0.47200000000000003,0.26699999999999985,0.2148655490839451,-0.016401509736503898,0.007493008623036595,0.2348013034225534,-9.415231449642957e-05
0.25500000000000006,0.47300000000000003,0.27199999999999985,0.20378433608637692,-0.013914819318855489,0.029726715245235468,0.24345332287454868,-8.09389735219278e-05
0.25600000000000006,0.47300000000000003,0.27099999999999996,0.2056064838303325,-0.014311061922339791,0.02564704099395745,0.24160222983659688,-0.000172451836609751
0.25700000000000006,0.47300000000000003,0.26999999999999985,0.20741009434822438,-0.014711303353352525,0.021600848811017752,0.23977087150224213,-0.00022388666018314835
0.25800000000000006,0.47300000000000003,0.26899999999999996,0.20919557429832597,-0.015115507473581681,0.017587691162139325,0.2379591432354782,-0.0002360446108151448
0.25900000000000006,0.47300000000000003,0.26799999999999985,0.2109633129068078,-0.015523638629522938,0.013607136882009853,0.2361669407553086,-0.00020970624622937255
0.26000000000000006,0.47300000000000003,0.26699999999999996,0.21271368301809074,-0.015935661629741624,0.009658770186880257,0.23439416012769673,-0.00014563248613009064
0.26100000000000007,0.47300000000000003,0.26599999999999985,0.21444704206558488,-0.016351541723662533,0.005742189759918645,0.23264069775822105,-4.4565514315797244e-05
0.25500000000000006,0.47400000000000003,0.27099999999999985,0.2033907593916305,-0.013873203063335542,0.02787296822160324,0.24122238463899426,-0.00011551752360783102
0.25600000000000006,0.47400000000000003,0.26999999999999996,0.20520889909188517,-0.014268128956774309,0.023813032122845978,0.23938572656240584,-0.00019101411677256556
0.25700000000000006,0.47400000000000003,0.26899999999999985,0.20700853790735374,-0.014667035702814454,0.01978647340872705,0.23756870541212866,-0.00022691180975445316
0.25800000000000006,0.47400000000000003,0.26799999999999996,0.2087900819992704,-0.015069887258281338,0.015792844907592418,0.23577121682175162,-0.00022400393267085295
0.25900000000000006,0.47400000000000003,0.26699999999999985,0.2105539201203108,-0.015476648065454084,0.01183171580824808,0.2339931567855515,-0.0001830633908497367
0.26000000000000006,0.47400000000000003,0.26599999999999996,0.21230042466334306,-0.01588728302933342,0.007902670671951273,0.23223442164965766,-0.00010484362676121023
0.25400000000000006,0.47500000000000003,0.27099999999999996,0.20116544910470763,-0.013442118145708646,0.030107699784037233,0.24084858253273905,-4.409395170327569e-05
0.25500000000000006,0.47500000000000003,0.26999999999999985,0.20299848754753136,-0.01383173361092995,0.02603366694042653,0.23900663924784174,-0.00014377599527004852
0.25600000000000006,0.47500000000000003,0.26899999999999996,0.20481263716939416,-0.014225348526221992,0.021993371291428327,0.2371843399991595,-0.00020352634345005452
0.25700000000000006,0.47500000000000003,0.26799999999999985,0.20660832215304342,-0.014622926432863548,0.01798634861251488,0.23538158031709036,-0.0002241518248516758
0.25800000000000006,0.47500000000000003,0.26699999999999996,0.20838594816202655,-0.015024431382610759,0.014012152098701287,0.23359825610658885,-0.0002064379990271317
0.25900000000000006,0.47500000000000003,0.26599999999999985,0.21014590347487877,-0.015429827913300857,0.010070351297390027,0.2318342636386476,-0.0001511501835875022
0.26000000000000006,0.47500000000000003,0.26499999999999996,0.2118885600322795,-0.015839081026126835,0.00616053112034553,0.23008949954064056,-5.9034407329496e-05
0.25400000000000006,0.47600000000000003,0.26999999999999996,0.20077848535545037,-0.013402082274525556,0.028263120364110113,0.2386335745407319,-8.213088059287176e-05
0.25500000000000006,0.47600000000000003,0.26899999999999985,0.20260751489629442,-0.013790410301284348,0.02420873521362982,0.23680601146844685,-0.00016585639808890172
0.25600000000000006,0.47600000000000003,0.26799999999999996,0.20441769229178525,-0.014182719935475745,0.02018798272960351,0.23499799522228312,-0.000210127093143734
0.25700000000000006,0.47600000000000003,0.26699999999999985,0.20620944120110604,-0.014578974812499656,0.016200399069459154,0.23320942160025931,-0.00021574189838969053
0.25800000000000006,0.47600000000000003,0.26599999999999996,0.20798316678951503,-0.014979139078835246,0.01224553780194429,0.23144018678049727,-0.0001834786684644917
0.25900000000000006,0.47600000000000003,0.26499999999999985,0.2097392568607826,-0.015383177367657553,0.008322968837497875,0.2296901873114499,-0.00011409519756350135
0.26000000000000006,0.47600000000000003,0.26399999999999996,0.21147808290277637,-0.015791054776102355,0.00443227744296217,0.2279593201035363,-8.330163871080466e-06
0.25300000000000006,0.47700000000000004,0.26999999999999985,0.19854850047676761,-0.012979140886560435,0.03050177676462866,0.2382664982917385,-6.028081244092553e-06
0.25400000000000006,0.47700000000000004,0.26899999999999996,0.2003927973421253,-0.013362186340080384,0.02643293175475761,0.23643368513969765,-0.00011386144524959808
0.25500000000000006,0.47700000000000004,0.26799999999999985,0.20221783581437017,-0.013749232478885952,0.022398097162037882,0.23462042634780222,-0.0001818987065848772
0.25600000000000006,0.47700000000000004,0.26699999999999996,0.20402405872313667,-0.014140242494476488,0.018396790973483422,0.23282661758705742,-0.00021095294483138764
0.25700000000000006,0.47700000000000004,0.26599999999999985,0.20581188920346072,-0.014535180116186739,0.014428549734744694,0.23105215492479653,-0.00020181526315585067
0.25800000000000006,0.47700000000000004,0.26499999999999996,0.20758173192170126,-0.014934009585014943,0.010492927391687328,0.22929693481352711,-0.0001552558763361357
0.25900000000000006,0.47700000000000004,0.26399999999999985,0.2093339742062649,-0.015336695629244104,0.0065894942228803795,0.2275608540809959,-7.202511902004081e-05
0.25300000000000006,0.47800000000000004,0.26899999999999985,0.19816809310835312,-0.012940642929397108,0.028666344743803213,0.2360673271961589,-4.7491781239929285e-05
0.25400000000000006,0.47800000000000004,0.26799999999999996,0.20000837958672657,-0.013322429724920344,0.024617057970638373,0.2342488393469143,-0.00013942701480344527
0.25500000000000006,0.47800000000000004,0.26699999999999985,0.20182944471214412,-0.013708199492958678,0.020601677215326113,0.23244980921193897,-0.00019204088252863002
0.25600000000000006,0.47800000000000004,0.26599999999999996,0.2036317307623993,-0.014097915518201987,0.016619720869162236,0.2306701327281809,-0.00020613850213500797
0.25700000000000006,0.47800000000000004,0.26499999999999985,0.20541566034780645,-0.014491541623736672,0.012670725870683693,0.22890970623342274,-0.00018250321335643537
0.25800000000000006,0.47800000000000004,0.26399999999999996,0.2071816376352539,-0.014889042144873148,0.00875424654852109,0.22716842645603694,-0.00012189765586358576
0.25900000000000006,0.47800000000000004,0.26299999999999985,0.20893004947720892,-0.01529038190477668,0.00486985355479884,0.225446190504319,-2.5064768265445608e-05
0.25300000000000006,0.47900000000000004,0.26799999999999985,0.19778893284867913,-0.012902278304579358,0.026845248443760197,0.23388320073274896,-8.266329222088504e-05
0.25400000000000006,0.47900000000000004,0.26699999999999996,0.19962522664397936,-0.013282811815929637,0.022815423336733406,0.23207896245922233,-0.00015896693036481294
0.25500000000000006,0.47900000000000004,0.26599999999999985,0.20144233603363598,-0.013667310697346618,0.018819400111487937,0.23029408566719423,-0.00019641889692801262
0.25600000000000006,0.47900000000000004,0.26499999999999996,0.20324070274306602,-0.01405573832654992,0.014856697569502718,0.22852846656040576,-0.0001958164148529246
0.25700000000000006,0.47900000000000004,0.26399999999999985,0.20502074885731353,-0.01444805862018664,0.010926853047426523,0.2267820017490982,-0.00015793512603332646
0.25800000000000006,0.47900000000000004,0.26299999999999996,0.20678287804323797,-0.01484423600767495,0.007029421261329781,0.22505458823855704,-8.353015934046298e-05
0.25200000000000006,0.48,0.268,0.19555908602620267,-0.012488745840076906,0.029083070260678835,0.23352347789658787,-1.1549240850699215e-05
0.25300000000000006,0.48,0.2669999999999999,0.19741101439485634,-0.012864046435223342,0.025038412086515555,0.2317140441693687,-0.00011168333126969267
0.25400000000000006,0.48,0.266,0.19924333310104156,-0.013243332004372624,0.021027952486396682,0.22992398005451,-0.00017261852711472354
0.25500000000000006,0.48,0.2649999999999999,0.2010565042562155,-0.013626565450566012,0.017051190897923174,0.22815318160042736,-0.00019516675202625755
0.25600000000000006,0.48,0.264,0.20285096903289165,-0.014013710244381328,0.013107646536966501,0.22640154527975578,-0.00018011740065990666
0.25700000000000006,0.48,0.2629999999999999,0.2046271489903156,-0.014404730395843715,0.009196857143411577,0.22466896797597602,-0.00012823848230575363
0.25800000000000006,0.48,0.262,0.206385447294778,-0.014799590428267463,0.005318377825235818,0.2229553469731466,-4.0277678873880526e-05
0.25200000000000006,0.481,0.267,0.19518639905543866,-0.012451871308339517,0.027271044582404286,0.23135502205631522,-5.013286055681422e-05
0.25300000000000006,0.481,0.2659999999999999,0.19703433247526397,-0.012825946748379611,0.023245760204433828,0.22955978305435495,-0.00013469059465779113
0.25400000000000006,0.481,0.265,0.19886269357724204,-0.013203989685721666,0.019254570363785823,0.22778381799096453,-0.00018051715659170504
0.25500000000000006,0.481,0.2639999999999999,0.20067194389031076,-0.013585963115615754,0.015296974931100079,0.2260270231796495,-0.00018841650300904322
0.25600000000000006,0.481,0.263,0.20246252403358433,-0.01397183060133401,0.011372493542138441,0.22428929536285167,-0.00015917026648196674
0.25700000000000006,0.481,0.2619999999999999,0.20423485503999864,-0.014361556246086008,0.0074806643447405865,0.22257053169936125,-9.353888842363327e-05
0.25200000000000006,0.482,0.266,0.19481492590964017,-0.012415123218876835,0.025473223821806373,0.22920146270072286,-8.257893763453559e-05
0.25300000000000006,0.482,0.2649999999999999,0.19665888184927952,-0.012787978675098587,0.02146721763992607,0.22742034321716378,-0.00015182178008446286
0.25400000000000006,0.482,0.264,0.19848330272379072,-0.013164784259719252,0.01749520222211206,0.22565840240814988,-0.00018279620848220713
0.25500000000000006,0.482,0.2629999999999999,0.20028864947912398,-0.013545503060048838,0.013556677876673496,0.22391553685383742,-0.00017629827963291554
0.25600000000000006,0.482,0.262,0.20207536218051622,-0.01393009873188406,0.009651164664428405,0.22219164356798074,-0.00013310192975298207
0.25700000000000006,0.482,0.2609999999999999,0.2038438613341019,-0.014318535471431429,0.005778201145677463,0.22048661998582197,-5.3960096722390546e-05
0.25100000000000006,0.483,0.2659999999999999,0.19258468511216512,-0.012010830709513979,0.027710763503880936,0.22884898791624866,-1.6217499239707528e-05
0.25200000000000006,0.483,0.265,0.19444466148635045,-0.012378501036740578,0.02368953272311262,0.22706272562980528,-0.00010902551302526377
0.25300000000000006,0.483,0.2639999999999999,0.19628465730702027,-0.012750141650262233,0.01970270954631987,0.22529565076842567,-0.00016321160882050217
0.25400000000000006,0.483,0.263,0.19810515522351385,-0.013125715130203148,0.01574977362471975,0.2235476597270353,-0.00017958713244132466
0.25500000000000006,0.483,0.2619999999999999,0.199906615598352,-0.013505184655785275,0.0118302257098315,0.22181864935366122,-0.00015894030762976036
0.25600000000000006,0.483,0.261,0.20168947794243397,-0.013888513975157777,0.007943586292140535,0.22010851693504047,-0.00010203743951390376
0.25700000000000006,0.483,0.2599999999999999,0.20345416223462284,-0.014275667377339386,0.0040893943491488935,0.21841716018351534,-9.62402639432248e-06
0.25100000000000006,0.484,0.2649999999999999,0.1922196048873109,-0.011975526387615199,0.025921935194068792,0.2267109344652857,-5.2063459682009016e-05
0.25200000000000006,0.484,0.264,0.1940756007127198,-0.012342004230620684,0.021919896341403337,0.22493873692568722,-0.00012960863662128555
0.25300000000000006,0.484,0.2629999999999999,0.19591165366907612,-0.012712435112646539,0.017952161386925167,0.22318563210103817,-0.00016899284754504822
0.25400000000000006,0.484,0.262,0.1977282457905834,-0.013086781705170445,0.014018210445001997,0.22145151665085078,-0.00017101945965391433
0.25500000000000006,0.484,0.2609999999999999,0.19952583685590677,-0.013465007279177602,0.010117544715048726,0.2197362876921332,-0.00013646892993861905
0.25600000000000006,0.484,0.26,0.2013048658211696,-0.01384707567499868,0.006249685122140727,0.2180398427859539,-6.609999731292313e-05
0.25100000000000006,0.485,0.2639999999999999,0.19185570602857085,-0.011940341937713164,0.024147181604833447,0.22458763042655938,-8.192354597943811e-05
0.25200000000000006,0.485,0.263,0.19370773854525913,-0.012305632272701823,0.02016424004305414,0.22282942295246314,-0.00014446238940046504
0.25300000000000006,0.485,0.2619999999999999,0.19553986578625873,-0.012674858504770927,0.016215498936061473,0.2210902138901637,-0.0001692963301646505
0.25400000000000006,0.485,0.261,0.1973525691702506,-0.0130479833966224,0.01230043886632276,0.2193699001648635,-0.00015722082426945143
0.25500000000000006,0.485,0.2599999999999999,0.19914630789164386,-0.013424970310848794,0.008418561486553766,0.21766837916446413,-0.00010900862783272381
0.25600000000000006,0.485,0.259,0.20092152035136204,-0.013805783179794641,0.004569388160495603,0.21598554872509537,-2.5410977987849086e-05
0.25000000000000006,0.486,0.264,0.1896245249583837,-0.011545125727943273,0.02638500526587376,0.22424230171995757,-2.008234459366723e-05
0.25100000000000006,0.486,0.2629999999999999,0.19149298362654052,-0.011905276864040302,0.02238642800784735,0.2224790021350272,-0.00010593315071303689
0.25200000000000006,0.486,0.262,0.19334106996959016,-0.012269384638647511,0.01842248950516495,0.22073471035642486,-0.00015371890531804206
0.25300000000000006,0.486,0.2609999999999999,0.19516928853934212,-0.012637411272882747,0.014492648278360496,0.21900932309307505,-0.0001642509793843306
0.25400000000000006,0.486,0.26,0.1969781201385857,-0.013009319620541608,0.010596385382392241,0.2173027375369125,-0.000138316984659534
0.25500000000000006,0.486,0.2589999999999999,0.1987680233770868,-0.013385073135670614,0.006733202927685602,0.21561485134810143,-7.668204181257191e-05
0.25000000000000006,0.487,0.263,0.189266941335764,-0.011511340154654198,0.024619164602595188,0.2221343404016262,-5.3332390900941726e-05
0.25100000000000006,0.487,0.2619999999999999,0.19113143279984368,-0.01187033067410516,0.020639599986306253,0.22038497620843378,-0.00012422570531658102
0.25200000000000006,0.487,0.261,0.19297559000021072,-0.012233260807633338,0.016694570716873636,0.21865452606717978,-0.0001575083930724896
0.25300000000000006,0.487,0.2599999999999999,0.19479991683881515,-0.012600092866991708,0.012783535809312704,0.2169428869499861,-0.00015398382811920646
0.25400000000000006,0.487,0.259,0.1966048935022132,-0.012970789796928724,0.00890597679656572,0.21524995631779947,-0.00011443184446115618
0.25500000000000006,0.487,0.2579999999999999,0.1983909780151648,-0.013345315142795501,0.005061396251706764,0.2135756321036516,-3.960999237936401e-05
0.25000000000000006,0.488,0.262,0.18891050741681767,-0.011477668187464886,0.02286726909304691,0.22004098250015452,-8.074522909959716e-05
0.25100000000000006,0.488,0.2609999999999999,0.19077104869490316,-0.011835502878539447,0.018906623435361453,0.21830547954793025,-0.00013693270197059708
0.25200000000000006,0.488,0.26,0.19261129368024466,-0.012197260262195928,0.014980409977818472,0.21658879729707536,-0.00015595915764026478
0.25300000000000006,0.488,0.2589999999999999,0.1944317456246321,-0.012562902740704839,0.011088088235105913,0.2148908329845802,-0.00013862004070996908
0.25400000000000006,0.488,0.258,0.1962328840980636,-0.012932393349634065,0.007229140222937984,0.2132114843413893,-8.56874735481216e-05
0.24900000000000005,0.489,0.2619999999999999,0.18667782411865447,-0.011091369792198179,0.025105957912205372,0.21970270120372468,-2.3195346282538828e-05
0.25000000000000006,0.489,0.261,0.1885552184781141,-0.011444109367142668,0.02112924454121269,0.21796215488754514,-0.00010245363251064007
0.25100000000000006,0.489,0.2599999999999999,0.19041182648571112,-0.011800792991062221,0.017187424561953237,0.21624043933781692,-0.0001441837153564686
0.25200000000000006,0.489,0.259,0.19224817608121314,-0.012161382488187341,0.013279933899384574,0.2145374515419576,-0.00014919762170809852
0.25300000000000006,0.489,0.2579999999999999,0.19406476986596946,-0.012525840351185407,0.00940623257284352,0.2128530890036972,-0.00011828293403312498
0.25400000000000006,0.489,0.257,0.19586208679311093,-0.012894129706309392,0.005565803085023502,0.2111872497248634,-5.220412870751958e-05
0.24900000000000005,0.49,0.2609999999999999,0.18632763039734265,-0.01105905318710252,0.023362894486696685,0.21762452435297,-5.399039966238789e-05
0.25000000000000006,0.49,0.26,0.18820106982274903,-0.011410663237407548,0.01940501706324777,0.21589778471995594,-0.0001185884432023073
0.25100000000000006,0.49,0.2589999999999999,0.19005376137360008,-0.011766200528571967,0.015481929884575463,0.2141897830460683,-0.00014610642419096785
0.25200000000000006,0.49,0.258,0.19188623230279409,-0.012125626974869763,0.011593069403818629,0.21250041658147378,-0.00013734834686255672
0.25300000000000006,0.49,0.2569999999999999,0.19369898456097834,-0.012488905159247499,0.007737896149800726,0.21082958309778985,-9.309399835846191e-05
0.25400000000000006,0.49,0.256,0.19549249648413017,-0.012855998298504851,0.003915893116861359,0.20917718086897616,-1.4100274277138291e-05
0.24900000000000005,0.491,0.2599999999999999,0.18597855548610223,-0.011026844211876495,0.02163364730081568,0.21556080600216584,-7.909388848796183e-05
0.25000000000000006,0.491,0.259,0.1878480567801317,-0.011377329344732196,0.017694513087863843,0.21384779943706297,-0.00012927859375455283
0.25100000000000006,0.491,0.2579999999999999,0.18969684858702393,-0.011731725010934597,0.013790066233795853,0.21215343842435158,-0.0001428266326279024
0.25200000000000006,0.491,0.257,0.19152545747259736,-0.012089993214697742,0.009919743725107564,0.21047762047876284,-0.0001205340547000965
0.25300000000000006,0.491,0.2559999999999999,0.19333438473655087,-0.01245209662912858,0.006083006604214688,0.20882024364084836,-6.31729181214246e-05
0.24800000000000005,0.492,0.26,0.18374379083906572,-0.010649310182561805,0.0238737990391498,0.2152294766798135,-2.5609551953944577e-05
0.24900000000000005,0.492,0.2589999999999999,0.18563059484068872,-0.010994742441391826,0.019918142695774212,0.2135114735630201,-9.863599707435821e-05
0.25000000000000006,0.492,0.258,0.18749617470576846,-0.011344107238393606,0.015997659355853584,0.21181212676288716,-0.00013465112874028022
0.25100000000000006,0.492,0.2569999999999999,0.18934108338133362,-0.01169736596103548,0.012111760751731484,0.21013133350879085,-0.00013446829141980235
0.25200000000000006,0.492,0.256,0.19116584674592788,-0.012054480703369078,0.008259884407736,0.20846899158137117,-9.887564762412312e-05
0.25300000000000006,0.492,0.2549999999999999,0.1929709654480811,-0.012415414228541411,0.004441491884777462,0.20682499929113785,-2.863759244430743e-05
0.24800000000000005,0.493,0.259,0.18340088370059893,-0.01061841437562803,0.022153301809983712,0.21318077920488365,-5.40895773809124e-05
0.24900000000000005,0.493,0.2579999999999999,0.18528374394195316,-0.010962747453086456,0.018216307325166294,0.211476454731272,-0.00011274500844152811
0.25000000000000006,0.493,0.257,0.1871454189810552,-0.011310996470440001,0.014314382920522823,0.20979069470560036,-0.00013483122612156654
0.25100000000000006,0.493,0.2559999999999999,0.18898646103856157,-0.011663122904745367,0.010446940892466741,0.2081233966195213,-0.00012115351899999628
0.25200000000000006,0.493,0.255,0.1908073953055674,-0.012019088939789008,0.006613419307799807,0.2064744585206745,-7.249222964009265e-05
0.24800000000000005,0.494,0.258,0.18305906522077375,-0.01058762049817008,0.02044649258137869,0.21114639639416366,-7.702064343746956e-05
0.24900000000000005,0.494,0.2569999999999999,0.18493799829564464,-0.010930858826949741,0.01652806815545925,0.20945567748797642,-0.00012154732578001609
0.25000000000000006,0.494,0.256,0.18679578501306607,-0.011277996595674527,0.012644611147115464,0.20778343155873044,-0.00012994221835744782
0.25100000000000006,0.494,0.2549999999999999,0.18863297686720168,-0.011628995370900928,0.008795534421282681,0.20612955636206412,-0.00010300262225874343
0.25200000000000006,0.494,0.254,0.19045009836154586,-0.011983817426048302,0.004980276592114494,0.2044939502132883,-4.1501126810798646e-05
0.24700000000000005,0.495,0.2579999999999999,0.18082162129858562,-0.010218702297148233,0.02268872322863088,0.21082192677245007,-2.7378904177901924e-05
0.24800000000000005,0.495,0.257,0.18271833102801616,-0.010556928156811887,0.018753298235722343,0.20912625619999795,-9.453037682216213e-05
0.24900000000000005,0.495,0.2559999999999999,0.18459335343221195,-0.010899076145389949,0.014853352465885606,0.20744907009815802,-0.0001251674938460061
0.25000000000000006,0.495,0.255,0.18644726823435004,-0.011245107171517546,0.01098827171310755,0.20579026589975039,-0.00012010561349091314
0.25100000000000006,0.495,0.2539999999999999,0.18828062620200117,-0.01159498289116519,0.007157469415348458,0.20414974162532845,-8.013411734113024e-05
0.25200000000000006,0.495,0.253,0.19009395115092306,-0.011948665667275028,0.003360384738448686,0.20252739585950608,-6.017907691156213e-06
0.24700000000000005,0.496,0.2569999999999999,0.18048590075179322,-0.01018918066169759,0.020990580571848726,0.20880240613991452,-5.3682793166441806e-05
0.24800000000000005,0.496,0.256,0.18237867677448746,-0.010526336960488736,0.01707364596812629,0.20712028686004033,-0.00010674453279281766
0.24900000000000005,0.496,0.2549999999999999,0.1842498049066069,-0.01086739899331754,0.013192087848230054,0.20545656111234484,-0.00012372822003684235
0.25000000000000006,0.496,0.254,0.18609986410272528,-0.011212327758092307,0.00934529260775961,0.20381112659140876,-0.00010544111591086485
0.25100000000000006,0.496,0.2529999999999999,0.1879294044037434,-0.01156108500010962,0.005532674262632496,0.2021838815836432,-5.2664750040568075e-05
0.24700000000000005,0.497,0.2559999999999999,0.18015123942856667,-0.010159755517956778,0.019305998371884358,0.20679705741701893,-7.457727767994104e-05
0.24800000000000005,0.497,0.255,0.18204009813590302,-0.010495846520382844,0.015407463287171234,0.20512841689740177,-0.00011378701648975527
0.24900000000000005,0.497,0.2539999999999999,0.18390734829809005,-0.010835826958079605,0.011544202206661034,0.2034780793663355,-0.00011735039537625133
0.25000000000000006,0.497,0.253,0.18575356810108115,-0.011179657918155783,0.007715602132385846,0.2018459427815106,-8.60666470353413e-05
0.25100000000000006,0.497,0.2519999999999999,0.18757930685904803,-0.011527301235142035,0.003921077663015104,0.20023190569643812,-2.0709516211922378e-05
0.24600000000000005,0.498,0.256,0.1779104977128641,-0.00979930940104486,0.021550943940883843,0.20647935832223216,-2.8557673727673386e-05
0.24700000000000005,0.498,0.2549999999999999,0.17981763312375473,-0.010130426502151686,0.017634904056452093,0.20480580909906937,-9.018745909224668e-05
0.24800000000000005,0.498,0.254,0.18170259081134302,-0.010465456449816833,0.013754678014041821,0.2031505751203609,-0.00011577990402895428
0.24900000000000005,0.498,0.2529999999999999,0.1835659792100395,-0.0108043596293469,0.00990962375757,0.20151355398118823,-0.00010615311530725089
0.25000000000000006,0.498,0.252,0.18540837573717836,-0.011147097216980574,0.0060991289001445315,0.1998946439029313,-6.209836578512069e-05
0.24600000000000005,0.499,0.255,0.1775818670438781,-0.009771116789470895,0.01987494369300173,0.2044887145391,-5.2823141902782404e-05
0.24700000000000005,0.499,0.2539999999999999,0.17948507765464708,-0.010101193252579865,0.01597722536623444,0.2028285899670971,-0.00010063659717591503
0.24800000000000005,0.499,0.253,0.18136615052307395,-0.01043516636436274,0.012115218282945213,0.20118669062311495,-0.00011284346343507623
0.24900000000000005,0.499,0.2519999999999999,0.18322569326976332,-0.010772996599229522,0.0082882810297904,0.1995629143632075,-9.025370033348466e-05
0.25000000000000006,0.499,0.251,0.18506428254344837,-0.011114645222471232,0.004495801835132891,0.19795715967383978,-3.36506888527787e-05
0.24500000000000005,0.5,0.2549999999999999,0.17533222686741232,-0.009417896373593661,0.02212814538158525,0.20417711104927894,-1.5749771090412023e-06
0.24600000000000005,0.5,0.254,0.17725426685473886,-0.009743015482016787,0.018212377074261335,0.2025121009940513,-7.181570178640658e-05
0.24700000000000005,0.5,0.2529999999999999,0.17915356886080244,-0.010072055409506491,0.014332890354908343,0.2008653290879565,-0.00010604613117064265
0.24800000000000005,0.5,0.252,0.18103077301636583,-0.010404975881736087,0.010489012540487544,0.19923669278540942,-0.00010509617539114876
0.24900000000000005,0.5,0.2509999999999999,0.1828864861283093,-0.010741737462161786,0.006680102863818056,0.19762609020430077,-6.976771641648992e-05
0.25000000000000006,0.5,0.25,0.1847212840768069,-0.01108230150504559,0.0029055501734212797,0.1960334200978319,-8.36310881397465e-07
0.24500000000000005,0.501,0.2539999999999999,0.17500958628151753,-0.009390902389181695,0.0204606955590303,0.20220108629591887,-2.9199906205279154e-05
0.24600000000000005,0.501,0.253,0.17692769310071477,-0.009715005142542773,0.016563172060060614,0.20054944672692393,-8.56579625839128e-05
0.24700000000000005,0.501,0.2519999999999999,0.1788231026038826,-0.010043012615137691,0.012701827389849686,0.19891595581490457,-0.00010653570068657142
0.24800000000000005,0.501,0.251,0.18069645405931617,-0.010374884621767866,0.008875989545807286,0.19730051127296544,-9.265475381293504e-05
0.24900000000000005,0.501,0.2499999999999999,0.1825483534602833,-0.010710581814872012,0.005085018412195032,0.19570301148240482,-4.4808995256815975e-05
0.24500000000000005,0.502,0.2529999999999999,0.1746879520091124,-0.009363995071649582,0.018806625057055507,0.20023902189391038,-5.1563405136687565e-05
0.24600000000000005,0.502,0.252,0.17660214175829375,-0.009687085436626865,0.014927256940683895,0.19860068106295609,-9.44707217367714e-05
0.24700000000000005,0.502,0.2509999999999999,0.1784936747674754,-0.010014064513562607,0.011083965150634981,0.1969803997860502,-0.00010222316642575444
0.24800000000000005,0.502,0.25,0.18036318944267205,-0.010344892206340347,0.0072760783700814005,0.19537807603645432,-7.563416626936385e-05
0.24900000000000005,0.502,0.2489999999999999,0.18221129096366354,-0.010679529256318784,0.003502957138823019,0.1937936084598273,-1.5489654408823612e-05
0.24400000000000005,0.503,0.253,0.1724337418551274,-0.009019005878026136,0.021063842921018344,0.19993403398385273,-3.6336253087014764e-06
0.24500000000000005,0.503,0.2519999999999999,0.1743673201399478,-0.00933717410904663,0.017165862089450073,0.19829084714259276,-6.87874279980303e-05
0.24600000000000005,0.503,0.251,0.17627760882500687,-0.00965925603170224,0.013304560318239808,0.19666573361489792,-9.837298556424664e-05
0.24700000000000005,0.503,0.2499999999999999,0.17816528125693376,-0.009985210750890317,0.009479232629911008,0.19505859092711256,-9.322463065295427e-05
0.24800000000000005,0.503,0.249,0.1800309749796596,-0.010314998259530273,0.005689208396933883,0.19346931731371486,-5.414765416265061e-05
0.24400000000000005,0.504,0.252,0.1721180349612775,-0.008993259563090335,0.019418235609257175,0.19798643370284627,-2.935887891237696e-05
0.24500000000000005,0.504,0.2509999999999999,0.17404768678397076,-0.00931043919091064,0.01553833518482921,0.19635649162754343,-8.099212591674686e-05
0.24600000000000005,0.504,0.25,0.17595409031928522,-0.009631516596841893,0.011695011109274789,0.1947445342816023,-9.74819900959435e-05
0.24700000000000005,0.504,0.2489999999999999,0.17783791799920642,-0.009956450975029441,0.007887559132439869,0.19315045944944478,-7.965445759386533e-05
0.24800000000000005,0.504,0.248,0.17969980650580644,-0.010285202407378216,0.004115309321179451,0.19157416562809235,-2.8306752784189147e-05
0.24400000000000005,0.505,0.251,0.17180330679765365,-0.00896759516893724,0.01778588172100132,0.19605265372413863,-4.9955521625135954e-05
0.24500000000000005,0.505,0.2499999999999999,0.17372904807116216,-0.009283790008355433,0.013923973184120163,0.1944358852200096,-8.829586778448658e-05
0.24600000000000005,0.505,0.249,0.1756315822802887,-0.009603866802848908,0.010098538541885409,0.19283701324727492,-9.191322147908507e-05
0.24700000000000005,0.505,0.2479999999999999,0.17751158094267738,-0.009927784835777482,0.006308874275385135,0.19125593584973655,-6.162529363677944e-05
0.24300000000000005,0.506,0.2509999999999999,0.16954383199337225,-0.00863070635267851,0.02004782632107024,0.19575420087874762,-5.12417083917225e-06
0.24400000000000005,0.506,0.25,0.17148955360428358,-0.008942012407689652,0.016166710025002487,0.1941326238937287,-6.55430544076193e-05
0.24500000000000005,0.506,0.2489999999999999,0.1734114001514001,-0.009257226254028705,0.01232270524267692,0.19252895807937648,-9.081526084313166e-05
0.24600000000000005,0.506,0.248,0.17531008076776342,-0.009576306322210782,0.008515072157854504,0.1909431009841031,-8.178043627288684e-05
0.24700000000000005,0.506,0.2469999999999999,0.1771862660570013,-0.009899211984774984,0.004743107987563825,0.18937495091221146,-3.924808724266562e-05
0.24300000000000005,0.507,0.2499999999999999,0.16923497103750607,-0.008606166421252543,0.01842384718086692,0.19383473152169414,-2.9086563953639646e-05
0.24400000000000005,0.507,0.249,0.17117677164026496,-0.008916510992810588,0.014560649604767538,0.19222627434291556,-7.623920502459656e-05
0.24500000000000005,0.507,0.2479999999999999,0.17309473919429974,-0.009230747622060217,0.010734460827416473,0.19063564065008953,-8.866517114536414e-05
0.24600000000000005,0.507,0.247,0.17498958186187674,-0.009548834829045715,0.006944541810163346,0.1890627282490028,-6.719568160112841e-05
0.24700000000000005,0.507,0.24599999999999989,0.1768619693329473,-0.009870732075447223,0.003190190509749539,0.18750743570564163,-1.263210887332241e-05
0.24300000000000005,0.508,0.2489999999999999,0.1689270618547534,-0.008581703882764021,0.01681299633274565,0.19192894350288603,-4.805006428378164e-05
0.24400000000000005,0.508,0.248,0.17086495718361455,-0.008891090639194538,0.012967629856003872,0.19033353549184423,-8.215994835735141e-05
0.24500000000000005,0.508,0.2469999999999999,0.17277906138908294,-0.00920435380815579,0.009159169719467484,0.1887558636650599,-8.195874378204082e-05
0.24600000000000005,0.508,0.246,0.17467008166307751,-0.009521451999198292,0.0053868776649516155,0.18719582608707086,-4.8269315074360355e-05
0.24200000000000005,0.509,0.249,0.16666159808633765,-0.00825278903678054,0.019080407312195104,0.19163694813140156,-6.098195260090494e-06
0.24300000000000005,0.509,0.2479999999999999,0.16862010083007237,-0.008557318471702643,0.015215203104424998,0.1900367672141695,-6.21317552970971e-05
0.24400000000000005,0.509,0.247,0.1705541065311413,-0.008865751062941392,0.011387580488429748,0.18845433804541123,-8.34195270140447e-05
0.24500000000000005,0.509,0.24599999999999989,0.17246436294441816,-0.00917804450936069,0.007596762010734527,0.18688955814188804,-7.080742296105966e-05
0.24600000000000005,0.509,0.245,0.17435157629193435,-0.009494157509993783,0.0038420101989814675,0.18534232582781537,-2.5110024576061382e-05
0.24200000000000005,0.51,0.248,0.1663594984690141,-0.008229415462319109,0.017477841566144462,0.18974531863005342,-2.8433093925098185e-05
0.24300000000000005,0.51,0.2469999999999999,0.1683140843664069,-0.008533009923905705,0.013630397135659427,0.18815813333655984,-7.144697657160344e-05
0.24400000000000005,0.51,0.246,0.1702442159983011,-0.008840491981635173,0.00982043152361943,0.18658861299760846,-8.013047129205256e-05
0.24500000000000005,0.51,0.24499999999999988,0.1721506400882944,-0.009151819424349235,0.006047168106669948,0.18503665538674552,-5.532097189179242e-05
0.24200000000000005,0.511,0.247,0.16605832427146888,-0.008206114960966267,0.01588827976428685,0.18786723258602553,-4.5895719238189683e-05
0.24300000000000005,0.511,0.24599999999999989,0.16800900888457057,-0.008508777976258153,0.012058508380414973,0.18629297283638752,-7.610934434385561e-05
0.24400000000000005,0.511,0.245,0.1699352819190707,-0.008815313114033753,0.008266113296414005,0.18473629162742405,-7.240361938909843e-05
0.24500000000000005,0.511,0.24399999999999988,0.171837889067867,-0.009125678253101677,0.0045103187233134995,0.18319708699049073,-3.560749250625838e-05
0.24100000000000005,0.512,0.2469999999999999,0.16378611472021629,-0.007885052038333024,0.018161928718603105,0.18758161999262693,-6.60494108139923e-06
0.24200000000000005,0.512,0.246,0.16575807201844553,-0.008182887288188716,0.01431165179413262,0.18600262094148715,-5.8600773059338726e-05
0.24300000000000005,0.512,0.24499999999999988,0.16770487082310914,-0.008484622366874153,0.010499467104437636,0.1844412169686761,-7.623077143404983e-05
0.24400000000000005,0.512,0.244,0.16962730064580658,-0.008790214180256682,0.006724556452941772,0.18289730550203717,-6.0348137069957976e-05
0.24500000000000005,0.512,0.24299999999999988,0.17152610614932962,-0.009099620697096604,0.0029861448891081335,0.18137078483200783,-1.1773444984651581e-05
0.24100000000000005,0.513,0.24599999999999989,0.16349069497453472,-0.007862806001609993,0.01658056116695425,0.1857175417414685,-2.7446226213602844e-05
0.24200000000000005,0.513,0.245,0.16545873825165786,-0.008159732200470593,0.012747887855537479,0.18415141492449866,-6.666124289590199e-05
0.24300000000000005,0.513,0.24399999999999988,0.16740166663818523,-0.008460542835006385,0.008953203886952862,0.18260279727411444,-7.192148737385592e-05
0.24400000000000005,0.513,0.243,0.16932026854912224,-0.00876519490168869,0.005195691951968808,0.18107158647409843,-4.40715374587011e-05
0.24100000000000005,0.514,0.24499999999999988,0.16319617487730942,-0.007840628916718106,0.015012074010323331,0.18386687015373906,-4.353876313000296e-05
0.24200000000000005,0.514,0.244,0.16516031952967697,-0.008136649455322987,0.011196918461597693,0.18231354605186056,-7.018842188607631e-05
0.24300000000000005,0.514,0.24299999999999988,0.16709939280344277,-0.00843653912105621,0.007419649618112491,0.18077764558163925,-6.329005800670344e-05
0.24400000000000005,0.514,0.242,0.169014182017748,-0.008740255000989848,0.003679451062648541,0.17925906668418512,-2.3679700376247085e-05
0.24000000000000005,0.515,0.245,0.16091642704704187,-0.007527300161342846,0.01729276765565147,0.18358756850878638,-6.690755879367729e-06
0.24100000000000005,0.515,0.24399999999999988,0.1629025510881374,-0.007818520558482936,0.013456397697460739,0.1820295367193494,-5.499490882628609e-05
0.24200000000000005,0.515,0.243,0.16486281242781003,-0.008113638811200741,0.00965867443737966,0.18048894612594546,-6.929192876750087e-05
0.24300000000000005,0.515,0.24199999999999988,0.16679804580989543,-0.008412610966485014,0.0058987355008583925,0.17896569400557047,-5.044340523794921e-05
0.24000000000000005,0.516,0.244,0.1606276088231213,-0.00750614400075456,0.015732382684496397,0.18175075535422777,-2.617080024463472e-05
0.24100000000000005,0.516,0.24299999999999988,0.16260982028262608,-0.007796480702728976,0.01191346299099303,0.18020547321728003,-6.192533505101563e-05
0.24200000000000005,0.516,0.242,0.1645662135379886,-0.008090700027673713,0.008133086920457179,0.1786775472379593,-6.407972749773302e-05
0.24300000000000005,0.516,0.24099999999999988,0.16649762216579503,-0.008388758113991621,0.0043903930485087094,0.1771668749486778,-3.3486826292107515e-05
0.24000000000000005,0.517,0.243,0.16033966503716346,-0.007485052859987765,0.014184755372045242,0.17992721315301938,-4.102253387204552e-05
0.24100000000000005,0.517,0.24199999999999988,0.16231797915227147,-0.007774509126011015,0.010383200964415855,0.17839461171219448,-6.443904815345324e-05
0.24200000000000005,0.517,0.241,0.16427051946864912,-0.008067832865148533,0.006620087359441705,0.17687928176430873,-5.46581468461854e-05
0.24300000000000005,0.517,0.23999999999999988,0.16619811839652124,-0.008364980307223754,0.0028945540864502386,0.1753811210984108,-1.2524013102490017e-05
0.23900000000000005,0.518,0.24299999999999988,0.15805154723070616,-0.007179344746396709,0.016473339072761387,0.17965415347761196,-6.39852465171098e-06
0.24000000000000005,0.518,0.242,0.16005259247889378,-0.00746402653200766,0.012649816730996103,0.1781168739466752,-5.135600587352629e-05
0.24100000000000005,0.518,0.24099999999999988,0.1620270244043643,-0.007752605605862931,0.008865543004679349,0.17659688455753703,-6.264340870537402e-05
0.24200000000000005,0.518,0.24,0.16397572684462602,-0.008045037085124697,0.005119607515022881,0.17509408236989402,-4.11318996923114e-05
0.23900000000000005,0.519,0.24199999999999988,0.15776925528713223,-0.007159241909994352,0.014933720654757784,0.17784432170044714,-2.4648183635756393e-05
0.24000000000000005,0.519,0.241,0.1597663879531259,-0.0074430648104653494,0.01112749808741223,0.17631967006243232,-5.727960918146957e-05
0.24100000000000005,0.519,0.23999999999999988,0.16173695276186945,-0.007730769920603968,0.0073604208087242155,0.17481222439242122,-5.664415095157869e-05
0.24200000000000005,0.519,0.239,0.16368183230703048,-0.008022312449993954,0.0036315794576321767,0.17332188200475512,-2.3604102209818693e-05
0.23900000000000005,0.52,0.24099999999999988,0.15748781311121562,-0.007139200342168224,0.013406737985844516,0.17604762625363096,-3.838688978223049e-05
0.24000000000000005,0.52,0.24,0.15948104827965168,-0.007422167489778238,0.009617731078088894,0.17453553411643863,-5.8900099922865875e-05
0.24100000000000005,0.52,0.23899999999999988,0.16144776096333374,-0.00770900184942481,0.00586776638611821,0.17304056414403574,-4.654540210381782e-05
0.24200000000000005,0.52,0.238,0.16338883251315128,-0.007999658723127679,0.0021559355694686696,0.171562613906687,-2.1762928698943525e-06
0.23800000000000004,0.521,0.241,0.15519045050443522,-0.006841003524170549,0.015704099673034558,0.1757807424054802,-5.767084258381794e-06
0.23900000000000005,0.521,0.23999999999999988,0.15720721761827772,-0.0071192198526117976,0.011892322645582895,0.1742639997274363,-4.772242196908179e-05
0.24000000000000005,0.521,0.239,0.1591965702931515,-0.007401334365095571,0.00812044765223918,0.17276439901063237,-5.632261696701175e-05
0.24100000000000005,0.521,0.23799999999999988,0.16115944576276917,-0.007687301172347833,0.004387512055736287,0.17128183702521932,-3.2449701408880034e-05
0.23800000000000004,0.522,0.24,0.1549146127071572,-0.006821918523909136,0.01418503135999941,0.17399761070966377,-2.2915700024378233e-05
0.23900000000000005,0.522,0.23899999999999988,0.1569274657378412,-0.007099300251630087,0.010390406523824643,0.1724933750007076,-5.276093141671839e-05
0.24000000000000005,0.522,0.238,0.15891295084308618,-0.0073805652322742644,0.0066355800688541995,0.17100619793464594,-4.9650700991110875e-05
0.24100000000000005,0.522,0.23699999999999988,0.16087200392956094,-0.00766566767020283,0.002919590448002373,0.16953597653600225,-1.4458019104773796e-05
0.23800000000000004,0.523,0.239,0.15463960052728812,-0.006802891213467826,0.012678477727922773,0.17222748180565772,-3.566765107970943e-05
0.23900000000000005,0.523,0.23799999999999988,0.15664855441354972,-0.007079441350212589,0.00890092182298713,0.17073568523935023,-5.360696113143975e-05
0.24000000000000005,0.523,0.237,0.15863018679361032,-0.007359859887949988,0.005163060898629615,0.16926086436519397,-3.89863135964969e-05
0.23700000000000004,0.524,0.23899999999999988,0.1523320707817365,-0.0065121004826134464,0.014985552286853568,0.17196671047876605,-4.830613085623819e-06
0.23800000000000004,0.524,0.238,0.1543654110013853,-0.006783921418069458,0.011184370923202928,0.17047028883443652,-4.412848379669362e-05
0.23900000000000005,0.524,0.23699999999999988,0.15637048060306585,-0.007059642959882492,0.007423801054988075,0.16899086389534138,-5.036346496971195e-05
0.24000000000000005,0.524,0.236,0.15834827502346652,-0.007339218129383063,0.003702823021170539,0.16752833206431333,-2.4429856114285915e-05
0.23700000000000004,0.525,0.23799999999999988,0.15206261811099248,-0.006493998850248497,0.013486817195630494,0.17020999997628475,-2.1006032883005463e-05
0.23800000000000004,0.525,0.237,0.15409204117937592,-0.006765008963520285,0.00970264340214093,0.16872596522564312,-4.8402145349379846e-05
0.23900000000000005,0.525,0.23599999999999988,0.1560932412779906,-0.00703990489283697,0.00595897704305202,0.16725884470857028,-4.313182659776768e-05
0.24000000000000005,0.525,0.235,0.15806721242589955,-0.007318639754601333,0.0022547996267870477,0.16580853508168286,-6.0801882881117555e-06
0.23700000000000004,0.526,0.23699999999999988,0.151793967407791,-0.006475951493600705,0.012000476571372857,0.16846615981104324,-3.289601717414761e-05
0.23800000000000004,0.526,0.236,0.15381948812448198,-0.006746153676116965,0.008233227932728066,0.1669944446945729,-4.859100291494775e-05
0.23900000000000005,0.526,0.23499999999999988,0.15581683342376634,-0.007020226961847607,0.004506382919312008,0.16553956170433154,-3.201187826455249e-05
0.23600000000000004,0.527,0.237,0.14947529575233434,-0.006192465747581091,0.014318250748712246,0.16821144053972686,-3.617987812575582e-06
0.23700000000000004,0.527,0.23599999999999988,0.15152611582574482,-0.006457958252403458,0.010526463127502954,0.16673512367640544,-4.060391789005726e-05
0.23800000000000004,0.527,0.235,0.15354774891312736,-0.006727355382700703,0.006776057591770636,0.16527566124468857,-4.4795862397167276e-05
0.23900000000000005,0.527,0.23399999999999987,0.15554125403959573,-0.007000608980317783,0.0030659521260014574,0.1638329491954009,-1.710191938923801e-05
0.23600000000000004,0.528,0.236,0.14921216231826936,-0.006175313992195186,0.01283963153830528,0.16648087473532486,-1.8946596629542203e-05
0.23700000000000004,0.528,0.23499999999999988,0.15125906053105312,-0.006440018966767159,0.009064709888705611,0.16501682555114072,-4.4231516098077784e-05
0.23800000000000004,0.528,0.23399999999999999,0.1532768206348638,-0.006708613910567068,0.005331065766511158,0.16356954916438182,-3.711598725510453e-05
0.23600000000000004,0.529,0.235,0.14894980768300614,-0.006158213255826927,0.011373287445972675,0.1647630478992725,-3.0097951911131496e-05
0.23700000000000004,0.529,0.23399999999999987,0.15099279870241686,-0.006422133477315612,0.0076151501883386956,0.16331119970242278,-4.38790406403181e-05
0.23800000000000004,0.529,0.23299999999999998,0.15300670039228353,-0.006689929087607171,0.0038981861525679796,0.1618760430299937,-2.5649116898784555e-05
0.23500000000000004,0.53,0.23499999999999988,0.14661896138034744,-0.005881935477553734,0.013702805378387849,0.1645143230715339,-2.1520983302302454e-06
0.23600000000000004,0.53,0.23399999999999999,0.14868822911321175,-0.00614116339156013,0.009919151754472359,0.1630578942743087,-3.7173249677537046e-05
0.23700000000000004,0.53,0.23299999999999987,0.15072732753097035,-0.00640430162500248,0.006177717670007353,0.1616181806823469,-3.9645186886489835e-05
0.23800000000000004,0.53,0.23199999999999998,0.15273738530094289,-0.0066713007421169606,0.002477352754682852,0.16019507770206448,-1.0491485133458035e-05
0.23500000000000004,0.531,0.23399999999999987,0.14636208444811305,-0.005865701044915633,0.012244084215841044,0.16280962785149597,-1.6758866309410294e-05
0.23600000000000004,0.531,0.23299999999999998,0.14842742388738359,-0.0061241642528958645,0.00847715805606503,0.16136534839133132,-4.027214286255539e-05
0.23700000000000004,0.531,0.23199999999999987,0.15046264422019837,-0.006386523251274807,0.0047523462850075325,0.15993770333050067,-3.162713504551756e-05
0.23500000000000004,0.532,0.23299999999999987,0.14610596360819847,-0.005849514524890796,0.010797519700015638,0.1611175413128014,-2.7293528090812166e-05
0.23600000000000004,0.532,0.23199999999999998,0.14816738929577977,-0.006107215693633699,0.007047240252021566,0.15968534506630871,-3.949275992395186e-05
0.23700000000000004,0.532,0.23099999999999987,0.1501987459858694,-0.006368798197947615,0.0033389702938833774,0.15826970277115054,-1.992056853286468e-05
0.23400000000000004,0.533,0.23299999999999998,0.14376184571122122,-0.00558035177317425,0.013139889145030828,0.1608747561972353,-4.491094568130475e-07
0.23500000000000004,0.533,0.23199999999999987,0.14585059623648094,-0.0058333757830538084,0.009363045683432188,0.15943799825028127,-3.385516229681429e-05
0.23600000000000004,0.533,0.23099999999999998,0.1479081226403481,-0.0060903175679474205,0.005629332551697776,0.15801781940251228,-3.493172311878036e-05
0.23700000000000004,0.533,0.22999999999999987,0.14993563005595364,-0.0063511263072828965,0.001937524263608233,0.15661411441527318,-4.619691948729079e-06
0.23400000000000004,0.534,0.23199999999999998,0.14351116573650152,-0.005565003006312812,0.01170084766222576,0.15919565981232567,-1.445765525221566e-05
0.23500000000000004,0.534,0.23099999999999987,0.145595979719952,-0.005817284685214107,0.007940596326867886,0.15777093374394247,-3.654133212874217e-05
0.23600000000000004,0.534,0.22999999999999998,0.1476496212346591,-0.006073469730310393,0.004223369472369271,0.15636270678777206,-2.6684166745541288e-05
0.23400000000000004,0.535,0.23099999999999998,0.14326121959134733,-0.005549699189426745,0.010273845243552761,0.15752904290529512,-2.449622036373002e-05
0.23500000000000004,0.535,0.22999999999999987,0.14534211145665593,-0.005801241097488817,0.006530106099466035,0.15611628316100806,-3.5448103585876927e-05
0.23600000000000004,0.535,0.22899999999999998,0.14739188240383735,-0.006056672035570395,0.002829285838521111,0.15471994289666727,-1.484375508865e-05
0.23400000000000004,0.536,0.22999999999999998,0.14301200475715967,-0.005534440199582367,0.008858816311487876,0.15587484082027356,-3.0661804873514676e-05
0.23500000000000004,0.536,0.22899999999999987,0.14508898885562435,-0.005785244886232891,0.005131509777329019,0.15447398215306232,-3.067006359883151e-05
0.23300000000000004,0.537,0.22999999999999987,0.14065812254424578,-0.0052730687031732875,0.011210663879387947,0.15563837873738556,-1.2050327764680571e-05
0.23400000000000004,0.537,0.22899999999999998,0.14276351872577506,-0.00551922591408733,0.00745569559588295,0.1542329891886807,-3.3049920661910886e-05
0.23500000000000004,0.537,0.22799999999999987,0.1448366093368156,-0.005769295918104595,0.0037447424435442986,0.15284396665826502,-2.230033790220303e-05
0.23300000000000004,0.538,0.22899999999999987,0.1404142952126138,-0.005258616929314284,0.009803005499266151,0.15399696314562292,-2.1712134528014147e-05
0.23400000000000004,0.538,0.22799999999999998,0.1425157589994087,-0.005504056210409868,0.006064418133705685,0.15260342392595874,-3.1754609495031845e-05
0.23500000000000004,0.538,0.22699999999999987,0.144584970331052,-0.005753394059979166,0.002369739487367539,0.15122617289850548,-1.0430608819323128e-05
0.23300000000000004,0.539,0.22799999999999987,0.1401711774566731,-0.005244207167998176,0.008407204492365964,0.1523678348037249,-2.7598037805375464e-05
0.23400000000000004,0.539,0.22699999999999998,0.1422687230905967,-0.005488930966284413,0.004684919268197309,0.15098608123415067,-2.6868460780016425e-05
0.23200000000000004,0.54,0.22799999999999998,0.13780159842065373,-0.004989752733399175,0.01077435233989071,0.15213720039445122,-9.535932203155349e-06
0.23300000000000004,0.54,0.22699999999999987,0.1399287668696065,-0.0052298393070972825,0.007023196158052894,0.15075092989137112,-2.9801536845709185e-05
0.23400000000000004,0.54,0.22599999999999998,0.14202240852214013,-0.005473850059581721,0.00331713464838126,0.14938089759873802,-1.8482629280318924e-05
0.23200000000000004,0.541,0.22699999999999998,0.13756383730079416,-0.004976123159324859,0.009385819292327872,0.1505207201386194,-1.893915812603317e-05
0.23300000000000004,0.541,0.22599999999999987,0.1396870610543343,-0.005215513234661968,0.005650916101139677,0.14914618487406026,-2.8414687416926403e-05
0.23400000000000004,0.541,0.22499999999999998,0.14177681282704868,-0.005458813368405639,0.0019610002284754166,0.1477878097904185,-6.686852556951282e-06
0.23200000000000004,0.542,0.22599999999999998,0.137326764425463,-0.0049625329139679555,0.008009028414281508,0.14891640063891962,-2.466060089884099e-05
0.23300000000000004,0.542,0.22499999999999987,0.1394460576234646,-0.005201228838926689,0.004290300232019613,0.14755353650202427,-2.3528119411445923e-05
0.23100000000000004,0.543,0.22599999999999987,0.1349401550549146,-0.004714915425478759,0.010392818998892606,0.1486915482327857,-6.904236115950563e-06
0.23200000000000004,0.543,0.22499999999999998,0.13709037748583322,-0.004948981895015766,0.006643915573981437,0.14732417862403685,-2.679178581429175e-05
0.23300000000000004,0.543,0.22399999999999987,0.1392057541992417,-0.005186986008194469,0.0029412847656222507,0.14597292180863522,-1.5231054247967748e-05
0.23100000000000004,0.544,0.22499999999999987,0.13470841089904678,-0.00470207898965426,0.00902319184866036,0.14709973965486906,-1.616601490995388e-05
0.23200000000000004,0.544,0.22399999999999998,0.13685467418220923,-0.004935470000325213,0.005290416944548989,0.14574399110827896,-2.542282106402508e-05
0.23300000000000004,0.544,0.22299999999999986,0.13896614841349494,-0.005172784630989836,0.0016038062208698866,0.14440427811221807,-3.6113220614721327e-06
0.23100000000000004,0.545,0.22399999999999987,0.13447733404300286,-0.004689279323800216,0.007665192583066013,0.14551996641611412,-2.183718664318806e-05
0.23200000000000004,0.545,0.22299999999999998,0.1366196522239802,-0.004921997127811994,0.003948469003092297,0.14417577538875193,-2.0642415088700062e-05
0.23000000000000004,0.546,0.22399999999999998,0.1320722619135947,-0.004448422816616319,0.010067066615296133,0.14530085342800853,-4.134641856297426e-06
0.23100000000000004,0.546,0.22299999999999986,0.1342469222727327,-0.004676516334747921,0.00631875763940961,0.14395216579480422,-2.4007341441337676e-05
0.23200000000000004,0.546,0.22199999999999998,0.13638530932957427,-0.004908563175512769,0.0026180085302282205,0.14261946904713793,-1.253789367453273e-05
0.23000000000000004,0.547,0.22299999999999998,0.131846488918574,-0.004436351205133007,0.00871612509959498,0.14373345517572148,-1.3371201560150438e-05
0.23100000000000004,0.547,0.22199999999999986,0.13401717338274052,-0.004663789929370164,0.004983823758499858,0.14239627535170002,-2.2764678412368682e-05
0.23200000000000004,0.547,0.22099999999999997,0.1361516432264129,-0.004895168041547896,0.0012989726093600078,0.14107500994713432,-1.1952169500336533e-06
0.23000000000000004,0.548,0.22199999999999998,0.13162136264761734,-0.004424313924720208,0.007376698112120619,0.14217796792225054,-1.910539777923658e-05
0.23100000000000004,0.548,0.22099999999999986,0.13378808517604288,-0.004651100014611952,0.0036603279838324267,0.14085223293199162,-1.8196022638474523e-05
0.22900000000000004,0.549,0.22199999999999986,0.1291962843180947,-0.004190146651203879,0.009798206628495152,0.14196455494345062,-1.1949560064439734e-06
0.23000000000000004,0.549,0.22099999999999997,0.13139688097837204,-0.004412310890599505,0.006048722658587982,0.14063432949222923,-2.142492439665261e-05
0.23100000000000004,0.549,0.21999999999999986,0.13355965546412918,-0.004638446497456488,0.002348207661565053,0.13931997666252596,-1.038684210364828e-05
0.22900000000000004,0.55,0.22099999999999986,0.12897644023447621,-0.004178812264761033,0.008465729541350227,0.14042130795703567,-1.0521780563293271e-05
0.23000000000000004,0.55,0.21999999999999997,0.13117304179649242,-0.004400342018047827,0.004732136047057943,0.13910247799443332,-2.0416109914735858e-05
0.22900000000000004,0.551,0.21999999999999986,0.12875722265067044,-0.004167509885249916,0.007144654563087103,0.1388898487013377,-1.6431563390785012e-05
0.23000000000000004,0.551,0.21899999999999997,0.1309498429956025,-0.004388407222301798,0.003426875887233747,0.13758235181887118,-1.616393428313688e-05
0.22900000000000004,0.552,0.21899999999999986,0.12853862953307543,-0.004156239435709443,0.0058349192676288965,0.13737011554870887,-1.9010141012871338e-05
0.23000000000000004,0.552,0.21799999999999997,0.13072728247725915,-0.004376506418693265,0.00213288008966436,0.13607388963891048,-8.75204546985521e-06
0.22800000000000004,0.553,0.21899999999999997,0.12609651592173676,-0.003929340323489286,0.008273237947406236,0.1371627471070898,-7.571997242579882e-06
0.22900000000000004,0.553,0.21799999999999986,0.12832065885557517,-0.0041450008391089865,0.004536461529480242,0.13586204715252945,-1.8342009939686025e-05
0.22800000000000004,0.554,0.21799999999999997,0.1258831687935322,-0.003918746037975451,0.006970293638443308,0.13565506013659254,-1.3769381896123296e-05
0.22900000000000004,0.554,0.21699999999999986,0.12810330859950902,-0.004133794018433305,0.003249219523964206,0.1343655824489437,-1.4510343165646414e-05
0.22800000000000004,0.555,0.21699999999999997,0.12567042632730654,-0.003908181475517255,0.005678578106388169,0.13415897761769646,-1.6716152041076053e-05
0.22900000000000004,0.555,0.21599999999999986,0.12788657675363627,-0.004122618896664348,0.001973131725282024,0.132880660654388,-7.597006537274742e-06
0.22700000000000004,0.556,0.21699999999999986,0.12320483325827439,-0.0036878192791289103,0.008140021308496696,0.13395722968999732,-4.461681031048961e-06
0.22800000000000004,0.556,0.21599999999999997,0.12545828658238,-0.003897646566258615,0.00439802979168144,0.13267443874948234,-1.64950107646253e-05
0.22700000000000004,0.557,0.21599999999999986,0.12299732217479867,-0.0036779069270892403,0.006854985097530828,0.13247306154899527,-1.1058352013508784e-05
0.22800000000000004,0.557,0.21499999999999997,0.12524674762503818,-0.0038871412402832887,0.003128587433900287,0.13120138301087728,-1.318736237429637e-05
0.22700000000000004,0.558,0.21499999999999986,0.12279039626298643,-0.0036680221961916297,0.005581067711131722,0.1310003772765822,-1.4482132727915289e-05
0.22800000000000004,0.558,0.21399999999999997,0.12503580752850255,-0.0038766654276934684,0.0018701900706826723,0.12973975016227862,-6.873328459068273e-06
0.22600000000000003,0.559,0.21499999999999997,0.12029935703100399,-0.003454138847310301,0.008067607461749466,0.13080422084904975,-1.1143815182302193e-06
0.22700000000000004,0.559,0.21399999999999986,0.1225840536649231,-0.003658165023145894,0.004318208155135258,0.12953911661421394,-1.481397151451848e-05
0.22600000000000003,0.56,0.21399999999999997,0.1200976515843886,-0.0034448828840767964,0.0068002553583189455,0.12934332032426535,-8.22194271736385e-06
0.22700000000000004,0.56,0.21299999999999986,0.12237829252919347,-0.0036483353446507484,0.0030663457323454597,0.1280892195842738,-1.2133542228491166e-05
0.22600000000000003,0.561,0.21299999999999997,0.11989651211554755,-0.003435652540797487,0.005543913089716249,0.12789378414910307,-1.2231476391887092e-05
0.22700000000000004,0.561,0.21199999999999986,0.12217311101085855,-0.0036385330973313116,0.0018254200425126751,0.1266506264884344,-6.5192601129259795e-06
0.22600000000000003,0.562,0.21199999999999997,0.11969593684677649,-0.003426447760289248,0.004298520225185181,0.1264555526073825,-1.32222147615419e-05
0.22500000000000003,0.5630000000000001,0.21199999999999986,0.11718195156210592,-0.0032195701353284205,0.00680780936479616,0.12626531206505817,-5.165440845034531e-06
0.22600000000000003,0.5630000000000001,0.21099999999999997,0.11949592400643212,-0.0034172684853173677,0.003064016630406355,0.12502856626280753,-1.1272139541272996e-05
0.22500000000000003,0.5640000000000001,0.21099999999999985,0.11698657262515871,-0.0032109693175362787,0.005568817556167258,0.1248386760600424,-9.869680879129563e-06
0.22600000000000003,0.5640000000000001,0.20999999999999996,0.11929647182890825,-0.003408114658536748,0.0018403424654983435,0.1236127659564811,-6.457997537850356e-06
0.22500000000000003,0.5650000000000001,0.20999999999999985,0.11679173905086897,-0.0032023921637210576,0.004340667694690804,0.12342322677263595,-1.162545143923365e-05
0.22400000000000003,0.5660000000000001,0.20999999999999996,0.11424781644779732,-0.0030018709466598775,0.006879556455043902,0.12323852077670625,-1.773398263349069e-06
0.22500000000000003,0.5660000000000001,0.20899999999999985,0.11659744914495043,-0.003193838622209533,0.0031233002072254554,0.12201890530526359,-1.0509080424169312e-05
0.22400000000000003,0.5670000000000001,0.20899999999999996,0.1140581765853289,-0.002993875344601283,0.005657688562250077,0.12183453921998678,-7.28184135010934e-06
0.22500000000000003,0.5670000000000001,0.20799999999999985,0.11640370121873947,-0.0031853086412661252,0.001916655813599605,0.12062565303872834,-6.595684131259778e-06
0.22400000000000003,0.5680000000000001,0.20799999999999996,0.11386906350642867,-0.0029859016002226207,0.004446556137638386,0.12044162752119408,-9.909318619227427e-06
0.22400000000000003,0.5690000000000001,0.20699999999999996,0.11368047559186426,-0.0029779496670269737,0.003246100167148136,0.11905972732202977,-9.730542471091315e-06
0.22300000000000003,0.5700000000000001,0.20699999999999985,0.11110869198963834,-0.0027842796377766416,0.005812668451378166,0.1188808684487816,-4.329650729215032e-06
0.22400000000000003,0.5700000000000001,0.20599999999999996,0.11349241122763558,-0.0029700194983963537,0.0020562619294295435,0.11768878053932764,-6.819036696752459e-06
0.22300000000000003,0.5710000000000001,0.20599999999999985,0.11092528294119243,-0.002776885605220434,0.004618325719009798,0.11751025185722987,-7.936433212171214e-06
0.22400000000000003,0.5710000000000001,0.20499999999999996,0.11330486880495673,-0.002962111047650766,0.0008769829936325897,0.11632872936667744,-1.2471513594338248e-06
0.22300000000000003,0.5720000000000001,0.20499999999999985,0.11074238079077596,-0.002769511671282101,0.0034345545055588615,0.11615053149604754,-8.800061104269709e-06
0.22200000000000003,0.5730000000000001,0.20499999999999996,0.1081352190331564,-0.002582097648443472,0.006036171347839931,0.11597716744817176,-8.477804276755283e-07
0.22300000000000003,0.5730000000000001,0.20399999999999985,0.11055998399688073,-0.002762157794101288,0.002261296646453834,0.11480164981848257,-6.992503684965088e-06
0.22200000000000003,0.5740000000000001,0.20399999999999996,0.1079575026372007,-0.0025752601207889017,0.004858388032112067,0.11462860564588939,-5.542836449129865e-06
0.22300000000000003,0.5740000000000001,0.20299999999999985,0.1103780910228426,-0.002754823931697365,0.0010984942657466922,0.11346354955146436,-2.584578836600514e-06
0.22200000000000003,0.5750000000000001,0.20299999999999996,0.10778027509180242,-0.002568441064467572,0.0036910722936656986,0.11329082585429698,-7.555036897848619e-06
0.22200000000000003,0.5760000000000001,0.20199999999999996,0.10760353492588062,-0.0025616404419526286,0.0025341665220862033,0.11196377105944974,-6.9548346579920625e-06
0.22100000000000003,0.577,0.20199999999999996,0.10496251578332025,-0.002380947793310011,0.005169470612258952,0.11179620394041583,-2.533664758927264e-06
0.22200000000000003,0.577,0.20100000000000007,0.10742728067285072,-0.002554858215621195,0.0013876133953789462,0.11064738452152019,-3.811553136943756e-06
0.22100000000000003,0.578,0.20099999999999996,0.104790957169495,-0.00237466095150234,0.004018378128319658,0.11048012759016872,-5.802482443298306e-06
0.22100000000000003,0.579,0.19999999999999996,0.10461986815531275,-0.002368391002349863,0.0028775932247445623,0.1091746635937225,-6.514902121873499e-06
0.22100000000000003,0.58,0.19899999999999995,0.10444924734232892,-0.0023621379122077866,0.0017470591306538528,0.10787975574094345,-4.738790556580149e-06
0.22000000000000003,0.581,0.19900000000000007,0.10177085969206094,-0.002188101481811038,0.004419566313980865,0.10771796345660295,-3.313795216104988e-06
0.22100000000000003,0.581,0.19799999999999995,0.10427909333625392,-0.0023559016473463576,0.0006267193605413604,0.10659534809381874,-5.40920593751324e-07
0.22000000000000003,0.582,0.19800000000000006,0.10160542231571823,-0.002182340051210563,0.003294667637851652,0.10643385629004787,-5.4465659215831365e-06
0.22000000000000003,0.583,0.19700000000000006,0.101440435603722,-0.0021765940209976004,0.002179918943815797,0.10516019419150315,-5.142590206103882e-06
0.22000000000000003,0.584,0.19600000000000006,0.10127589822777897,-0.002170863361100611,0.0010752642941169262,0.10389692175044125,-2.4672431320435536e-06
0.21900000000000003,0.585,0.19599999999999995,0.09855620380702083,-0.002003425635294526,0.003788916395719266,0.10374088802822742,-3.482298475058283e-06
0.21900000000000003,0.586,0.19499999999999995,0.09839685839136368,-0.0019981649830038088,0.0026897154730952107,0.10248824084332182,-4.758570722138475e-06
0.21900000000000003,0.587,0.19399999999999995,0.0982379449923815,-0.001992918321576685,0.001600509331295855,0.10124587379807135,-3.711101780677118e-06
0.21800000000000003,0.588,0.19400000000000006,0.09546770392042822,-0.0018315938340382708,0.004364384542601895,0.10109530827201219,-3.051885324394953e-07
0.21900000000000003,0.588,0.19299999999999995,0.09807946234960961,-0.0019876856242019877,0.0005212428592446127,0.1000137322752322,-4.028676069857888e-07
0.21800000000000003,0.589,0.19300000000000006,0.09531401424414687,-0.0018267972417275564,0.0032804890654253693,0.09986344722662154,-3.2738130429175853e-06
0.21800000000000003,0.59,0.19200000000000006,0.09516073939356422,-0.001822013333832203,0.002206490132615107,0.0986417578304315,-3.963528412565715e-06
0.21800000000000003,0.591,0.19100000000000006,0.09500787817061991,-0.0018172420866074583,0.001142333174968778,0.09743018598716484,-2.4360085318300853e-06
0.21700000000000003,0.592,0.19099999999999995,0.09218678337273582,-0.0016624459363985948,0.003956901435413889,0.09728537613144696,-3.168907289527254e-07
0.21700000000000003,0.593,0.18999999999999995,0.09203916972962495,-0.0016581038673816847,0.0028978628806435604,0.09608413867451386,-2.858056833031942e-06
0.21700000000000003,0.594,0.18899999999999995,0.09189195268752166,-0.0016537732260390587,0.0018485696435956386,0.09489291182160414,-3.2227042077550674e-06
0.21700000000000003,0.595,0.18799999999999994,0.091745131112288,-0.0016494539913373925,0.0008089679708733427,0.09371164226046916,-1.4702556977638338e-06
0.21600000000000003,0.597,0.18700000000000006,0.08872583392093496,-0.0014972443301474007,0.0026453540167347073,0.09240148870228632,-2.332527139483664e-06
0.21600000000000003,0.598,0.18600000000000005,0.08858467151066347,-0.0014933439900819004,0.0016202686507516219,0.091240236029906,-2.6264508918124037e-06
0.21600000000000003,0.599,0.18500000000000005,0.08844388660254109,-0.0014894538758913702,0.000604726833518128,0.0900887826971315,-8.971677421575758e-07
0.21500000000000002,0.601,0.18399999999999994,0.08536729090432106,-0.0013441295775527965,0.002528180299056855,0.08881405319336654,-1.7126373922083765e-06
0.21500000000000002,0.602,0.18299999999999994,0.08523219070556771,-0.0013406370413835934,0.0015268022184851998,0.08768229315263125,-2.1845484347648997e-06
0.21500000000000002,0.603,0.18199999999999994,0.08509745020561676,-0.0013371536209086403,0.0005348220687852782,0.08656017679141012,-7.209879984856504e-07
0.21400000000000002,0.605,0.18100000000000005,0.08195572999343555,-0.001198683828666075,0.002552675856414386,0.08532041867696066,-9.182751385990145e-07
0.21400000000000002,0.606,0.18000000000000005,0.0818267118263033,-0.0011955770203476031,0.001574500184397667,0.08421767646053085,-1.8130330738687528e-06
0.21400000000000002,0.607,0.17900000000000005,0.0816980356780906,-0.0011924782856919222,0.0006055792274777325,0.08312442453736513,-8.539751382706533e-07
0.21300000000000002,0.61,0.17699999999999994,0.07835905716033927,-0.0010581032781477177,0.0017710924898838704,0.08084501121396491,-1.3160275210579345e-06
0.21300000000000002,0.611,0.17599999999999993,0.07823647939908872,-0.0010553675911573102,0.0008247220378767812,0.07978015784074792,-1.0985965107100836e-06
0.21200000000000002,0.614,0.17400000000000004,0.07481828167940144,-0.0009281718262700828,0.002126096425635564,0.07756295652467503,-3.6029120255622433e-07
0.21200000000000002,0.615,0.17300000000000004,0.07470185287530531,-0.0009257778654108462,0.0012017591118250288,0.07652604237501923,-1.1225806102671421e-06
0.21200000000000002,0.616,0.17200000000000004,0.07458573008902142,-0.0009233900792971172,0.0002863477997420758,0.0754982692621209,-2.249151276004734e-07
0.21100000000000002,0.619,0.16999999999999993,0.07108092509504549,-0.0008036846239354771,0.001748520575599612,0.0733607800490342,-4.232977937500305e-07
0.21100000000000002,0.62,0.16899999999999993,0.07097100405173552,-0.0008016166518714005,0.000854477963766027,0.07236034737259937,-8.095801944190655e-07
0.21000000000000002,0.624,0.16600000000000004,0.06725377202443963,-0.0006873170730764163,0.0016067053056777736,0.06930957580953868,-1.9093474915160354e-07
0.21000000000000002,0.625,0.16500000000000004,0.06715041714919738,-0.0006855526339369192,0.0007420987793312717,0.06834484313612996,-6.083376529878445e-07
0.20900000000000002,0.63,0.16099999999999992,0.06321992039276159,-0.0005775471291776795,0.0008816143985305424,0.06447653209407618,-4.57622491771326e-07
0.20800000000000002,0.636,0.15600000000000003,0.0590639045977595,-0.00047637548237487455,0.0004956791178601657,0.05986527880174308,-3.023169006848375e-07
0.20700000000000002,0.642,0.1509999999999999,0.054751815867235855,-0.0003837741538137041,0.0004768877451326684,0.05547020354047331,-2.1598791435013962e-07
0.20600000000000002,0.649,0.14500000000000002,0.05016213152818674,-0.000299010217864402,0.00014145506321564335,0.050488318661527525,-6.278799112345233e-08
0.20500000000000002,0.656,0.1389999999999999,0.045318227849041166,-0.000223342454737258,0.00034619125267149823,0.04579770477347858,-7.937869565291239e-08
0.202,0.687,0.11099999999999999,0.02739916129554203,-5.216860598754173e-05,0.00014089698909777626,0.027565681843229103,-1.672505234288776e-09
